Name,Rating Score,Total Review,Seller Name,Location,Price (IDR)
"Official Redmi A3 | Layar Muluz 90 Hz berukuran 6.71"" kapasitas baterai 5000 mAH",4.936567164179104,1072,Xiaomi,Kota Depok,1199000
"Infinix Note 40 8/256GB - Up to 16GB Extended RAM - Helio G99 - 6.78"" FHD+ Amoled 120HZ- 45 Watt Fast Charge - NFC",4.938307873090482,1702,Infinix,Kota Depok,2729000
Infinix Note 40 Pro 5G 8/256GB - Up to 16GB Extended RAM - Dimensity 7020 - 6.78” FHD+ 3D Curved Amoled - 108MP OIS - 45W Charger - NFC,4.931506849315069,73,Infinix,Kota Depok,3579000
[PROMO] VIVO Y15S RAM 3GB / ROM 64GB - FULLSET TERMURAH -  BISA BAYAR DITEMPAT,5.0,23,Mentari Cell,Kab. Madiun,999000
Samsung Galaxy A05 4/64 4/128,,,Ady Phone Store,Kab. Kebumen,1479000
Xiaomi Redmi A3,4.987179487179487,78,jikalaku,Kota Jakarta Pusat,1171000
Promo trade in hp i14 Pro Max 5G Android12 7.5 inch RAM16GB/1TB Cuci Gudang Handphone Promo Android HD Screen Mobile Phone Original Resmi Siswa Belajar Ponsel dual card dual standby gaming phone Baruasli promo Asli resmi hp terbaru 2024,5.0,16,baby shoping13,Kota Jakarta Utara,989000
SMARTPHONE A3S RAM 6/128GB FULLSET BISA COD,4.888888888888889,468,StarPonsel.id,Kota Jakarta Utara,531000
HP A77S 8/128GB SECOND LIKE A NEW BERGARANSI 12 BULAN  DISTRIBUTOR TERPERCAYA,4.909090909090909,11,Spark Phonestore,Kota Jakarta Barat,856000
VOVE Hp Murah Phone 15 Pro Max 2024 Handphone Gaming Terbaru 2023 Asli 6.74 Inci 16gb Ram+512gb Rom Hd Kamera Dual Sim Dual 5g Wifi 5000 Mah Baterai Smartphone Siswa Belajar Ponsel Standby Bisa Cod,4.87,100,VOVE,Kota Jakarta Utara,1315750
HP A3S 4/128gb 6/128GB SECOND HAND  LIKE A NEW TERJAMIN TERPERCAYA DAN AMAN,4.778420545183627,11409,Wish PhoneStore,Kota Jakarta Barat,531000
VIVO Y17 SMARTPHONE RAM 6/128GB 8/256GB FULLSET,4.81172339276067,3702,OneWayCell,Kota Jakarta Barat,717000
Official POCO C65 | RAM hingga 16 GB* Prosesor kencang Helio G85 90Hz refresh rate tinggi 50 MP AI Triple kamera,4.939354465190331,6909,Xiaomi,Kota Depok,1319000
SMARTPHONE A17 RAM 6/128GB FULLSET BISA COD,4.737704918032787,61,StarPonsel.id,Kota Jakarta Utara,816000
HP Y17 6/128GB SECOND HAND TERJAMIN BERGARANSI 12 BULAN TERPERCAYA DAN  DIJAMIN AMANAH,4.749368686868687,1584,Wish PhoneStore,Kota Jakarta Barat,717000
Hp Vivo Y66 RAM 4GB+64GB handphone,4.771929824561403,57,angellazadashop,Kota Jakarta Utara,385000
CHIC Mension Smartphones Y17 8+256GB Murah handphone Android SECONDHAND FULLSET Garansi Toko,4.873873873873874,111,CHIC Mension Electronics,Kota Jakarta Barat,739000
SMARTPHONE F5 RAM 4/64GB FULLSET GARANSI 1 TAHUN,4.956521739130435,23,Best Phone,Kota Jakarta Barat,509000
Poco C65  NFC 6/128GB || 8/256GB Garansi Resmi No Repack,5.0,3,TND SHOP,Kab. Bogor,1420000
OPPO A54S RAM 6/128GB FULLSET,4.771279675738274,1727,OneWayCell,Kota Jakarta Barat,787000
OPPO A3S RAM 6/128 GB,4.62751677852349,298,berkah amanah shops,Kota Bandung,599000
Vivo Y18 Y03 6/128GB RAM 6GB+6GB Extended ROM 128GB Mediatek Helio G85 50MP Camera Garansi Resmi,4.94738213076322,3839,XCI,Kota Jakarta Utara,1256310
OPPO A3S RAM 6/128 GB,4.691127418278852,1499,berkah amanah shops,Kota Bandung,599000
Itel A70 4/64 4/128,5.0,1,Ady Phone Store,Kab. Kebumen,1049000
HP A57S 8/256GB  SECONDHAND  99% LIKE A NEW TERJAMIN BERGARANSI DISTRIBUTOR  TERPERCAYA,4.96875,32,Spark Phonestore,Kota Jakarta Barat,829000
TELEPON SELULER A15S 6/128GB SECOND HAND LIKE A NEW TERJAMIN BERGARANSI DISTRIBUTOR TERJAMIN,4.7175,400,Wish PhoneStore,Kota Jakarta Barat,708000
OPPO A37 RAM 3/32 GB,4.5964912280701755,456,berkah amanah shops,Kota Bandung,379000
hp murah Phone i15 pro max 5G 7.5Inci Ponsel Jaminan Kualitas RAM 16GB ROM 512GB Dual Card SIM Smartphone Android Ponsel baru original Handphone murah promo cuci gudang hp murah hp murah promo cuci gudang Phone i14 pro max/Phone i13 pro max,4.585585585585585,222,Yinjieindonesia,Kota Jakarta Utara,1374204
"Hp infinix hot 40i NFC 16+256 GB unisog T606, kamera 50 mp (imei terdaftar) garansi resmi ✓",4.941970802919708,2740,Gudang phoncell,Kab. Bogor,1195000
"infinix smart 8 Ram 8+128 GB  batrai 5000 mah, layar 6,6 inci garansi resmi 100%",4.928571428571429,798,Gudang phoncell,Kab. Bogor,1185000
HP A15S 6/128GB SECOND HAND LIKE A NEW TERJAMIN BERGARANSI DISTRIBUTOR TERJAMIN,5.0,7,Spark Phonestore,Kota Jakarta Barat,700000
HP A31 6/128G BSECONDHAND  LIKE A NEW TERJAMIN BERGARANSI 12 BULAN DISTRIBUTOR  TERPERCAYA,5.0,3,Spark Phonestore,Kota Jakarta Barat,649000
infinix hot 40 Pro NFC Ram 16+1256 GB helio G99  gaming garansi resmi 1 tahun & imei sudah terdaftar,4.93956043956044,182,JIU_PHONCELL,Kab. Bogor,1285000
Vivo Y17s 6/128 || 50MP || 5000mAh || Garansi Resmi No Repack,5.0,2,TND SHOP,Kab. Bogor,1319000
Xiaomi redmi 4A 4X,4.708433734939759,416,pugar cell ,Kota Jakarta Barat,425000
【Produk Baru HP】 hp murah Phone i14 Pro Max 7.5Inci Produk asli Phone 5G WiFi Ponsel Baru Jaminan Kualitas RAM 16GB ROM 512GB Original Siswa Belajar Ponsel Dual Card Dual Standby Hand Telepon Pintar Murah Dual Card SIM Smartphone Android Ponsel Baru,4.480916030534351,131,Smart Phone Sale,Kota Jakarta Utara,1040000
2024 Galaxy S23 Ultra 5G 12/256 12/512 GB 12/1TB RAM 12 ROM 256 512 HP Original SEIN Smartphone,4.6947368421052635,95,Yinjieindonesia,Kota Jakarta Utara,1120275
【Beli 1 Gratis 6】hp murah Y17s 5G Handphone Asli 7.5Inci 16GB RAM+512GB ROM HD Kamera Dual SIM Dual 5G WiFi Smartphone Siswa Belajar Ponsel dual card dual standby gaming phone hp murah,4.685714285714286,35,Top 1 smart phone,Kota Bekasi,739350
Samsung GT E1272 Terlaris Paling Murah,4.60828025477707,314,Mentari Cell,Kab. Madiun,172900
Infinix Hot 40 pro NFC Gaming 16+256GB   Helio G99 (imei terdaftar) garansi 1 tahun resmi infinix,4.919540229885057,348,Leon_cell99,Kab. Bogor,1285000
Samsung A05 6+128 GB Gaming processor helio G85 Ram 6+128 GB  GRATIS TRAVEL ADAPTOR garansi resmi 1 tahun original 100 %,4.888888888888889,81,JIU_PHONCELL,Kab. Bogor,1395000
HP VIVO Y66 4/64GB SECONDHAND LIKE A NEW TERJAMIN BERGARANSI TOKO 12 BULAN TERPERCAYA,4.7011070110701105,271,Spark Phonestore,Kota Jakarta Barat,385000
HP A77S 8/128GB SECONDHAND LIKE A NEW BERGARANSI DISTRIBUTOR TERPERCAYA,,,Wish PhoneStore,Kota Jakarta Barat,856000
OPPO RENO 8 5G 12/256 NEW GARANSI RESMI,,,J3 SHOP,Kota Medan,3999000
HP Murah-REALME RAM 6/128 C53 NFC/8I/C31/C35/C33/C30,5.0,5,BERKAT COMPUTER,Kota Jakarta Barat,900000
hp terbaru 2024 hp murah Reno10 Pro 16GB RAM+512GB ROM Handphone 6800mAh 7.5inch Kamera definisi tinggi 32MP+58MP Dual Card SlM Garansi resmi Ponsel PintarBaru cuci gudang termurah Bisa COD studisiswa gaming phone hp reno9 /reno8/reno6 bisa cod,4.168674698795181,83,baby shoping13,Kota Jakarta Utara,1049999
SMARTPHONE A3S RAM 6/128GB FULLSET GARANSI 1 TAHUN,4.871134020618556,194,Best Phone,Kota Jakarta Barat,547000
infinix hot 40 pro  ram 16+256 GB (gaming boster)  garansi resmi 1 tahun,4.915094339622642,106,Leon_cell99,Kab. Bogor,1295000
OPPO A3S RAM 6/128 GB,4.853982300884955,452,Pelapak Murah,Kota Bandung,599000
SMARTPHONE A31  RAM 6/128GB  FULLSET,4.834301027244305,2239,OneWayCell,Kota Jakarta Barat,677000
【Beli 1 Gratis 6】hp murah Galaxy S21 Ultra+ 5G Handphone Asli 7.5Inci 12GB RAM+512GB ROM HD Kamera Dual SIM Dual 5G WiFi Smartphone Siswa Belajar Ponsel dual card dual standby gaming phone hp murah,4.0,12,Top 1 smart phone,Kota Bekasi,739350
VIVO Y03 4/64 & 4/128 NEW GRS RESMI VIVO,4.95,173,J3 SHOP,Kota Medan,1219000
SMARTPHONE VIVO Y19 RAM 8/256GB FULL SET FAST CHARGING - BISA COD,4.8936170212765955,47,StarPonsel.id,Kota Jakarta Utara,724000
"Infinix Smart 8 4/64 – Up to 8 GB Extended RAM - 90Hz - 6.6""HD+ Punch Hole Display  - 5000mAh",4.924798239178283,2726,Infinix,Kota Depok,1099000
VIVO Y66 4/64GB Y67 6/128GB,4.683604985618408,1043,Light Sun Store,Kota Jakarta Barat,388000
SMARTPHONE A31 RAM 6/128GB Dual Camera FULLSET - BISA COD,4.787769784172662,278,StarPonsel.id,Kota Jakarta Utara,649000
REDMI 5A RAM 3/32GB GARANSI 1 TAHUN,4.421686746987952,83,Light Sun Store,Kota Jakarta Barat,369000
VIVO Y20S RAM 6/128GB 8/256GB FULLSET,4.788659793814433,194,OneWayCell,Kota Jakarta Barat,847000
Vivo Y17 Ram 8/256GB Bergaransi 1 Tahun,4.679245283018868,50,My Phone Shop,Kota Jakarta Pusat,730000
Samsung Galaxy A05 4/64 4/128 6/128 RAM 4 6 ROM 64 128 GB 4GB 6GB 128GB Smartphone Android HP Handphone,4.90625,288,Original Link,Kota Jakarta Utara,1239000
SMARTPHONE  Y17 SMARTPHONE RAM 6/128GB FULLSET GARANSI 1 TAHUN,4.7894736842105265,76,Best Phone,Kota Jakarta Barat,717000
OPPO A5S RAM 8/256 GB,4.7894736842105265,19,Pelapak Murah,Kota Bandung,639000
VIVO V15 RAM 8/256GB FULLSET BERGARANSI,4.770348837209302,344,OneWayCell,Kota Jakarta Barat,869000
INFINIX HOT 40 PRO NFC 8//256 & HOT 40i 8/256 NEW GARANSI RESMI,4.861058601134215,1058,J3 SHOP,Kota Medan,1699000
Realme Note 50 3/64GB 4/64GB & 4/128GB - Garansi Resmi 1 Tahun,4.8449197860962565,187,Bintang Timur Selindo,Kota Jakarta Barat,1185000
SMARTPHONE 12 RAM 8/256GB GARANSI 1 THN BISA COD,4.879310344827586,58,StarPonsel.id,Kota Jakarta Utara,1369000
OPPO A31 RAM 8/256 GB,4.626865671641791,134,berkah amanah shops,Kota Bandung,779000
Hp Oppo Reno 2Z Ram 8/256 GB  handphone Jaringan 4g smartphone,4.696808510638298,188,angellazadashop,Kota Jakarta Utara,1190000
Samsung Galaxy A05s 6/128 RAM 6 ROM 128 GB 6GB 128GB Smartphone Android HP Handphone,4.8979591836734695,98,Original Link,Kota Jakarta Utara,1909000
VIVO Y03 Y28 6/128GB 50MP Camera Helio G85 5000mAh Battery HP VIVO Y28 Terbaru 2024 Garansi Resmi,4.917635658914729,1032,1stLine,Kota Jakarta Utara,1256310
【HP BARU】【BISA COD】VIVO HP  & (  Y16 |  V23  5G |  Y56 5G  ) ORIGINAL RAM 8/256GB | 5000mAh | 6.58inches Terbaru   COD,4.882352941176471,34,success9913,Kota Jakarta Barat,1788000
MAXTRON P12 BOMBA - HP OUTDOOR - LAYAR 2.4 INCH - BIG BATTERY - CAMERA- MP3 - RADIO - BISA POWERBANK - GARANSI RESMI,4.8686868686868685,792,mobileshop88,Kab. Bogor,335000
OPPO A37 RAM 3/32 GB,4.431578947368421,95,berkah amanah shops,Kota Bandung,379000
Sharp Aquos V6 Plus 4/64 NFC Free Earphone Antigores,4.953271028037383,107,vinzflashsale,Kota Jakarta Utara,974000
SMARTPHONE A31 RAM 6/128GB FULLSET GARANSI 1 TAHUN,4.875,8,Best Phone,Kota Jakarta Barat,677000
OPPO F1S RAM 4/64 GB,4.674089068825911,494,penjual laku aja,Kota Bandung,449000
Samsung Galaxy A05 4/64 4/128 6/128 RAM 4 6 ROM 64 128 GB 4GB 6GB 128GB Smartphone Android HP Handphone,4.873983739837398,492,GalleryGadget Store,Kota Jakarta Pusat,1229000
OPPO F9 RAM 8/256 GB,4.526984126984127,630,penjual laku aja,Kota Bandung,709000
OPPO F5 RAM 6 GB INTERNAL 128 GB,4.717592592592593,216,Pelapak Murah,Kota Bandung,539000
Vivo Y17s/Y28/Y18 8/256GB 8/128GB 6/128GB Baterai 6000mAh Gratis Ongkir Garansi Resmi 100% Original,4.958107059736229,2578,CC  Shop,Kota Jakarta Utara,1253547.9
Vivo y12s Rasa Baru Ram 3/32 Masih mulus ori garansi resmi Indonesia,4.770833333333333,96,CANTIKA AMANAH CELULLER,Kab. Bogor,1285000
oppo a18 4/128GB garansi resmi fresh,,,belian store BRG,Kota Malang,1450000
HP A3S 4/64gb 4/128gb 6/128gb SECONDHAND  GARANSI TOKO 12 BULAN,4.771052631578947,380,Spark Phonestore,Kota Jakarta Barat,531000
OPPO A15S RAM 8/256 GB,4.571428571428571,7,penjual laku aja,Kota Bandung,759000
OPPO F1S RAM 4/64 GB,4.6727078891258,1876,Pelapak Murah,Kota Bandung,449000
INFINIX HOT 40 Pro NFC Ram 16+256  GB (xbost Gaming)  garansi resmi 1 tahun,4.918238993710692,318,Gudang phoncell,Kab. Bogor,1195000
VIVO Y19 RAM 8/256 GB,4.707692307692308,65,berkah amanah shops,Kota Bandung,799000
SMARTPHONE 12 RAM 8/256GB GARANSI 1THN,5.0,18,Sun Phonestore,Kota Jakarta Utara,1375000
Handphone 5G HP Vivo Y72  RAM 12/256 6.58 inch 48MP Smartphone Android Bagus Cuci Gudang 2023,4.690476190476191,42,angellazadashop,Kota Jakarta Utara,1220000
OPPO A15S RAM 8/256 GB,5.0,5,berkah amanah shops,Kota Bandung,759000
Galaxy A14 Smartphone Ram 6/128 GB Garansi 12 bulan Bayar  Di Tempat,4.628571428571429,140,Sun Phonestore,Kota Jakarta Utara,1249000
SMARTPHONE A3S RAM 6/128GB FULLSET,4.852760736196319,163,OneWayCell,Kota Jakarta Barat,537000
SMARTPHONE A77S RAM 8/128GB FULL SET FAST CHARGING - BISA COD,4.835820895522388,67,StarPonsel.id,Kota Jakarta Utara,856000
Realme Note 50 4/128 GB 4/64  3/64 GB Garansi Resmi,4.910979228486647,337,Distributor Ponsel,Kota Jakarta Pusat,1207000
Infinix Smart 8,4.970588235294118,102,jikalaku,Kota Jakarta Pusat,1073000
VIVO Y55 2/16 3/32 GARANSI 1 TAHUN segel,4.728915662650603,166,Light Sun Store,Kota Jakarta Barat,357000
Nokia 105 Simba Dual SIM 2022 Edition - Garansi resmi TAM,4.984585741811175,519,Gundala store,Kota Jakarta Pusat,236000
"[NEW PRODUCT] ZTE Blade A54 6.6"" RAM 4 + 8GB ROM 128GB 5.000 mAh Garansi Resmi",4.9523809523809526,105,ZTE Mobile Indonesia,Kota Jakarta Utara,1169000
Vivo Y28 8/128GB RAM 8GB+8GB Extended ROM 256GB 44W FlashCharge Vivo Terbaru 2024 Garansi Resmi,4.928422515635858,2878,DST HP,Kota Jakarta Utara,1569000
XIAOMI REDMI NOTE 2 2/32GB GARANSI 1 TAHUN,4.67524115755627,311,My Phone Shop,Kota Jakarta Pusat,368000
TELEPON SELULER Y33S 6/128GB SECOND LIKE A NEW BERGARANSI DISTRIBUTOR  TERPERCAYA DIJAMIN AMAN,4.7,30,Wish PhoneStore,Kota Jakarta Barat,925000
ViVO Y18 6/128GB RAM 6GB+6GB Extended NFC Helio G85 5000mAh Baterai 50MP AI Camera Garansi Resmi,4.960650577124869,1906,DST HP,Kota Jakarta Utara,1569000
VIVO Y17 RAM 8/256 GB,4.5675675675675675,74,penjual laku aja,Kota Bandung,749000
Itel P55 4G NFC 8/128GB & 8/256GB - Garansi Resmi 1 Tahun,4.974137931034483,116,Bintang Timur Selindo,Kota Jakarta Barat,1450000
TELEPON SELULER F11 6/128GB SECONDHAND  LIKE A NEW TERJAMIN BERGARANSI DISTRIBUTOR  TERPERCAYA,4.772397094430993,413,Wish PhoneStore,Kota Jakarta Barat,759000
【Beli 1 Gratis 6】hp murah GALAXY A04e 5G RAM 16GB+ROM 512GB 7.5Inci Handphone android galaxy A13 Garansi Resmi 1000 ribuan hp murah promo cuci gudang cod asli terbaru Indonesia siap Gratis ongkir 100% Original Handphone murah promo cuci gudang hp murah,4.680555555555555,72,Special promotion mobile phone shop,Kota Jakarta Utara,1049999
Infinix Smart 8 3/64 4/128 GB RAM 3 4 ROM 64 128 3GB 4GB 64GB 128GB HP Smartphone,4.98,50,SuperGadget,Kota Jakarta Pusat,1259000
Xiaomi Redmi 12 (8/128 - 8/256) Garansi Resmi Tam,5.0,8,initokobudi shop,Kota Jakarta Selatan,1955000
infinix smart 8 ram 8+128 GB 5000 mah garansi 1 tahun infinix (imei terdaftar dikementrian ) pengganti smart 7,4.918067226890757,476,JIU_PHONCELL,Kab. Bogor,1165000
"Hp realme note 50 Ram 8GB (4+4) Rom 128GB ,cam 13mp ,batrai 5000mah ,90hz ,garansi resmi ,imei terdaftar",4.9397590361445785,83,Riawan_shop88,Kab. Bogor,1335000
OPPO F1S RAM 4/64 GB,4.695652173913044,69,berkah amanah shops,Kota Bandung,449000
hp terbaru 2024 hp murah Reno11 Pro 16GB RAM+1TB ROM Handphone 6800mAh 7.5inch Kamera definisi tinggi 32MP+72MP Dual Card SIM Garansi resmi Ponsel Pintar Baru cuci gudang termurah Bisa COD studisiswa gaming phone hp reno10 /reno9/reno8 bisa cod,5.0,22,baby shoping13,Kota Jakarta Utara,1150000
Vivo Y17s Y18 6/128GB 4/128GB 4/64GB RAM 6GB+6GB NFC 50MP Main Camera 100% Original Garansi Resmi,4.9073724007561434,1058,CC  Shop,Kota Jakarta Utara,1269000
OPPO A37 RAM 3/32 GB,4.767441860465116,172,penjual laku aja,Kota Bandung,379000
hp cuci gudang 2023 Smartphone laris Hot 30S hp baru 7.5 inci 16+512GB ponsel permainan kartu sim ganda tanpa freeze 4G/5G/Wifi mendukung COD Hot 20/Hot 20s cp Dukungan Garansi 15 bulan,4.231404958677686,121,Yinjieindonesia,Kota Jakarta Utara,1045590
Oppo A60 8/128GB & 8/256GB - Garansi Resmi 1 Tahun,5.0,15,Bintang Timur Selindo,Kota Jakarta Barat,2363000
Redmi 13C 6/128GB & 8/256GB - Garansi Resmi 1 Tahun,4.901840490797546,163,Bintang Timur Selindo,Kota Jakarta Barat,1495000
[Free Charger Samsung] Samsung Galaxy A05 4/64GB,4.927720413026211,3777,Samsung,Kota Depok,1357500
"[Hot] itel S23 RAM 16GB (8GB+8GB) ROM 128GB/256GB 6,6 inches CPU Unisoc Tiger T606 GARANSI RESMI",4.903289636408608,4043,Itel Shop,Kab. Tangerang,1393000
SMARTPHONE V15 RAM 8/256GB FULLSET,5.0,6,Best Phone,Kota Jakarta Barat,879000
Xiaomi Redmi Note 5A Prime Ram 4/64Gb Garansi 1 Tahun,4.689655172413793,29,My Phone Shop,Kota Jakarta Pusat,570000
TECNO CAMON 20 PRO - RAM 8GB/ROM 256GB - 64MP MAIN CAMERA - MEDIATEK HELIO G99,,,Mentari Cell,Kab. Madiun,1999000
OPPO A60 RAM 8/256GB 8/128GB GARANSI RESMI,,,Sinar Cemerlang Jaya 88,Kota Palembang,2370000
HP VIVO Y17 6/128 SECOND LIKE A NEW BERGARANSI TOKO 12 BULAN  TERPERCAYA,4.7556109725685785,802,Spark Phonestore,Kota Jakarta Barat,715000
itel A70,4.9879518072289155,83,jikalaku,Kota Jakarta Pusat,990000
"[NEW ARRIVAL] ZTE Blade V50 Prime Desgin  6,6"" Display FHD RAM 8+10GB ROM 256GB 5.000 mAh Fast Charge Garansi Resmi",4.8933333333333335,75,ZTE Mobile Indonesia,Kota Jakarta Utara,1559000
[BEST SELLER] HP  VIVO  V23 5G VIVO RAM 8/256GB Glamour Design 64MP Camera ( Garansi 1 Tahun) COD LTE,4.7,10,3SHOP6,Kota Jakarta Barat,2099000
[NEW!] itel A70 ROM 64/128/256GB - 13MP Super HDR Camera - Big Screen with Dynamic Bar - 5000mAh Big Battery - Octa-Core Processor,4.9091637723751,3743,Itel Shop,Kab. Tangerang,1129000
Tecno Spark 20 NFC 8/256GB - Garansi Resmi 1 Tahun,4.916666666666667,12,Bintang Timur Selindo,Kota Jakarta Barat,1685000
CHIC Mension RENO2z RAM 8/256GB Murah handphone Android SECONDHAND FULLSET Garansi Toko,5.0,7,CHIC Mension Electronics,Kota Jakarta Barat,1099000
SMARTPHONE Y15S RAM,5.0,2,Best Phone,Kota Jakarta Barat,967000
SMARTPHONE A54 RAM 6/6128GB FULLSET BISA COD,4.95,40,StarPonsel.id,Kota Jakarta Utara,835000
Smartphone VIVO Y20s RAM 8/256GB Garansi 1tahun Full Set,4.7894736842105265,19,StarPonsel.id,Kota Jakarta Utara,847000
"Infinix Smart 8 Pro 4/256 – Up to 8 GB Extended RAM - 90Hz - 6.6""HD+ Punch Hole Display  - 5000mAh",4.938906752411576,311,Infinix,Kota Depok,1379000
Official Xiaomi Redmi 12 (8GB/128GB) | (8GB/256GB) MediaTek Helio G88 5000 mAh 18W 90Hz FHD+ 50MP Triple Kamera AI ,4.916683767699569,4873,Xiaomi,Kota Depok,1779000
VIVO Y19 8/256 SECONDHAND LIKE A NEW BERGARANSI DISTRIBUTOR TERPERCAYA,5.0,17,Spark Phonestore,Kota Jakarta Barat,724000
[New] Itel P55 NFC RAM 8 + 256GB - Layar 90Hz Punch Hole - UFS memory - 50 MP Kamera utama,4.906122448979592,245,Itel Shop,Kab. Tangerang,1332000
VIVO Y03 4/64 4/128 GB RAM 4 ROM 64 128 4GB 64GB 128GB HP Smartphone Android,4.954545454545454,22,Original Link,Kota Jakarta Utara,1375000
HP SMARTPHONE A16 RAM 6/128GB - FULLSET BISA COD,4.809523809523809,21,StarPonsel.id,Kota Jakarta Utara,769000
Vivo Y17S 4/64GB 4/128GB & 6/128GB - Garansi Resmi 1 Tahun,4.918918918918919,111,Bintang Timur Selindo,Kota Jakarta Barat,1450000
[PROMO] Handphone A3s 6/128GB - Garansi 1 Tahun - New/baru/Segel Bergaransi,4.892086330935252,139,BroO_CeLL,Kab. Bogor,589890
itel P55 4G NFC,4.920634920634921,63,jikalaku,Kota Jakarta Pusat,1420000
Itel P55 NFC RAM 8 + 128GB / 256GB - Layar 90Hz Punch Hole - UFS memory - 50 MP Kamera utama,4.931210191082802,785,Itel Shop,Kab. Tangerang,1489000
"itel A70 - Dual Camera 13MP, Battery 5000mAh - Garansi resmi",4.907608695652174,368,Gundala store,Kota Jakarta Pusat,1060000
"Infinix Itel A70 RAM 12GB+256GB ,Batarai 5000mah, Cam 13mp ganransi resmi 1tahun (imei terdaftar dikementrian)",4.777777777777778,27,Riawan_shop88,Kab. Bogor,1145000
Vivo Y03 4/64 & 4/128GB - Garansi Resmi 1 Tahun,4.7368421052631575,19,Bintang Timur Selindo,Kota Jakarta Barat,1215000
realme Note 50 4GB+4GB*|64GB / 4GB+4GB*|128GB (90Hz Vivid Display | Mini Capsule | Ultra Slim Body | 13 MP AI Camera | 5000mAh Battery),4.872093023255814,258,realme Authorized Store,Kota Tangerang,1277000
Hp Vivo Y28 Terbaru 2024 ori Helio G85 Prosesor 6000mAh Baterai 100% Original Garansi Resmi,4.887123745819398,1196,1stLine,Kota Jakarta Utara,2195000
Itel S23 8/128GB & 8/256GB - Garansi Resmi 1 Tahun,4.947368421052632,589,Bintang Timur Selindo,Kota Jakarta Barat,1240000
Infinix Hot 40 Pro 8/128 8/256 RAM 8 ROM 128 256 GB 8GB 128GB 256GB Smartphone Android HP Handphone,4.943548387096774,124,SuperGadget,Kota Jakarta Pusat,2099000
VIVO Y18/Y03 6/128 Helio G85 50MP Camera 5000mAh Battery HP VIVO Y18 4/64 Terbaru 2024 Garansi Resmi,4.940140845070423,284,1stLine,Kota Jakarta Utara,1259000
Hp infinix Hot 40i NFC 16+256 GB unisog T606 (imei terdaftar) GARANSI RESMI 1 TAHUN,4.939808481532148,1462,JIU_PHONCELL,Kab. Bogor,1165000
INFINIX HOT 40i NFC  ram 16+128 GB gaming prosesor GARANSI RESMI 1 TAHUN,4.855018587360595,269,Leon_cell99,Kab. Bogor,1285000
ZTE Blade A54 4/64GB & 4/128GB - Garansi Resmi 1 Tahun,5.0,8,Bintang Timur Selindo,Kota Jakarta Barat,985000
Vivo Y18 4/64GB 4/128GB 6/128GB RAM 4GB+4GB Extended ROM 64GB 5000mAh Y03 Garansi Resmi New 2024,4.946971201588878,5035,XCI,Kota Jakarta Utara,1256310
OPPO F1S RAM 4/64 GB,4.777777777777778,63,Pelapak Murah,Kota Bandung,449000
[Free Charger Samsung] Samsung Galaxy A05 4GB_128GB,4.944876783398184,1542,Samsung,Kota Depok,1550000
Xiaomi Redmi A3 4/128GB - Garansi Resmi 1 Tahun,4.974683544303797,79,Bintang Timur Selindo,Kota Jakarta Barat,1176000
SMARTPHONE A31 RAM 6/128GB Dual Camera FULLSET,5.0,2,StarPonsel.id,Kota Jakarta Utara,659000
infinix hot 40i NFC gaming ram 16+256 garansi resmi 1tahun (imei terdaftar),4.864485981308412,214,Leon_cell99,Kab. Bogor,1285000
Realme C53 NFC 6+128 GB garansi resmi realme 1 tahun (imei terdaftar),4.868055555555555,144,JIU_PHONCELL,Kab. Bogor,1335000
VIVO Y19 RAM 8/256GB FULLSET,4.818181818181818,176,OneWayCell,Kota Jakarta Barat,747000
REDMI 6A RAM 3/32GB GARANSI 1 TAHUN,4.882352941176471,34,Light Sun Store,Kota Jakarta Barat,549000
OPPO A37 RAM 3/32 GB,4.72093023255814,258,penjual laku aja,Kota Bandung,379000
Xiaomi Poco M5s 4/64Gb Garansi Resmi Tam,5.0,9,initokobudi shop,Kota Jakarta Selatan,1235000
OPPO F1S RAM 4 GB INTERNAL 64 GB,4.649867374005305,377,Pelapak Murah,Kota Bandung,449000
Infinix Smart 8 3/64 4/128 GB 4GB 64GB 128GB Handphone HP Murah Resmi,4.980769230769231,52,Original Link,Kota Jakarta Utara,1249000
[Hot] itel S23+ 256GB+16GB(8+8GB) Unisoc Tiger T616 5000 mAh 18W 6.78 inches- AMOLED CURVED - 32MP AI SELFIE - NFC,4.894586894586895,1053,Itel Shop,Kab. Tangerang,2222000
SMARTPHONE Y19 RAM 8/256GB FULL SET GARANSI 1 TAHUN,3.0,4,Best Phone,Kota Jakarta Barat,747000
"vivo Y17s (4/64) - 50MP Camera, 15W FlashCharge+5000mAH, Dynamic Design, IP54 Splash Waterproof",4.957478005865102,682,vivo,Kab. Tangerang,1299000
SMARTPHONE F1S RAM 4/64GB FULLSET GARANSI 1 TAHUN,4.333333333333333,6,Best Phone,Kota Jakarta Barat,417000
Xiaomi Redmi 13C 6/128GB 8/256GB Garansi Resmi,4.96875,64,Okeshop Official,Kota Jakarta Pusat,1499000
Evercoss Xtream 1 (S45) garansi resmi evercoss indonesia,4.770992366412214,131,EVERCOSS,Kota Jakarta Utara,229000
INFINIX SMART 8 RAM 3GB INTERNAL 64GB - NEW GARANSI RESMK,5.0,35,KOTAK KATIK,Kab. Purwakarta,1099000
Vivo Y03 4/128GB 4/64GB Garansi Resmi Original Handphone Vivo Terbaru Gratis Ongkir,4.952076677316294,313,CC  Shop,Kota Jakarta Utara,1253547
SMARTPHONE A77S RAM 8/128GB FULL SET FAST CHARGING - BISA COD,4.833333333333333,24,StarPonsel.id,Kota Jakarta Utara,869000
INFINIX HOT 40i (8GB+256GB) - GARANSI RESMI,4.943396226415095,159,Duniagadgetku,Kota Jakarta Barat,1649000
Evercoss Xtream 1 Plus ( U6 ) garansi resmi,4.758620689655173,145,EVERCOSS,Kota Jakarta Utara,329000
Itel A70 4/64GB 4/128GB & 4/256GB - Garansi Resmi 1 Tahun,4.987654320987654,162,Bintang Timur Selindo,Kota Jakarta Barat,1087000
Infinix Smart 8 pro Ram 8+128 GB  helio G36 (gaming anti lelet)  garansi 1 tahun,4.903954802259887,354,JIU_PHONCELL,Kab. Bogor,1175000
"infinix itel vision A70 ram 12 +256 GB triple Real camera, layar 6,6 inci GARANSI RESMI (imei terdaftar)",4.883795309168444,938,Gudang phoncell,Kab. Bogor,1155000
"Hp infinix smart 8 ram( 4+4)8GB+128GB, 13MP ,5000 MAH, Garansi resmi ,imei terdaftar ( penganti A31 )",4.925287356321839,522,Riawan_shop88,Kab. Bogor,1155000
Vivo Y03 4/64 RAM 4GB ROM 64GB 5000mAh Battery 6.56 Mediatek Helio G85 Processor Garansi Resmi,4.9344,625,DST HP,Kota Jakarta Utara,1256310
Infinix hot 40i NFC  ram 16+256 GB baterai 5000 mah garansi 1 tahun,4.967320261437909,153,JIU_PHONCELL,Kab. Bogor,1175000
OPPO A18 4/128GB Extended RAM 90Hz Sunlight Display 36 Month Fluency 5000mAh Garansi Resmi Bisa COD,4.935243553008596,1745,DST HP,Kota Jakarta Utara,1484010
OPPO A18 RAM 4GB ROM 128GB 4/64GB Garansi resmi Original Handphone,4.855555555555555,90,CC  Shop,Kota Jakarta Utara,1484010
realme Note 50 4GB+4GB*|128GB (90Hz Vivid Display | Mini Capsule | Ultra Slim Body | 13 MP AI Camera | 5000mAh Battery),4.91578947368421,760,realme,Kota Depok,1503000
Itel RS4 8/128GB & 12/256GB - Garansi Resmi 1 Tahun,4.892857142857143,28,Bintang Timur Selindo,Kota Jakarta Barat,1799000
realme Note 50 3GB+3GB*|64GB (90Hz Vivid Display | Mini Capsule | Ultra Slim Body | 13 MP AI Camera | 5000mAh Battery),4.925066904549509,1121,realme,Kota Depok,1249000
Vivo Y18 Y03 6/128GB IP54 Water Resistance 50MP AI Camera Hp Vivo Terbaru 2024 100% Original Garansi Resmi,4.9523809523809526,147,DST HP,Kota Jakarta Utara,1257198
"HP INFINIX SMART 8 RAM 8GB (4GB+4GB)/128GB  TERBARU, 13MP CAMERA, 5000 MAH GARANSI RESMI 1TAHUN ( imei terdaftar )",4.840796019900497,201,Riawan_shop88,Kab. Bogor,1165000
CHIC Mension Smartphones Y71 6+128GB 4G Murah handphone Android SECONDHAND FULLSET Garansi Toko,5.0,15,CHIC Mension Electronics,Kota Jakarta Barat,485000
"Hp infinix Hot 40 pro ( NFC ) Ram 8GB+8GB/256GB dual cam 108MP ,HELIO G99 GAMING ,120HZ ,33W FAST CHARGER,5000MAH, GARANSI RESMI ,IMEI TERDAFTAR",4.97457627118644,118,Riawan_shop88,Kab. Bogor,1155000
"infinix itel A70 Ram 12+256 GB 5000mah Fast Charging -tips C 6.6"" HD+ Waterdrop display garansi 1 tahun (imei terdaftar)",4.873096446700508,394,Leon_cell99,Kab. Bogor,1145000
[Free Samsung Charger] Samsung Galaxy-A05s 6GB_128GB,4.93366685195479,5397,Samsung,Kota Depok,1999000
"itel RS4 RAM 8+128GB /12+256gb - NFC - G99 Ultimate - 45W Power Charge - 120Hz 6.6"" - Dual Speaker",4.956989247311828,93,Itel Shop,Kab. Tangerang,2099000
realme Note 50 4GB+4GB*|64GB (90Hz Vivid Display | Mini Capsule | Ultra Slim Body | 13 MP AI Camera | 5000mAh Battery),4.933717579250721,347,realme,Kota Depok,1349000
SMARTPHONE A54S RAM 6/128GB FULLSET - BISA COD,5.0,3,StarPonsel.id,Kota Jakarta Utara,749000
Oppo A17 ram 8+64 GB (ram 4+4 GB) oppo original garansi resmi 1 tahun (exclusive),5.0,18,Gudang phoncell,Kab. Bogor,1295000
Hp Vivo Y28 6/128 8/256 Mediatek Helio G85 6000mAh Baterai 44W Flashcharge Garansi Resmi Bisa COD,4.847082494969819,497,DST HP,Kota Jakarta Utara,1269000
2023 hp promo Asli resmi hp Note11 pro 5G Android12 HP Murah 7.5 inch RAM16GB ROM512GB Cuci Gudang Handphone Promo Android HD Screen Mobile Phone Original Resmi Siswa Belajar Ponsel dual card dual standby gaming phone Baru asli note12 pro/note10 pro,4.338235294117647,68,Yinjieindonesia,Kota Jakarta Utara,946010
SMARTPHONE A15S RAM 6/128GB NEW FULLSET,4.744135297326786,1833,OneWayCell,Kota Jakarta Barat,707000
OPPO A37 RAM 3/32 GB,4.606442577030812,714,penjual laku aja,Kota Bandung,379000
TELEPON SELULER A57S 6/128GB  SECONDHAND  LIKE A NEW TERJAMIN BERGARANSI   TERPERCAYA,4.84,250,Wish PhoneStore,Kota Jakarta Barat,839000
Utour Smartphone Vivo Y20S Ram 8 / 256 GB Garansi 1 Tahun Bayar di Tempat,5.0,1,Utour Electronics,Kab. Tangerang,860000
VIVO Y20s Ram 8+256GB COD Garansi 12 Bulan,5.0,3,Sun Phonestore,Kota Jakarta Utara,860000
HP Reno 2Z Ram 8/256 GB  handphone  smartphone  HP Android  jaringan 4G garansi 1bulan,5.0,4,grosirr shop online,Kota Jakarta Utara,1190000
VIVO Y19 RAM 8/256GB GARANSI TOKO 1THN,5.0,3,Sun Phonestore,Kota Jakarta Utara,735000
SAMSUNG RESMI GALAXY XCOVER 4 BISA NFC [BISA COD],4.702702702702703,37,Mentari Cell,Kab. Madiun,449100
"infinix itel A70 Ram 12 +256 GB, layar 6,6 inci charger tipe C  ,GARANSI RESMI 1 TAHUN TERDAFTAR KEMENTRIAN",4.782771535580524,263,Riawan_shop88,Kab. Bogor,1145000
TELEPON SELULER Y19 8/256GB SECONDHAND LIKE A NEW BERGARANSI DISTRIBUTOR TERPERCAYA,4.8,50,Wish PhoneStore,Kota Jakarta Barat,724000
Realme Note 50 4Gb/128Gb Garansi Resmi Realme Indonesia,4.909090909090909,11,initokobudi shop,Kota Jakarta Selatan,1165000
Infinix Zero 30 4G 8/256 – Up to 16 GB Extended RAM - 120Hz  - 3D Curved  Amoled Screen – 50MP Front Vlog Camera - 45W Super Charge,4.911111111111111,1260,Infinix,Kota Depok,2799000
"vivo Y02t (4/64) - Dynamic Design, 5000mAh Battery, Dual-Mode Camera, 6.51"" HD+ Big Screen",4.9688888888888885,225,vivo,Kab. Tangerang,1249000
Vivo Y03 4/128GB RAM 4GB ROM 128GB 13MP Kamera 15W FlashCharge Garansi resmi 1 Tahun Bisa COD,4.947867298578199,211,1stLine,Kota Jakarta Utara,1256310
[New] itel P55 5G RAM 6+128GB - 5G Network - 50M Dual Clear Cam - 18W Fast Charging - 5000mAh Battery,4.941527446300716,838,Itel Shop,Kab. Tangerang,1729000
EVERCOSS M6A (3GB) - RAM 3GB / ROM 16GB,4.972972972972973,74,EVERCOSS,Kota Jakarta Utara,679000
SMARTPHONE 12C RAM 6/128GB & 4/128GB Dual Camera - BISA COD,5.0,12,StarPonsel.id,Kota Jakarta Utara,939000
"Official Xiaomi Redmi 13C | Tiga kamera AI 50 MP 16 GB RAM* Layar Dot Drop 6,74""",4.932671863926293,4233,Xiaomi,Kota Depok,1434000
SMARTPHONE 13C RAM  8/256GB// GARANSI 1 THN,4.958333333333333,24,Sun Phonestore,Kota Jakarta Utara,1245000
VIVO Y33S  8/256 GB  SECONDDHAND BERGARANSI 12 BULAN DAN TERPERCAYA,5.0,10,Spark Phonestore,Kota Jakarta Barat,925000
"EVERCOSS M60 2GB/16GB Dual SIM 4G 5.7"" IPS HD+ 8MP + AF + Flash Dual Camera Android 10 Go 3000 mAh",4.933333333333334,90,EVERCOSS,Kota Jakarta Utara,579000
Official Xiaomi Redmi Note 13 | Layar 120 Hz FHD+ AMOLED Tiga kamera 108 MP Prosesor Snapdragon® 685,4.9352112676056334,355,Xiaomi,Kota Depok,2299000
ViVO Y17s Y03 4/64GB 4/128GB 6/128GB 5000mAh Baterai Mediatek Helio G85 Garansi Resmi Gratis Ongkir,4.922413793103448,116,CC  Shop,Kota Jakarta Utara,1263670
SMARTPHONE  GALAXY A14 RAM 6/128GB GARANSI 1 TAHUN - FULLSETT,4.7894736842105265,19,StarPonsel.id,Kota Jakarta Utara,1249000
"itel S23 RAM 16GB (8GB+8GB) ROM 256GB  6,6 HD 90Hz 5000mAh GARANSI RESMI",4.936241610738255,298,Itel Shop,Kab. Tangerang,1360000
Vivo Y28 6/128B RAM 6GB ROM 128GB 6000mAh Baterai 44W FlashCharge Garansi resmi 1 Tahun Bisa COD,4.918653576437587,1426,1stLine,Kota Jakarta Utara,2169000
REALME C53 NFC Ram 6+128 GB kamera 50mp super charging 33w garansi 1tahun resmi (exclusive),4.96039603960396,101,Leon_cell99,Kab. Bogor,1325000
OPPO A18 4+4GB Extended RAM 128GB ROM 5000mAh Bateria Kelancaran 36 Bulan Garansi Resmi,4.816901408450704,70,CC  Shop,Kota Jakarta Utara,1477776.96
Samsung Galaxy-A15 LTE - 8/128GB,4.951176470588235,1700,Samsung,Kota Depok,2499000
VIVO Y72 5G RAM 12/256GB FULLSET,5.0,6,OneWayCell,Kota Jakarta Barat,1227000
"INFINIX ITEL A70 Ram 12+256 GB layar 6,6 inci charger tipe C GARANSI RESMI 1 TAHUN",4.81640625,256,JIU_PHONCELL,Kab. Bogor,1145000
INFINIX ITEL S23 Gaming  Ram 16+128 GB garansi resmi 1 tahun & imei terdaftar✓,4.8861671469740635,694,Gudang phoncell,Kab. Bogor,1155000
"Hp infinix Hot 40 pro { NFC }RAM 8+8/256GB ,Helio G99 gaming ,5000mah ,33w fast charger, 120HZ FHD+ ,Dual cam 108MP ,GARANSI RESMI ,IMEI TERDAFTAR",5.0,44,Riawan_shop88,Kab. Bogor,1165000
infinix Itel S23 plus Ram 16+256 GB NFC layar Amoled kamera 50mp Garansi Resmi,5.0,45,Leon_cell99,Kab. Bogor,1295000
Strawberry Sword Dual Sim bisa senter - Hp Slide Murah - hp murah - hp unik,4.32258064516129,31,nangkene_baen,Kota Surabaya,145000
Evercoss N2E - Dual Sim - Up To 16 GB - Wireless Radio / Fm Radio / hp murah / hp keren / Garansi Resmi,4.657894736842105,38,nangkene_baen,Kota Surabaya,249000
Aldo 007 Bond - Big Speaker - 4 Sim - 10.000mAh - Big Senter - Radio FM - Bluetooth - Hp unik / desain unik / hp murah / hp gunung,4.3076923076923075,13,nangkene_baen,Kota Surabaya,319000
"OPPO A77s 8/128GB [33W SuperVOOC, Qualcomm® Snapdragon™ 680, Fiberglass-Leather Design]",4.941721854304636,755,OPPO,Kota Tangerang,2490060
Samsung Galaxy A15 LTE - 8/256GB,4.9445438282647585,559,Samsung,Kota Depok,2809000
Samsung GT E1272 Terlaris Paling Murah,4.687713310580205,586,Mentari Cell,Kab. Madiun,172900
TELEPON SELULER V15 8/256GB SECONDHAND LIKE A NEW BERGARANSI DISTRIBUTOR TERPERCAYA,4.954545454545454,22,Wish PhoneStore,Kota Jakarta Barat,865000
VIVO Y17s Y18 Y03 4/64GB 4/128GB 6/128GB Baterai 5000mAh Garansi resmi original hp vivo,4.91374861776631,2713,CC  Shop,Kota Jakarta Utara,1253547.9
Utour Smartphone Ridmi 12 Ram 8 / 256 GB Garansi 1 Tahun Bayar di Tempat,5.0,5,Utour Electronics,Kab. Tangerang,1369000
"[NEW] iQOO Z9 5G Snapdragon 7 Gen 3, 6000 mAH, 144Hz AMOLED Display, Sony IMX 882",5.0,6,vivo,Kab. Tangerang,3999000
SMARTPHONE A77S  RAM8 INTERNAL 128GB GARANSI 1TAHUN/BISA COD,5.0,5,Sun Phonestore,Kota Jakarta Utara,869000
VIVO V15 8/256 SECONDHAND LIKE A NEW BERGARANSI DISTRIBUTOR  TERPERCAYA,5.0,2,Spark Phonestore,Kota Jakarta Barat,865000
ANDROID Hp Ti-Phone A508 Bisa WhatsApp - dual sim - Radio FM / Hp unik / hp murah / Smartphone / Android Murah,4.463768115942029,69,nangkene_baen,Kota Surabaya,249000
SMARTPHONE VIVO Y33S RAM 8/256GB FULLSET BISA COD,4.732142857142857,56,StarPonsel.id,Kota Jakarta Utara,925000
SMARTPHONE A31 RAM6 INTERNAL 128GB GARANSI 1TAHUN,5.0,3,Sun Phonestore,Kota Jakarta Utara,679000
VIVO Y33S 8/256GB Garansi 1 THN,5.0,4,Sun Phonestore,Kota Jakarta Utara,929000
"vivo Y27 (6/128) - 50MP Camera, 44W FlashCharge+5000mAH, Dynamic Design",4.938679245283019,212,vivo,Kab. Tangerang,1799000
"vivo Y35 (8/128) - RAM 8GB+8GB Extended, 44W FlashCharge+5000mAh, Splash Waterproof, 50MP Camera",4.9655172413793105,609,vivo,Kab. Tangerang,1949000
Official POCO X6 Pro 5G | Dimensity 8300-Ultra 120Hz FIow AMOLED 67W Turbo Charge,4.9559021242269425,3719,Xiaomi,Kota Depok,4779000
"Infinix Note 40 PRO 8/256GB - Up to 16GB Extended RAM - Helio G99 - 6.78"" FHD+ 3D Curved Amoled  - 70 Watt Fast Charge - NFC",4.919678714859438,249,Infinix,Kota Depok,3239000
"Infinix Hot 40 Pro 8/256 – Helio G99 - 120Hz - 6.78"" FHD+ Hypervision Gaming Pro Display  - 5000mAh  ",4.913808267370273,1137,Infinix,Kota Depok,2079000
Official POCO M6 Pro | 120Hz Flow AMOLED 64MP triple camera dengan OIS 67W turbo charging,4.9261806510774875,2181,Xiaomi,Kota Depok,2679000
itel Smartphone A70 64GB/128GB/256GB - 13MP Super HDR Camera - Big Screen with Dynamic Bar - 5000mAh Big Battery - Octa-Core Processor,4.926785714285714,560,Itel Shop,Kab. Tangerang,1129000
"vivo Y17s (6/128) - 50MP Camera, 15W FlashCharge+5000mAH, Dynamic Design, IP54 Splash Waterproof",4.962837837837838,296,vivo,Kab. Tangerang,1799000
"TECNO SPARK 20C NFC – 4/8GB+128GB, Stereo Dual Speaker, Dynamic Port 6,6” HD+ 90Hz Screen, 50MP+AI CAM, 5000mAh+18W Fast Charging, Android 13, Garansi 12+1 Bulan",4.932270916334661,251,TECNO,Kota Jakarta Utara,1494000
"Realme C51s 6/128, 50MP AI Camera 90Hz Display | Garansi Resmi",,,EVOGAD,Kota Jakarta Barat,1693000
"Official Xiaomi Redmi 10C (4/128GB) Snapdragon® 680 50MP AI Super Kamera Layar Dot Drop 6,71"" 5000mAh",4.97502116850127,2362,Xiaomi,Kota Depok,1499000
realme Note 50 4GB+4GB*|128GB (90Hz Vivid Display | Mini Capsule | Ultra Slim Body | 13 MP AI Camera | 5000mAh Battery),4.928571428571429,97,Fan Fan Shop,Kota Bekasi,1279000
Infinix Smart 8 GAMING Ram 8+128 GB layar 6.6 in HD+ - 5000mAh garansi 1 tahun (imei terdaftar),4.9714285714285715,140,Leon_cell99,Kab. Bogor,1165000
Samsung Galaxy M34 5G 8/128GB l SuperAMOLED+ Display l Camera 50MP OIS l Baterai awet 6000mAh l Galaxy M Series terbaru,4.904657933042213,2748,Samsung,Kota Depok,3199000
HP NOKIA 106 TERMURAH !!!,4.542056074766355,107,Mentari Cell,Kab. Madiun,135000
Samsung Galaxy A15 5G 8/256GB [BONUS ADAPTOR 25W] - Garansi resmi,5.0,24,Gundala store,Kota Jakarta Pusat,3100000
【Produk Baru HP】 hp murah Phone i14 Pro Max 7.5Inci Produk asli Phone 5G WiFi Ponsel Baru Jaminan Kualitas RAM 16GB+512GB Original Siswa Belajar Ponsel Dual Card Dual Standby Hand Phone Telepon Pintar Murah Dual Card SIM Smartphone Android Ponsel Baru,4.358620689655172,145,Smart Phone Sale,Kota Jakarta Utara,1040000
Oppo A78 4G / LTE 8/256 GB Garansi Resmi Not Oppo A57 A77s A76 A17,4.7407407407407405,54,Distributor Ponsel,Kota Jakarta Pusat,2885000
VIVO Y17S 4/64 6/128 4/128 RAM 4 6 ROM 64 128 GB 4GB 6GB 64GB 128GB Smartphone Android HP Handphone,5.0,8,GalleryGadget Store,Kota Jakarta Pusat,1639000
Xiaomi Redmi Note 13 5G / LTE 8/256 GB Garansi Resmi,5.0,5,Distributor Ponsel,Kota Jakarta Pusat,2607000
Xiaomi Redmi 2 4G LTE- 1/8GB -  Terdaftar Kemenprin - Garansi 1Tahun - Hp Murah,4.632010943912449,731,BroO_CeLL,Kab. Bogor,359890
HAMMER R6 Handphone Poliponik Feature Phone CandyBar Garansi Resmi 1 tahun,3.9411764705882355,17,Advan,Kab. Tangerang,196000
CHIC Mension Smartphones Y72 8/256GB Murah handphone Android SECONDHAND FULLSET Garansi Toko,5.0,2,CHIC Mension Electronics,Kota Jakarta Barat,1190000
XIAOMI REDMI NOTE 13 PRO 5G 12/512 NEW GARANSI RESMI,,,KSTORE87,Kota Medan,4750000
"Spesial Package Ramadhan, Samsung Galaxy A05 4G Android 13-Bergaransi",,,EVOGAD,Kota Jakarta Barat,1507000
Samsung Galaxy A54 5G 8/128 GB - Garansi Resmi,,,Royal Makmur Handphone & Tablet,Kota Jakarta Timur,5279000
G PLUS G168 SMARTPHONE OUTDOOR SPT BLACKVIEW RESMI INDONESIA,5.0,7,Hape Cuci Gudang,Kota Jakarta Utara,199000
Xiaomi Redmi 13C 8/256 GB - GARANSI RESMI,5.0,2,Royal Makmur Handphone & Tablet,Kota Jakarta Timur,1800000
Xiaomi REDMI NOTE 13 Pro 5G 8/256 - Garansi Resmi,,,Royal Makmur Handphone & Tablet,Kota Jakarta Timur,4515000
TECNO Pova 5 8/256GB Garansi Resmi NEW,,,hacom store surabaya,Kota Surabaya,1999000
CHIC Mension Smartphones Y93 RAM 8/256GB Murah handphone Android SECONDHAND FULLSET Garansi Toko,4.916666666666667,72,CHIC Mension Electronics,Kota Jakarta Barat,598000
Asli resmi hp murah Reno10 PRO Handphone android 4g/5g 7.5inci 16GB + 512GB Garansi resmi Gratis Ongkir Garasi resmi hp murah cuci gudang termurah promo Bisa COD Cicilan gaming phone hp rino 9 reno 8 reno 7 Terbaru 2023 hp promo,3.9814814814814814,108,Yinjieindonesia,Kota Jakarta Utara,1045590
realme C51s,5.0,2,jikalaku,Kota Jakarta Pusat,1586000
INFINIX NOTE 40 PRO 8/256GB Garabsi Resmi/ BNIB,,,ACE SHOP 2,Kab. Wonogiri,3150000
"[BEST SELLER] OPPO A18 4GB/128GB [RAM 4GB+4GB, Mediatek Helio G85, 5000mAh Battery]",4.920298390263055,2547,OPPO,Kota Tangerang,1499000
EVERCOSS M6A (RAM 4GB / ROM 32GB) garansi resmi,4.89344262295082,122,EVERCOSS,Kota Jakarta Utara,779000
Asus Zenfone 11 Ultra 5G 16/512 12/256 GB Garansi Resmi,,,Distributor Ponsel,Kota Jakarta Pusat,10415000
SMARTPHONE Y72 5G RAM 12/256GB FULLSE,,,Best Phone,Kota Jakarta Barat,1277000
"OPPO A38 4GB/6GB + 128GB [5000mAh SUPERVOOC 33W, 90Hz Sunlight DIsplay, 50MP AI Camera]",4.951388888888889,288,OPPO,Kota Tangerang,1799000
Samsung Galaxy A15 5G - 8/256GB,4.928653624856157,869,Samsung,Kota Depok,3109000
"Infinix Smart 8 4/128 – Up to 8 GB Extended RAM - 90Hz - 6.6""HD+ Punch Hole Display  - 5000mAh  ",4.913262285375962,3378,Infinix,Kota Depok,1189000
itel P55 5G RAM 6+128GB - 50M Dual Clear Cam - 5G Network - 18W Fast Charging - 5000mAh Battery,5.0,64,Itel Shop,Kab. Tangerang,1459000
VIVO Y03 RAM 4GB ROM 64GB Baterai 5000mAh Helio G85 Garansi Resmi Hp Terbaru 2024 Bisa COD,4.947368421052632,38,DST HP,Kota Jakarta Utara,1256310
[NEW!] itel A70 ROM 4+64GB- 13MP Super HDR Camera - Big Screen with Dynamic Bar - 5000mAh Big Battery - Octa-Core Processor,4.862068965517241,174,Itel Shop,Kab. Tangerang,1129000
OPPO A18 ROM 4+4GB Extended RAM128GB Baterai Besar 5000mAh  Layar Sunlight 90Hz Garansi Resmi,4.944444444444445,36,XCI,Kota Jakarta Utara,1484010
Samsung Galaxy A15 4G LTE [BONUS ADAPTOR 25W] - Garansi resmi,4.939130434782609,115,Gundala store,Kota Jakarta Pusat,2470000
SAMSUNG GALAXY A05S RAM 6 ROM 128 - SNAPDRAGON 680 - FHD+,4.818181818181818,11,Mentari Cell,Kab. Madiun,1799000
XIAOMI NOTE 13 8/256 NEW GARANSI RESMI,5.0,3,KSTORE87,Kota Medan,2475000
vivo y17s Ram 6+128 GB kamera 50 mp batrai 5000 mah garansi 1 tahun,5.0,14,Gudang phoncell,Kab. Bogor,1475000
Handphone F5 RAM 4GB / ROM 64GB - GARANSI 1 TAHUN,5.0,5,BroO_CeLL,Kab. Bogor,589800
SAMSUNG GALAXY A35 5G 8/256 GB NEW!! GARANSI RESMI SEIN,,,1000 Gadget Store,Kota Medan,4849000
Vivo Y35 vs Y36 | 50MP | 6.58inch Ram 8 + Extended 8 Total Ram 16GB Rom 128GB vs 256GB | BIG SALE,5.0,8,Mentari Cell,Kab. Madiun,1883000
TECNO SPARK 20 PRO+ 8/256 GARANSI RESMI,5.0,6,Bintangempat Store,Kota Palembang,2669000
"Samsung Galaxy S24 Ultra 12/512GB, Handphone AI, Smartphone Android, S Pen, Baterai tahan lama",4.9655172413793105,29,Samsung,Kota Depok,21999000
ITEL P55 8/256 NEW GARANSI RESMI,,,KSTORE87,Kota Medan,1450000
XIAOMI REDMI NOTE 13 PRO 4G 8/256 GB,,,digitalselulargroup,Kota Medan,3700000
Xiaomi Redmi Note 13 Pro Plus 5G 12/512GB,,,Distributor Ponsel,Kota Jakarta Pusat,5961000
"infinix Smart 8 Pro 8gb/128gb IPS LCD 6,6'' inc New Original Garansi Resmi - NO REPACK",,,TJSTORE Surabaya,Kota Surabaya,1449000
"itel s23 plus 16+256 GB layar Amoled 6,78 in kamera 50 mp garansi 1 tahun",5.0,9,Gudang phoncell,Kab. Bogor,1295000
Sharp Handphone AQUOS V7/V7 Plus SHC06 RAM 4/128GB 6/256GB,,,UFO ELEKTRONIKA DAN FURNITURE,Kota Surabaya,1358000
Oppo A18 4/128GB,,,t9phoneshop,Kab. Purworejo,1455000
Infinix GT 20 Pro 5G 8/256GB - Garansi Resmi,,,Toko Lasvegas,Kota Surabaya,4399000
XIAOMI REDMI 12 8/128,,,Naga Cell Sidareja,Kab. Cilacap,1999000
realme 12 5G 8GB+8GB*|256GB (108MP 3X Zoom Portrait Camera | Trendy Watch Design | Ultra-slim Body | 5G 6nm Process Chipset | 45W SUPERVOOC Charge | 5000mAh Battery),5.0,6,realme,Kota Depok,3625200
ZTE BLADE V50 PRIME RAM 8GB/256GB GARANSI RESMI NASIONAL,,,indahponseltamora,Kab. Deli Serdang,1597000
Realme 10 fulset nominus gransi resmi ori,5.0,2,CANTIKA AMANAH CELULLER,Kab. Bogor,1900000
Infinix Note 40 8/256GB - Up to 16GB Extended RAM - Helio G99 - 6.78”,,,Invens Store,Kota Jakarta Utara,2899000
Vivo Y100 5G 8/128GB 8/256GB [Garansi Resmi Vivo Indonesia],,,Planetgadget Store,Kota Jakarta Timur,3899000
Xiaomi Redmi Note 13 Pro 4G / 5G 8/256 GB Garansi Resmi,,,Distributor Ponsel,Kota Jakarta Pusat,3766000
"Xiaomi Redmi 13 - Mediatek Helio G91-Ultra, Camera 108MP - Garansi resmi",,,Gundala store,Kota Jakarta Pusat,1975000
"vivo Y22 (4/128) - Helio G85, 50MP Camera, Splash Waterproof, 5000mAh Battery + 18W FastCharge",4.927056827820187,1179,vivo,Kab. Tangerang,1499000
VIVO Y19 RAM 8/256 GB,5.0,10,Pelapak Murah,Kota Bandung,799000
"[NEW] vivo Y03 (4+4/128) - IP54 Tahan Air, 3 Tahun Proteksi Baterai, Layar Sunlight 90Hz, AI Dual Camera",4.857142857142857,14,vivo,Kab. Tangerang,1499000
OPPO A60 8/128 8/256 RAM 8GB ROM 128GB 256GB 8 128 256 GB Smartphone Android HP Handphone,5.0,1,SuperGadget,Kota Jakarta Pusat,2355000
VIVO Y19 RAM 8/256 GB,4.735294117647059,34,Pejuang Amanah,Kota Bandung,799000
"OPPO A98 5G 8GB+8GB/256GB [Snapdragon 5G SoC, 5000mAh Battery, 67W SUPERVOOC, 64MP AI Camera]",4.981651376146789,109,OPPO,Kota Tangerang,3662000
【aurora888】murah Handphone ViV0 Y21 cuci gudang terbaru 2022 baru murah hp Smartphone 8GB RAM+256GB ROM Bluetooth Ponsel promo HD Kamera android Gaming HP murah Dual SIM Dual 5G WiFi  Bisa COD,,,Aurora888,Kota Jakarta Barat,488000
realme C67 8GB+8GB*| 128GB/256GB (108MP Camera | Snapdragon 685 | 7.59mm Ultra Slim | 33W SUPERVOOC | 5000mAh Battery | 360° NFC),5.0,8,realme Authorized Store,Kota Tangerang,2849000
"HP INFINIX HOT 30 NFC ,RAM 16GB + 256 GB ,CAM 50MP ,33W SF, 5000MAH HELIO G88 ,GARANSI RESMI 1TAHUN",5.0,4,Riawan_shop88,Kab. Bogor,1165000
Realme C51S 6/128 GB Garansi Resmi,5.0,3,Distributor Ponsel,Kota Jakarta Pusat,1726000
XIAOMI REDMI 12 8/128 GB 8/256 GB,,,digitalselulargroup,Kota Medan,1775000
Apple iPhone 15 Pro,4.92436974789916,119,iBox,Kab. Tangerang,18499000
"[Cicilan 0% 24 Bulan] OPPO Reno10 5G 8GB/256GB [32MP Telephoto Portrait, 5000mAh 67W SUPERVOOC Flash Charge, 120Hz 3D Curved Screen, RAM Expansion]",4.805555555555555,36,OPPO,Kota Tangerang,5345000
"HP INFINIX TERBARU SMART 8 ,RAM 8GB + 128GB ,CAM 13MP ,5000MAH, 90HZ GARANSI RESMI ,IMEI TERDAFTAR DIKEMENTRIAN",5.0,9,Riawan_shop88,Kab. Bogor,1165000
Samsung Galaxy A35 5G 8/128 8/256 GB RAM 8GB 128GB 256GB SEIN Smartphone Android HP Handphone,4.95,20,Original Link,Kota Jakarta Utara,4849000
Xiaomi Redmi 12 8GB/256GB Garansi Resmi,5.0,9,Okeshop Official,Kota Jakarta Pusat,1999000
Samsung Galaxy A55 5g 12/256,4.911764705882353,34,Samsung,Kota Depok,6699000
Realme Note 50 4/64GB 4/128GB Garansi Resmi Realme Indonesia,5.0,2,Zabeela Store,Kota Bandung,1249000
Infinix Smart 8 Pro ( Ram 4GB + Rom 256GB ) Garansi Resmi,,,Bejana,Kota Jakarta Pusat,1379000
TELEPON SELULER A54S  6/128gb SECONDHAND  99%LIKE A NEW TERJAMIN BERGARANSI DISTRIBUTOR  TERPERCAYA,4.5,2,Spark Phonestore,Kota Jakarta Barat,749000
Oppo A58 NFC 6/128GB & 8/128GB - Garansi Resmi 1 Tahun,,,Bintang Timur Selindo,Kota Jakarta Barat,2127000
【HP BARU】【BISA COD】VIVO Y16 8/256GB Original Smartphone Ultra Fast Side Fingerprint HP  Murah,4.5,10,success9913,Kota Jakarta Barat,1928000
Xiaomi Redmi 13 8GB + 256GB Garansi Resmi Xiaomi Indonesia,,,MEGA GADGET ELECTRONICS,Kota Jakarta Utara,2152000
Xiaomi Redmi 12 8/128GB | 8/256GB | MediaTek Helio G88 | MIUI 14 berbasis Android 13 | Garansi Resmi,,,Milano Cell ITC Kuningan,Kota Jakarta Selatan,2299000
XIAOMI REDMI NOTE 13 8/128 GB 8/256 GB,,,digitalselulargroup,Kota Medan,2460000
OPPO F1S RAM 4/64 GB,,,penjual laku aja,Kota Bandung,449000
Xiaomi Redmi Note 13 Pro | Mediatek Helio G99 Ultra Kamera 200 MP | Garansi Resmi,,,EVOGAD,Kota Jakarta Barat,3756000
OPPO A18 RAM 4/128GB l BARU l SEGEL l GARANSI RESMI 1 TAHUN,5.0,1,ORLINSASHA,Kab. Jember,1599000
VIVO Y18,,,Naga Cell Sidareja,Kab. Cilacap,1599000
Samsung Galaxy A55 5G 12/256GB - Ice Blue,,,Royal Makmur Handphone & Tablet,Kota Jakarta Timur,6395000
HP XIAOMI REDMI 13C 8/256 NFC GARANSI RESMI XIAOMI INDONESIA,,,Star Komsel Store,Kota Makassar,1849000
Vivo V30 5G 8/256GB | 12/512GB Garansi Resmi,,,Okeshop Official,Kota Jakarta Pusat,5999000
Oppo A58 6/128GB 8/128 GB [Garansi Resmi Oppo],,,Planetgadget Store,Kota Jakarta Timur,2399000
Xiaomi Redmi Note 13 Pro+ 12/512GB Garansi Resmi,,,OBONG CELL,Kota Surabaya,5999000
Xiaomi Redmi note 13 pro 5G 8/256GB Garansi resmi xiaomi indonesia,,,lucky-drichdrew,Kota Medan,4258888
HP OPPO RENO 10 8/256 GARANSI RESMI OPPO EXTENDED RAM 8GB,5.0,1,Star Komsel Store,Kota Makassar,5999000
Handphone Realme c11 second masih mulus garansi resmi ORI Indonesia,5.0,3,Cantika amanah grup,Kab. Bogor,860000
Utour Smartphone A31 Ram 6 / 128 GB Garansi 1 Tahun Bayar di Tempat,,,Utour Electronics,Kab. Tangerang,659000
"OPPO A60 8GB+8GB/128GB [Military-Grade Shock Resistance, Snapdragon 680, 45W SUPERVOOC, Dual Stereo",,,UFO ELEKTRONIKA DAN FURNITURE,Kota Surabaya,2599000
Oppo Reno 11 Pro 5G Ram 12/512gb Garansi Resmi,,,Cv.Garden Cell,Kota Kediri,8999000
Infinix Hot 40i 8/256GB - Up to 16GB Extended RAM - Unisoc T606,5.0,1,Invens Store,Kota Jakarta Utara,1689000
ViVO Y18 Y03 4/64GB 4/128GB 6/128GB NFC 5000mAh Mediatek Helio G85 Garansi Resmi 100% Original,4.991735537190083,121,CC  Shop,Kota Jakarta Utara,1256310
TECNO SPARK 20 PRO PLUS (8GB+256GB) - GARANSI RESMI,5.0,27,Duniagadgetku,Kota Jakarta Barat,2629000
OPPO A5 2020 RAM 8/128 GB,4.933333333333334,15,Pelapak Murah,Kota Bandung,1089000
Hp terbaru Reno11 Pro Handphone 5G 16/512GB 7.5inci hp murah cuci gudang promo Dual Sim Dual Wifi Gratis Ongkir Garasi Resmi Smartphone Android Terbaru Termurah 2024 Terbaik Gaming Phone,,,Special promotion mobile phone shop,Kota Jakarta Utara,1150000
VIVO Y03 RAM 4/128 GB | VIVO Y 03 RAM 4/64 GB GARANSI RESMI VIVO INDONESIA,5.0,56,189 CELL,Kota Jakarta Barat,999900
Xiaomi Redmi Note 13 Pro 8GB + 256GB Garansi Resmi Xiaomi Indonesia,5.0,1,MEGA GADGET ELECTRONICS,Kota Jakarta Utara,3640000
"[FREE GAMING SET] TECNO POVA 6 NFC 12+12GB*/256GB, AMOLED 6,78” FHD+ 120Hz, 6000mAh+70W Ultra Change, MTK Helio G99, 108MP+AI Cam+32MP, Android 14, Garansi 12 + 1 Bulan",,,TECNO,Kota Jakarta Utara,9999999
ZTE Blade V50 Design 8/128GB - Garansi Resmi 1 Tahun,5.0,29,Bintang Timur Selindo,Kota Jakarta Barat,1278000
TELEPON SELULER 13C 8/256GB SECONDHAND LIKE A NEW BERGARANSI DISTRIBUTOR TERPERCAYA,4.384615384615385,13,Wish PhoneStore,Kota Jakarta Barat,1245000
INFINIX SMART 7 - RAM 3/64GB - Size 6.6 inches - FULLSET RESMI TERMURAH,4.80327868852459,61,Mentari Cell,Kab. Madiun,949000
Xiaomi Redmi Note 13 5G 8/256GB - Garansi Resmi 1 Tahun,4.75,4,Bintang Timur Selindo,Kota Jakarta Barat,2809000
realme C51s 6GB+6GB*|128GB (50MP AI Camera | 90Hz Vivid Display | 7.49mm Ultra Slim | Mini Capsule | 5000mAh Battery | 33W Supervooc),4.741379310344827,58,realme,Kota Depok,1799000
Samsung Galaxy A55 5G 8/128 8/256 12/256 GB RAM 8 12 ROM 128 256 GB 8GB 12GB 128GB 256GB Smartphone Android HP Handphone,5.0,9,SuperGadget,Kota Jakarta Pusat,5999000
"[NEW] vivo Y100 (8/128) - Magical Color Changing, 80W FlashCharge, AMOLED 120Hz, Dual Stereo Speaker",5.0,4,vivo,Kab. Tangerang,3099000
Vivo Y03 Ram 4+128 GB mediatek helio G85  garansi resmi 1 tahun (imei terdaftar),5.0,6,Gudang phoncell,Kab. Bogor,1345000
Xiaomi Redmi 13 NFC Mediatek Helio G91 Ultra 108MP | Garansi Resmi Xiaomi,,,EVOGAD,Kota Jakarta Barat,1991000
HP Xiaomi Redmi 5A 3/32 Redmi Note 5 6/64GB Redmi Note 9 4/128GB Ori Smartphone HP garansi 1 tahun &,4.857142857142857,21,3SHOP6,Kota Jakarta Barat,1419000
Smartphone 11 64GB Garansi Resmi,5.0,1,Lab Persada Online Shop,Kab. Lumajang,10000000
"Xiaomi Redmi Note 13, Qualcomm Snapdragon 685, kamera 108MP | Garansi",,,EVOGAD,Kota Jakarta Barat,2586000
SMARTPHONE Y33S RM 6/128 GB FULLSET BERGARANSI TERMURAH,3.0,2,Best Phone,Kota Jakarta Barat,947000
Xiaomi Poco X6 5G 12/156 GB,,,Willsoon_Store,Kota Jakarta Barat,3899000
Xiaomi Redmi 12 8/128GB / 8/256GB Resmi,,,ATLANTIC CELLULAR,Kota Cimahi,2178000
Xiaomi Redmi 13 NFC 8/128 GB 8/256 GB Extended RAM 8+8GB Garansi Resmi,,,Distributor Ponsel,Kota Jakarta Pusat,2047000
Xiaomi Poco M6 Pro 8gb/256gb AMOLED 6.67 inc New Original Garansi Resmi - NO REPACK,5.0,1,TJSTORE Surabaya,Kota Surabaya,2889000
INFINIX NOTE 40 PRO 5G NFC 8/256 NEW GARANSI RESMI,5.0,1,J3 SHOP,Kota Medan,3599000
Oppo A58 4G NFC - 6GB/128GB,,,Komunika Sell,Kota Jakarta Selatan,2399000
A77S RAM 8/128GB,5.0,1,Light Sun Store,Kota Jakarta Barat,895000
Xiaomi Redmi 12 8+8/256GB,,,Gudang Cell Tasikmalaya,Kota Tasikmalaya,1999000
Xiaomi Redmi Note 13 Pro+ Plus 5G NFC 24GB 512GB (12+12/512) Grs Resmi,,,CA Shop,Kota Jakarta Utara,5845000
HANDPHONE F9 RAM 6/128GB SMARTPHONE GARANSI 1 TAHUN,,,wincelluler,Kota Jakarta Barat,725000
"Samsung Galaxy S24 8/512GB, Handphone AI, Smartphone Android, Kamera 50MP, Layar besar, RAM besar, Baterai tahan lama",5.0,9,Samsung,Kota Depok,15249000
Xiaomi Redmi 12 8/256GB Garansi Resmi Xiaomi,,,OBONG CELL,Kota Surabaya,2199000
REDMI NOTE 13 5G 8/256,,,Naga Cell Sidareja,Kab. Cilacap,3199000
11promax 256gb all operator,,,HP SECOND JOSS,Kab. Serang,6400000
Xiaomi Redmi 13 4G - 8GB/128GB,,,Komunika Sell,Kota Jakarta Selatan,1990000
Samsung Galaxy Z Fold5 5G | Z Fold 5 5G Snapdragon 8 Gen 2 Garansi,,,EVOGAD,Kota Jakarta Barat,23840000
Hp Vivo Iqoo Z9 5G Ram 8GB Internal 256GB Garansi Resmi,,,wwponsel_hangtuah,Kota Pekanbaru,4399000
Reame 10 pro 8/256,,,Naga Cell Sidareja,Kab. Cilacap,4999000
Xiaomi 14,,,jikalaku,Kota Jakarta Pusat,11776000
Vivo Y03 4/128 GB 4/64 GB Garansi Resmi,4.95,20,Distributor Ponsel,Kota Jakarta Pusat,1245000
Infinix Smart 8 Series [Garansi Resmi Infinix Indonesia],5.0,3,Planetgadget Store,Kota Jakarta Timur,1099000
Tecno Spark 20 Pro Plus 8/256GB - Garansi Resmi 1 Tahun,4.785714285714286,14,Bintang Timur Selindo,Kota Jakarta Barat,2609000
Realme C51s 6+128 GB fast charging 33w garansi resmi 1 tahun (imei terdaftar),5.0,9,JIU_PHONCELL,Kab. Bogor,1575000
HANDPHONE A31 RAM 6/128GB GARANSI 1 TAHUN,,,wincelluler,Kota Jakarta Barat,765000
Infinix Note 40 Pro Pro+ 4G 5G 8/256 12/256 RAM 8GB 12GB 256GB 8 256 GB Smartphone Handphone Android Terbaru,5.0,14,GalleryGadget Store,Kota Jakarta Pusat,3789000
OPPO A18 I RAM 4/128GB I GARANSI RESMI 1 TAHUN I BISA CICILAN DAN COD,5.0,14,I-Store,Kab. Tangerang,1449000
OPPO A60,5.0,3,jikalaku,Kota Jakarta Pusat,2342000
"[NEW] vivo Y03 (4+4/64) - IP54 Tahan Air, 3 Tahun Proteksi Baterai, Layar Sunlight 90Hz, AI Dual Camera",4.95,40,vivo,Kab. Tangerang,1299000
Redmi 13,5.0,0,jikalaku,Kota Jakarta Pusat,1957000
OPPO A18 RAM 4/128 GB | OPPO A 18 4/128GB GARANSI RESMI OPPO,4.829268292682927,41,189 CELL,Kota Jakarta Barat,1299900
"Infinix Zero 30 4G [8GB+256GB] Extended RAM 8GB - Helio G99 - 108MP Camera - 6.78"" AMOLED - NFC - Li-Po 5000mAh Garansi Resmi 1 Tahun",5.0,9,Penabur,Kab. Bekasi,2973000
INFINIX Smart 8 Pro 8/128 Garansi Resm,,,NPDJY_NAPIDOJ,Kota Malang,1399000
Tecno Spark 20C 4/128 8/128,5.0,2,SOLID CELLULAR MEDAN,Kota Medan,1175000
Infinix Hot 40i 8/256GB Garansi Resmi,5.0,1,OBONG CELL,Kota Surabaya,1699000
Tecno Spark 10 Pro - Garansi resmi,5.0,27,Gundala store,Kota Jakarta Pusat,1740000
VIVO Y100 5G 8/128 & 8/256 NEW GARANSI RESMI,,,KSTORE87,Kota Medan,3240000
VIVO Y03 RAM 4/128GB 4/64GB GARANSI RESMI,5.0,1,Sinar Cemerlang Jaya 88,Kota Palembang,1189000
Xiaomi Redmi 13 NFC 8/256GB - Garansi Resmi 1 Tahun,,,Bintang Timur Selindo,Kota Jakarta Barat,1985000
samsung A03  4/64gb bergaransi,4.625,8,BERKAT COMPUTER,Kota Jakarta Barat,999000
Advan Nasa Pro 2GB 32GB Nasa Pro 2 NEW BNIB,,,GadgetXCom,Kota Jakarta Barat,675000
OPPO A18 4/128GB Garansi Resmi Indonesia,5.0,7,Apollo Gadget Store,Kota Surabaya,1499000
OPPO A98 5G 8/256GB Garansi Resmi A98 Not A16 A17 A17K A78,4.714285714285714,35,Distributor Ponsel,Kota Jakarta Pusat,3643000
Tecno Spark 20 Pro Plus 8/256GB LAYAR AMOLED 120Hz CAMERA 108MP Garansi Resmi Tecno Indonesia,4.0,1,Zabeela Store,Kota Bandung,2679000
Xiaomi Redmi Note 13 Pro 5G 8/256GB Garansi Resmi Xiaomi Indonesia TAM,5.0,2,Honchi Celuller,Kota Tangerang,3199000
Tecno Spark 20 NFC 8/256 GB Garansi Resmi,,,METRO GROSIR SELULLER,Kota Cilegon,1799000
Samsung Galaxy A35 5G 8/256GB resmi,,,Yulia Mobilephone,Kota Semarang,4999000
Poco X6 5G 12/256GB - Garansi Resmi 1 Tahun,,,Bintang Timur Selindo,Kota Jakarta Barat,3899000
Xiaomi Redmi 12 8+8/128GB,,,Gudang Cell Tasikmalaya,Kota Tasikmalaya,1799000
Samsung A25 5G - Garansi resmi,5.0,6,Gundala store,Kota Jakarta Pusat,3470000
Infinix Note 40 8/256 GB Note 40 Garansi Resmi,,,Distributor Ponsel,Kota Jakarta Pusat,2922000
Samsung Galaxy A05 4/128GB - Garansi Resmi,,,Royal Makmur Handphone & Tablet,Kota Jakarta Timur,1535000
"Samsung Galaxy S21 FE 5G [8GB+256GB] Exynos 2100 - NFC - IP68 - 6.4"" Dynamic AMOLED - Li-ion 4500mAh Garansi Resmi Sein 1 Tahun",,,Penabur,Kab. Bekasi,6873000
Samsung Galaxy A55 5G 12/256GB ANDROID,,,Yulia Mobilephone,Kota Semarang,6699000
HP REDMI NOTE 12 PRO 5G 8/256 NFC GARANSI RESMI XIAOMI,,,Star Komsel Store,Kota Makassar,4399000
Realme C67 4G - 8GB/256GB,,,Komunika Sell,Kota Jakarta Selatan,2770000
[BEST SELLER] OPPO HP A78 5G RAM 8GB & ROM 256GB Camera 50mp Baterai 5000mAh Garansi 1 Tahun,,,3SHOP6,Kota Jakarta Barat,2499000
Oppo A60 8/128GB NEW Garansi Resmi,,,OBONG CELL,Kota Surabaya,2599000
HP [BEST SELLER] OPPO A93S 5G Ram 8/256gb Baterai 5000mAh 48MP Camera  Garansi 1 Tahun COD LTE,4.833333333333333,6,3SHOP6,Kota Jakarta Barat,2549000
Samsung Galaxy S23 FE S23FE 8/256 GB 8/128 GB Garansi Resmi Not S21 FE,,,Distributor Ponsel,Kota Jakarta Pusat,7489000
Xiaomi Redmi A3 Ram 4/128Gb Garansi Resmi,5.0,15,Cv.Garden Cell,Kota Kediri,1180000
Xiaomi Redmi 13 NFC 16GB 256GB (8+8/256) + 16GB 128GB (8+8/128) - New Original Garansi Resmi,,,CA Shop,Kota Jakarta Utara,1970000
Realme 12 5G 8/256GB NFC resmi,,,HapeJOSS,Kota Semarang,3699000
Redmi Note 13 5G,5.0,2,jikalaku,Kota Jakarta Pusat,2892000
Infinix NFC  tecno Spark 20C  Ram 8+128 GB garansi 1 tahun resmi,5.0,14,JIU_PHONCELL,Kab. Bogor,1275000
Utour Smartphone 13c ram 8 / 256 GB Garansi 1 Tahun Bayar di Tempat,,,Utour Electronics,Kab. Tangerang,1245000
Xiaomi Redmi Note 13 ( Ram 8GB + Rom 128GB | Rom 256GB ) Garansi Resmi,5.0,1,Channel B,Kota Jakarta Pusat,2399000
Infinix Smart 8 4/128 New Garansi Resmi,5.0,20,GadgetXpert,Kab. Purwakarta,1249000
VIVO Y17 RAM 8/256 GB,4.111111111111111,9,Pejuang Amanah,Kota Bandung,749000
VIVO Y03 (4GB+64GB) (4GB+128GB) - GARANSI RESMI,4.947368421052632,38,Duniagadgetku,Kota Jakarta Barat,1225000
"vivo Y36 5G (8/256) - RAM 8GB+8GBB, 44W FlashCharge+5000mAh, NFC Multifunctions, 50MP Camera, Dynamic Design",4.95,80,vivo,Kab. Tangerang,2699000
Apple iPhone 12,4.954022988505747,87,iBox,Kab. Tangerang,9749000
Redmi Note 10 Pro RAM 8/128 GB (Second Bergaransi),4.885714285714286,35,HP SECOND JOSS,Kab. Serang,1980000
vivo v29 5G 16+256 GB snapdragon 778G layar amoled garansi 1 tahun,4.9,10,JIU_PHONCELL,Kab. Bogor,3845000
VIVO Y18 NFC RAM 6/128GB 4/128GB 4/64GB GARANSI RESMI,,,Sinar Cemerlang Jaya 88,Kota Palembang,1485000
Tecno Pova Neo 3 8/128 GB Garansi Resmi,,,antaboga phone,Kota Bandung,1635000
"Galaxy A54 5G 8/128GB, Samsung A series, Nightopraphy kamera, VDIS & Auto-framing, smartphone triple camera, Smartphone, Android, Garansi resmi, Samsung official store",4.958441558441558,385,Samsung,Kota Depok,5999000
Asus Zenfone 11 Ultra 5G 16/512GB - Black Garansi Resmi,,,cworld.id,Kota Denpasar,13999000
Xiaomi 13T 5G RAM 8/256GB Garansi Resmi,,,DF Phone,Kota Tegal,6799000
Xiaomi POCO X5 5G 8/256 GB - Garansi Resmi,,,Royal Makmur Handphone & Tablet,Kota Jakarta Timur,2959000
REALME 12 5G 8/256 NEW GARANSI RESMI,5.0,2,J3 ID,Kota Medan,3349000
Xiaomi Redmi Note 13 Pro 5G 8/256 GB,,,Willsoon_Store,Kota Jakarta Barat,4999000
Samsung Galaxy A35 5G 8/128 8/256 GB RAM 8 ROM 128 256 GB 8GB 128GB 256GB Smartphone Android HP Handphone,5.0,1,SuperGadget,Kota Jakarta Pusat,4999000
Samsung A15 4G 8/128GB | 8/256GB Garansi Resmi,,,Captain Gadget Store,Kota Tasikmalaya,2649000
Redmi Note 13 Pro 5g,,,AGUNG CELL TASIKMALAYA,Kota Tasikmalaya,4399000
Infinix Note 40 Pro 5G / LTE 8/256GB Garansi Resmi,,,Distributor Ponsel,Kota Jakarta Pusat,3537000
XIAOMI REDMI 13C 6/128 GB 8/256 GB,,,digitalselulargroup,Kota Medan,1525000
Poco M6 Pro 8/256GB - Garansi Resmi 1 Tahun,,,Bintang Timur Selindo,Kota Jakarta Barat,2875000
OPPO A98 5G 8/256 NEW GARANSI RESMI,,,KSTORE87,Kota Medan,3870000
【Aurora888】HP 0PP0 A17 ram 6/128GB  original Garansi Resmi Handphone terbaru 2023 Layar 6.56inch 50MP AI Camera Smartphone 5G hp murah 4G android 12.0 5000mAh Long-lasting Battery ram besar cuci gudang COD,,,Aurora888,Kota Jakarta Barat,488000
Redmi Not 13 Pro,,,AGUNG CELL TASIKMALAYA,Kota Tasikmalaya,3799000
Xiaomi Poco C65 6/128 & 8/256 GB Garansi Resmi,,,antaboga phone,Kota Bandung,1485000
Infinix Note 40 Pro+ 5G [12GB/256GB] Extended RAM 8GB - Dimensity 7020 - 108MP 0IS - Fast Charging 100W Garansi Resmi 1 Tahun,,,Penabur,Kab. Bekasi,4283000
Oppo A60 8/256GB,,,Gudang Cell Tasikmalaya,Kota Tasikmalaya,2999000
Hp vivo y27S 8+256 GB helio G85 kamera 50 mp garansi resmi vivo 1 tahun,5.0,3,Gudang phoncell,Kab. Bogor,1995000
XIAOMI NOTE 13 PRO 5G 8/256 NEW GARANSI RESMI,,,KSTORE87,Kota Medan,4450000
SMARTPHONE XIAOMI REDMI 13 ORIGINAL GARANSI RESMI,,,JACOM CELL,Kota Metro,2199000
HP BARU REALME C67 RAM 8/128GB NEW 100% ORI GRS RESMI INDONESIA TERMURAH,,,AMOmart,Kota Medan,2649000
Hp Itel RS4 Ram 12GB Internal 256GB Garansi Resmi,,,wwponsel_hangtuah,Kota Pekanbaru,2299000
Hp Xiaomi Redmi Note 13 Pro 5G Ram 8GB Internal 256GB Garansi Resmi,,,wwponsel_hangtuah,Kota Pekanbaru,4399000
【COD】Phone i15 Pro Max Hp asli Smartphone 7.5Inci 5G RAM 16GB ROM 512GB Handphone Dual Card Android Ponsel Baru Original Handphone Baru Produk Asli Resmi Promo Garansi Gaming phone,4.9480519480519485,77,Special promotion mobile phone shop,Kota Jakarta Utara,1373100
Samsung Galaxy A05 6/128 GB 4/128 GB 4/64GB Garansi Resmi Not A04 A05s,4.9221789883268485,257,Distributor Ponsel,Kota Jakarta Pusat,1513000
"ZTE Blade V50 Design 6,6"" Violet Display FHD RAM 8+ 8GB ROM 128GB 5.000 mAh Fast Charge Garansi Resmi",5.0,2,NubiaFlagshipStore,Kab. Tangerang,1399000
Vivo Y100 5G RAM 8 Original 80W FlashCharge Snapdragon 4 Gen 2 Vivo Y100 Terbaru 2024 Garansi Resmi,4.944444444444445,36,1stLine,Kota Jakarta Utara,2943270
Samsung a04 ram 4/64 masih mulus ori garansi resmi Indonesia,,,CANTIKA AMANAH CELULLER,Kab. Bogor,1278000
SMARTPHONE A17 RAM 6/128GB FULLSET BISA COD,5.0,1,Sun Phonestore,Kota Jakarta Utara,820000
"TECNO SPARK 20C – 4GB+128GB, Stereo Dual Speaker, Dynamic Port 6,6” HD+ 90Hz Screen",,,Invens Store,Kota Jakarta Utara,1199000
"Xiaomi Redmi 12 Total RAM 16GB| ROM 256 vs 128GB | 50MP Camera | IPS LCD, 90Hz, 6,79inch ORIGINAL TERMURAH",4.647058823529412,17,Mentari Cell,Kab. Madiun,1779000
Smartphone A3S RAM 6/128GB Full Set Bayar DI tempat Garansi 12 Bulan,5.0,1,Moon Phonestore,Kota Jakarta Barat,539000
"OPPO A58 NFC 8GB+8GB/128GB [5000mAh SUPERVOOC 33W, FHD+ Big Screen]",4.9079754601226995,163,OPPO,Kota Tangerang,2699000
"Infinix Hot 40 Pro 12/256 – Helio G99 - 120Hz - 6.78"" FHD+ Hypervision Gaming Pro Display  - 5000mAh",4.9411764705882355,340,Infinix,Kota Depok,2319000
Apple iPhone 15 Plus,5.0,11,iBox,Kab. Tangerang,15999000
Samsung Galaxy A05 [BONUS ADAPTER 25w] - Garansi resmi,4.899305555555555,288,Gundala store,Kota Jakarta Pusat,1320000
realme C65 8GB+8GB*|128GB (TUV SUD 4 Tahun Lag-free | 45W Fast Charge | 5000mAh Massive Battery | 7.64mm Ultra Slim ),4.948717948717949,39,realme,Kota Depok,2399000
Apple iPhone 15 Plus,4.8,5,Digimap,Kota Jakarta Barat,16249000
Xiaomi Redmi Note 13 4G 8/128 8/256 Garansi Resmi,4.25,4,initokobudi shop,Kota Jakarta Selatan,2325000
hp 11 64gb mulus bergaransi,,,FR Store Solo,Kab. Sukoharjo,3955000
Xiaomi Redmi Note 13 Pro 200MP MediaTek Helio G99-Ultra Garansi Resmi,,,Gadget Point,Kota Surabaya,3799000
Samsung Galaxy A55 8/128 8/256 12/256 GB RAM 8 12 128 256 8GB 128GB 256GB SEIN HP Android,4.0,2,GalleryGadget Store,Kota Jakarta Pusat,5999000
Xiaomi Redmi 13 NFC 8/256GB Garansi Resmi | Kamera 108 MP Super Jernih MediaTek Helio G91-Ultra 33W fast charging,,,Adiwerna DevStore,Kab. Tegal,2199000
Xiaomi Redmi Note 13 Pro 8/256GB - Garansi Resmi,,,Toko Lasvegas,Kota Surabaya,3799000
realme 12+,,,jikalaku,Kota Jakarta Pusat,4199000
ITEL RS4 8/128 NEW GARANSI RESMI,,,KSTORE87,Kota Medan,1779000
Realme 12 Plus 8/256 GB - Garansi Resmi,,,Royal Makmur Handphone & Tablet,Kota Jakarta Timur,3909000
Nubia Redmagic 8S Pro (12+256GB/16+512GB),,,NubiaFlagshipStore,Kab. Tangerang,14899000
realme 12 Plus 12GB+12GB*|512GB (Sony LYT-600 OIS Portrait Camera | Dimensity 7050 5G Chipset | 120Hz Amoled Display | 67W Charge | 5000mAh Battery),4.75,4,realme,Kota Depok,4999000
OPPO A78 5G 8/128GB NFC Mediatek Dimensity 700,,,jikalaku,Kota Jakarta Pusat,3151000
Vivo V30 Pro 5G 12/512GB Garansi Resmi,,,GLOBAL TELESHOP OFFICIAL,Kota Jakarta Pusat,8999000
(COD) Ponsel Pintar V27e 4G5G Asli Baru 16GB+RAM 512GB SIM Ganda WiFi Siaga Ganda Bluetooth Mendukung Sidik Jari Buka Kunci Wajah Permainan Musik Ponsel Pintar Promosi Izin Murah untuk Pelajar Belajar,,,UNINICE Phone,Kota Bekasi,1049999
Vivo Y18 NFC 6/128GB 4/128GB 4/64GB - 50MP AI Camera Garansi Resmi Vivo Indonesia,,,Zabeela Store,Kota Bandung,1589000
"oppo A,79  5G NFC ram  8+256 GB (imei terdaftar)  garansi resmi 1 tahun oppo",5.0,3,Gudang phoncell,Kab. Bogor,3799000
XIAOMI 14 12/256 NEW GARANSI RESMI,,,KSTORE87,Kota Medan,11350000
Xiaomi Redmi 13C RAM 8/256GB - Garansi Resmi,,,Toko Lasvegas,Kota Surabaya,1799000
"Samsung A35 5G 8/256GB, Exynos 1380 | Garansi Resmi SEIN",,,EVOGAD,Kota Jakarta Barat,4746000
Oppo A79 5G 8/256GB Garansi Resmi Indonesia,,,Apollo Gadget Store,Kota Surabaya,3799000
OPPO RENO11 F 5G RAM 8GB/256GB GARANSI RESMI NASIONAL,,,indahponseltamora,Kab. Deli Serdang,4244000
Xiaomi Redmi 13 [8GB/128GB - 8GB/256GB] MediaTek Helio G91-Ultra - 108MP Dual Camera - NFC - IP53 - Li-Po 5030mAh Charging 33W Garansi Resmi 1 Tahun,,,Penabur,Kab. Bekasi,2093000
OPPO A60 NFC 8/256 | 8/128 GARANSI RESMI INDONESIA Bonus Aksesoris,,,Grandivoo,Kab. Sidoarjo,2649000
INFINIX NOTE 40 PRO 8/256,,,Naga Cell Sidareja,Kab. Cilacap,3999000
"Infinix Note 40 8+256GB + Spesial Gift Box Wireless Charger, Garansi Resmi,New BNIB ,Grandivo",,,Grandivoo,Kab. Sidoarjo,2949000
【Bisa COD】Smartphone A97 PRO Layar Full 7.5inci Handphone Baru RAM 16GB ROM 512GB Original Buka Kunci Sidik Jari promo hp murah 1 jutaan android 4g 5g termurah cuci gudang cod 24+58MP HD KAMERA Dual SIM Dual Standby Gaming Ponsel A96 A95 A57,4.571428571428571,105,Smart Phone Sale,Kota Jakarta Utara,1049999
Official Xiaomi Redmi Note 12 Pro (6GB/128GB) | (8GB/256GB) Kamera Quad 108MP 120Hz Layar AMOLED Xiaomi Official,4.941258741258741,715,Xiaomi,Kota Depok,3799000
CHIC Mension Smartphones A77s RAM 8/128GB 5G handphone Android FULLSET GARANSI Toko,,,CHIC Mension Electronics,Kota Jakarta Barat,879000
"Xiaomi Redmi 12 - Triple Camera 50MP, Mediatek G88 - Garansi resmi",4.941995359628771,431,Gundala store,Kota Jakarta Pusat,1925000
"[NEW LAUNCH!] OPPO A60 8GB+8GB+128GB/256GB [NFC, 45W SUPERVOOC, Military-Grade Shock Resistance, 950nit Ultra-Bright]",5.0,17,OPPO,Kota Tangerang,2599000
C.YOUNG Smartphone,,,YUEER STORE,Kota Jakarta Barat,600000
Redmi Note 13,5.0,5,jikalaku,Kota Jakarta Pusat,2317000
Xiaomi Poco C65 NFC 16GB 256GB (8+8/256) + 12GB 128GB (6+6/128) New Original Garansi Resmi,,,CA Shop,Kota Jakarta Utara,1490000
REALME C53 NFC 6/128 - 50MP AI CAMERA - 33W CHAMPION CHARGE - BISA COD,,,Mentari Cell,Kab. Madiun,1649000
TELEPON SELULER NOTE 11 6/128GB SECOND LIKE A NEW BERGARANSI DISTIBUTOR TERPERCAYA,3.0,2,Wish PhoneStore,Kota Jakarta Barat,1337000
VIVO Y17S (6GB+128GB) - GARANSI RESMI,5.0,97,Duniagadgetku,Kota Jakarta Barat,1595000
Vivo Y03 4/128GB Helio G85 Prosesor 5000mAh Baterai + 3 Tahun Proteksi Baterai Garansi Resmi,4.979591836734694,49,1stLine,Kota Jakarta Utara,1269000
INFINIX NOTE 40 8/256 GB WIRELESS CHARGING NEW BNIB - GARANSI RESMI,5.0,37,KOTAK KATIK,Kab. Purwakarta,2749000
VIVO Y18 NFC 4/64 & 4/128 & 6/128 NEW GARANSI RESMI,5.0,2,J3 ID,Kota Medan,1495000
Official Xiaomi POCO X5 Pro 5G (6GB/128GB) | (8GB/256GB) Snapdragon 778G 5G 120Hz AMOLED 67W Fast charging 108MP NFC POCO Official,4.925490196078432,510,Xiaomi,Kota Depok,3999000
Xiaomi Redmi A3 4/128GB Garansi Resmi,4.4,5,hacom store surabaya,Kota Surabaya,1199000
Itel P55 RAM 8/128 GB garansi resmi,5.0,1,Ainiyacell2,Kab. Karanganyar,1275000
XIAOMI REDMI NOTE 12 128GB - GARANSI RESMI,,,Hapeworld,Kota Banjarmasin,2099000
Xiaomi Redmi A3 4/128GB Garansi Resmi Xiaomi Indonesia,5.0,3,Zabeela Store,Kota Bandung,1199000
"Infinix Smart 8 Pro [8GB/128GB] Extended RAM 8GB - Helio G36 - 50MP Dual Camera - 6.6"" IPS LCD - 5000mAh Garansi Resmi 1 Tahun",5.0,2,Penabur,Kab. Bekasi,1443000
Xiaomi Redmi Note 13 5G 8/256GB ANDROID,,,Yulia Mobilephone,Kota Semarang,2999000
"Xiaomi Redmi A3 | Layar Muluz 90 Hz 6.71"" kapasitas baterai 5000 mAH",5.0,3,UFO ELEKTRONIKA DAN FURNITURE,Kota Surabaya,1165000
XIAOMI REDMI 13C 8/256 GB REDMI 13C 6/128 GB GARANSI RESMI XIAOMI 13 C,,,Gadget Ind Store,Kota Tangerang,1498000
Xiaomi Redmi Note 13 Pro+ 5G 12GB + 512GB Garansi Resmi Xiaomi Indonesia,,,MEGA GADGET ELECTRONICS,Kota Jakarta Utara,5749000
Realme 12+ 5G 8/256GB [Garansi Resmi Realme Indonesia],,,Planetgadget Store,Kota Jakarta Timur,4199000
Ponsel pintar Galaxy S24 5G asli terlaris baru 16GB+RAM 512GB 32MP+64MP Layar besar ultra-jernih 7.5 inci Mendukung buka kunci dengan wajah sidik jari Game office WIFI Dukungan ponsel pintar untuk penjualan izin ponsel cerdas (COD),,,UNINICE Phone,Kota Bekasi,1150000
Vivo y03 Ram  4+64 GB helio G85 android 14 free batok charger  garansi resmi vivo 1 tahun,5.0,6,Leon_cell99,Kab. Bogor,1225000
"REALME C65, RAM 16GB, G85, Water Resistance, 5000mAh",,,EVOGAD,Kota Jakarta Barat,2339000
Vivo Y18 6/128GB Garansi Resmi,,,OBONG CELL,Kota Surabaya,1999000
Realme C63 NFC - 6GB/128GB,,,Komunika Sell,Kota Jakarta Selatan,1999000
Oppo A38 6/128GB 4/128GB Garansi Resmi Oppo Indonesia,5.0,1,Zabeela Store,Kota Bandung,1799000
Realme 12 5G - 8GB/256GB,,,Komunika Sell,Kota Jakarta Selatan,3650000
Xiaomi Redmi Note 13 Pro Plus 5G 12/512GB Garansi Resmi,,,GLOBAL TELESHOP OFFICIAL,Kota Jakarta Pusat,5979000
Hp ZTE Blade V50 Design Ram 8GB Internal 128GB Garansi Resmi,,,wwponsel_hangtuah,Kota Pekanbaru,1599000
Hp Realme Note 50 Ram 4GB Internal 128GB Garansi Resmi,,,wwponsel_hangtuah,Kota Pekanbaru,1599000
Xiaomi Redmi Note 13 4G - 8GB/256GB,,,Komunika Sell,Kota Jakarta Selatan,2580000
OPPO A78 5G 8/128GB RAM 8GB+8GB Extended 33W SUPERVOOC 5000mAh Battery 50MP AI Camera Garansi Resmi,4.875,8,XCI,Kota Jakarta Utara,3599000
Hp Itel A70 Ram 4GB Internal 256GB Garansi Resmi,,,wwponsel_hangtuah,Kota Pekanbaru,1399000
[Second] Hp Second Apel Garansi Toko 1 Minggu Garansi IMEI seumur hidup,,,wwponsel_hangtuah,Kota Pekanbaru,10000000
OPPO Reno10 5G Reno10 Pro Plus 8/128 8/256 12/256 GB RAM 8 12 ROM 128 256 8GB 12GB 128GB 256GB Reno 10 Pro+ Series Smartphone Android HP Handphone,,,SuperGadget,Kota Jakarta Pusat,5615000
Redmi 13C ram 6/128gb Garansi resmi,5.0,19,Cv.Garden Cell,Kota Kediri,1475000
"Galaxy A54 5G 8/256GB, Samsung A series, Nightopraphy kamera, VDIS & Auto-framing, smartphone triple camera, Smartphone, Android, Garansi resmi, Samsung official store",4.9537199765670765,1707,Samsung,Kota Depok,5409000
Xiaomi Redmi 13 8/256GB | 8/128GB Garansi Resmi,,,Okeshop Official,Kota Jakarta Pusat,1999000
OPPO A78 8/256 AMOLED FHD - DUAL STEREO SPEAKERS - 67W SUPERVOOC,5.0,12,Mentari Cell,Kab. Madiun,2299000
PROMO HP INFINIX HOT 30 8/128 / HOT 20 5G 4/128GB / Hot 11s nfc / 11 play /  12i  / 10S NFC,4.588235294117647,17,Media Com,Kota Jakarta Barat,875000
realme C63 6GB+6GB*|128GB (45W Fast Charge | Air Gestures Control | TÜV Certification | 7.74mm Ultra Slim | NFC),5.0,1,realme,Kota Depok,1999000
SMARTPHONE ANDROID A83 - 6/128GB - GARANSI 1 TAHUN,,,BroO_CeLL,Kab. Bogor,659890
Vivo Y100 8GB+8GB Extended 128/256GB ROM NFC 80W FlashCharge  Garansi Resmi Terbaru hp 2024,4.987179487179487,78,CC  Shop,Kota Jakarta Utara,2943270
[LIKE NEW GRS 1 TAHUN] OPPO A17 | RAM 4GB - ROM 64GB |  MAIN CAMERA Dual 50 MP,4.82258064516129,62,Mentari Cell,Kab. Madiun,1265000
Tecno Spark 10 Pro 8/256GB,,,HapeJOSS,Kota Semarang,1799000
REALME NOTE 50 RAM 4/64 GB | REALME NOTE50 RAM 4/128 GB | NARZO 50i PRIME 4/64 GARANSI RESMI REALME,4.9,20,189 CELL,Kota Jakarta Barat,1149900
VIVO Y18 NFC 4/64 & 4/128 & 6/128 NEW GARANSI RESMI,,,J3 SHOP,Kota Medan,1495000
"vivo iQOO Z7 - SDM 782G, 120W FlashCharge + 5000mAh, 64MP OIS",4.959807073954984,622,vivo,Kab. Tangerang,3799000
Infinix Smart 8 Pro 8/128GB - Garansi resmi,4.967741935483871,155,Gundala store,Kota Jakarta Pusat,1400000
Infinix Smart 8 Pro 8/128 GB Garansi Resmi,4.9714285714285715,35,Distributor Ponsel,Kota Jakarta Pusat,1437000
Infinix Note 40 8/256 RAM 8GB ROM 256GB 8 256 GB,5.0,40,GalleryGadget Store,Kota Jakarta Pusat,2809000
"Official Xiaomi Redmi Note 13 Pro 5G | Snapdragon® 7s Gen 2 Kamera 200 MP ultra-jernih dengan OIS Layar AMOLED 1,5K 120 Hz",4.929245283018868,212,Xiaomi,Kota Depok,4399000
"Xiaomi Redmi 12 [8GB/128GB - 8GB/256GB] - Helio G88 - 50MP Triple Camera - IP53 - 6,79"" DotDisplay FHD+"" Garansi Resmi 15 Bulan  Xiaomi Redmi 12 [8GB/128GB - 8GB/256GB] Garansi Resmi 15 Bulan",4.857142857142857,35,Penabur,Kab. Bekasi,1843000
Realme C51s 6/128GB - Garansi Resmi 1 Tahun,5.0,1,Bintang Timur Selindo,Kota Jakarta Barat,1635000
OPPO A37 RAM 3/32 GB,,,Pelapak Murah,Kota Bandung,379000
OPPO Reno8 5G,,,jikalaku,Kota Jakarta Pusat,3457000
"INFINIX HOT 40 PRO - Ram 16GB / Rom 256GB  – Helio G99 - 120Hz - 6.78"" FHD+ Hypervision Gaming Pro Display  - 5000mAh",5.0,4,NISFU GADGET,Kab. Sidoarjo,1799000
Infinix Note 40 8/256GB - Garansi resmi,5.0,1,Gundala store,Kota Jakarta Pusat,2690000
Infinix Hot 30i 8/128GB,5.0,1,Alibabastore.id,Kota Malang,1599000
"Infinix Hot 40 Pro 8/256GB, Mediatek Helio G99 | Garansi Resmi Infinix",5.0,1,EVOGAD,Kota Jakarta Barat,2191000
[COD] Ponsel A97 4G 5G Asli Baru 16GB+RAM 512GB Layar Besar HD 7.5 Inci 6800MAh Mendukung Buka Kunci Wajah dengan Sidik Jari Bluetooth WIFI Permainan Kantor Pembelajaran Siswa Ponsel Pintar Promosi Murah Otentik Resmi,,,UNINICE Phone,Kota Bekasi,750000
SMARTPHONE INFINIX GT 20 PRO 8GB/256GB ORIGINAL GARANSI RESMI,,,JACOM CELL,Kota Metro,4399000
Infinix Zero 30 4G Ram 16 GB(8GB + 8GB ) /256GB  - 120Hz  - 3D Curved  Amoled Screen – 50MP Front Vlog Camera - 45W Super Charge,5.0,12,NISFU GADGET,Kab. Sidoarjo,2299000
Realme C51s - 6GB/128GB,,,Komunika Sell,Kota Jakarta Selatan,1810000
OPPO A38 6GB/128GB Garansi Resmi,,,Toko Lasvegas,Kota Surabaya,2099000
"INFINIX HOT 30i , RAM 8/128GB , CAM 13MP,  BAT 5000MAH, GARANSI RESMI",,,ANDROID CENTRAL CELL,Kota Makassar,1599000
realme C63 NFC [6GB/128GB - 8GB/128GB] Extended RAM 8GB - IP54 - Ultra Slim - 50MP AI Camera - Air Gestures Control - 45W Fast Charge Garansi Resmi 1 Tahun,,,Penabur,Kab. Bekasi,1993000
REDMI NOTE 12 PRO  6/128,,,Naga Cell Sidareja,Kab. Cilacap,3299000
"OPPO A79 5G 8GB/256GB, Android 13, ColorOS 13.1 | Garansi Resmi OPPO - Mysteri Black, Free VIP",,,EVOGAD,Kota Jakarta Barat,3568000
Xiaomi Redmi Note 13 5G 8/256GB Garansi Resmi | Tiga kamera 108 MP super jernih Layar 120 Hz FHD+ AMOLED Prosesor MediaTek Dimensity 6080,,,Adiwerna DevStore,Kab. Tegal,2940000
Vivo V30 5G 8/256GB - Garansi Resmi,,,Toko Lasvegas,Kota Surabaya,5999000
Infinix Hot 40i 8/256 GB - Garansi Resmi,,,Mitra Aneka Store,Kab. Bekasi,1699000
Samsung Galaxy Z Fold 4 5G 12/512GB | 12/256GB Garansi Resmi Indonesia,,,EVOGAD,Kota Jakarta Barat,19091000
Xiaomi Redmi 12 ( Ram 8GB + Rom 256GB ) Garansi Resmi,,,Bejana,Kota Jakarta Pusat,1999000
REDMI NOTE 13 PRO 5G 8/128,,,Naga Cell Sidareja,Kab. Cilacap,4399000
"ZTE Blade V50 Desgin  6,6"" Display FHD RAM 8+ 8GB ROM 128GB 5.000 mAh Fast Charge Garansi Resmi",5.0,19,ZTE Mobile Indonesia,Kota Jakarta Utara,1569000
Xiaomi Redmi A3 4/128GB Garansi Resmi,5.0,11,Okeshop Official,Kota Jakarta Pusat,1199000
Xiaomi Redmi Note 13 ram 8/256 Garansi Resmi,5.0,6,Cv.Garden Cell,Kota Kediri,2510000
VIVO Y22  (6GB+128GB vs 4GB+64GB) | 50MP CAMERA | 6.55 inches | 5000 mAh battery | bisa COD,4.880434782608695,92,Mentari Cell,Kab. Madiun,1299000
Tecno Spark 20 Pro Plus 8/256GB NFC,,,Yulia Mobilephone,Kota Semarang,2699000
"Xiaomi Redmi 12 Ram 8/128GB - IPS LCD, 90Hz, 6,79inch ORIGINAL TERMURAH",,,Mentari Cell,Kab. Madiun,1779000
SMARTPHONE A17RAM6 INTERNAL 128GB GARANSI 1TAHUN,,,Sun Phonestore,Kota Jakarta Utara,820000
Apple iPhone 14,4.96,125,iBox,Kab. Tangerang,11999000
Xiaomi Redmi Note 13 4G | 5G 8/256GB Garansi Resmi,5.0,4,Okeshop Official,Kota Jakarta Pusat,2794000
Oppo Reno11 F 5G 8/256GB NFC 67W SUPERVOOC 64MP Ultra-Clear Triple Camera Garansi Resmi Bisa COD,4.961538461538462,52,DST HP,Kota Jakarta Utara,4256010
REALME C51S 6/128 NEW GARANSI RESMI,4.916666666666667,12,J3 SHOP,Kota Medan,1639000
itel RS4 MediaTek Helio G99 - Garansi resmi,4.909090909090909,11,Gundala store,Kota Jakarta Pusat,1760000
Poco C65 NFC [6GB/128GB - 8GB/256GB] Extended RAM hingga 8 GB - Prosesor Helio G85 - 90Hz refresh - 50MP AI Triple kamera Garansi Resmi 15 Bulan,4.916666666666667,48,Penabur,Kab. Bekasi,1493000
Xiaomi Redmi A3 4/128GB Garansi resmi,4.922330097087379,103,Gundala store,Kota Jakarta Pusat,1173000
"realme Note 50 3/64 4/64 4/128, IP54 Dust&Water Resistance Garansi resmi",5.0,17,Gundala store,Kota Jakarta Pusat,1238000
OPPO A58 NFC 6/128 8/128 Garansi resmi,,,Gundala store,Kota Jakarta Pusat,2070000
VIVO V9 / Y85 RAM 6/128 GB,,,Pelapak Murah,Kota Bandung,595000
Realme Not 50 Ram 4+128 GB unisog tiger T612  (imei terdaftar) .garansi resmi 1 tahun,4.933333333333334,15,JIU_PHONCELL,Kab. Bogor,1345000
VIVO Y18 NFC (4GB+64GB) (4GB+128GB) (6GB+128GB) - GARANSI RESMI,,,Duniagadgetku,Kota Jakarta Barat,1465000
TECNO Spark 20 Pro+ 8/256GB Garansi Resmi,,,OBONG CELL,Kota Surabaya,2699000
xiaomi Redmi 13C 6/128 8/256 Garansi,5.0,1,Galeri-Hp 040595,Kota Jakarta Pusat,1489000
XIAOMI REDMI 13 8/128 & 8/256 NEW GARANSI RESMI,,,J3 ID,Kota Medan,2019000
Xiaomi Redmi 12 8/128GB & 8/256GB - Garansi Resmi 1 Tahun,5.0,5,DiamondCell,Kota Jakarta Barat,1925000
Xiaomi Redmi Note 13 Pro Plus 5G 12/512GB Garansi Resmi,,,Okeshop Official,Kota Jakarta Pusat,5999000
"Vivo Y35 8/128GB Garansi Resmi - RAM 8GB+8GB Extended, 44W FlashCharge+5000mAh, Splash Waterproof, 50MP Camera",,,Adiwerna DevStore,Kab. Tegal,2199000
Infinix Note 40 Pro 5G 8/256GB Garansi Resmi,,,cworld.id,Kota Denpasar,3799000
Realme 12 Pro Plus 5G 12/512GB RESMI,,,Yulia Mobilephone,Kota Semarang,6999000
Vivo V30e 5G 8/128GB Garansi Resmi,,,OBONG CELL,Kota Surabaya,4699000
OPPO A60 8/128 8/256 RAM 8GB ROM 128GB 256GB 8 128 256 GB Smartphone Android Garansi Resmi,5.0,3,GalleryGadget Store,Kota Jakarta Pusat,2459000
Realme 12 Pro Plus 12/512 8/256 GB Garansi Resmi,,,Distributor Ponsel,Kota Jakarta Pusat,5320000
Redmi Note 12 Pro 5G 8/256GB,,,Alibabastore.id,Kota Malang,4599000
Realme C53,,,Gudang Cell Tasikmalaya,Kota Tasikmalaya,1999000
OPPO A38 4/128 6/128 GB RAM 4 6 ROM 128 4GB 6GB 128GB Smartphone Android HP Handphone,5.0,5,SuperGadget,Kota Jakarta Pusat,1699000
HP REDMI NOTE 13 5G 8/256 NFC GARANSI RESMI XIAOMI,5.0,1,Star Komsel Store,Kota Makassar,3199000
ZTE BLADE A54,,,Naga Cell Sidareja,Kab. Cilacap,1199000
Hp Vivo Iqoo 11 5G Ram 16GB Internal 256GB Garansi Resmi,,,wwponsel_hangtuah,Kota Pekanbaru,10999000
Vivo Y28 4G - 8GB/128GB,,,Komunika Sell,Kota Jakarta Selatan,2510000
Samsung Galaxy S23 Plus 5G Smartphone (8Gb/256Gb) Garansi Resmi,,,GLOBAL TELESHOP OFFICIAL,Kota Jakarta Pusat,14759000
Xiaomi Redmi Note 13 Pro+ 5G [12GB/512GB] Garansi 1 Tahun,,,Penabur,Kab. Bekasi,5973000
Oppo A60 8/128GB,,,Gudang Cell Tasikmalaya,Kota Tasikmalaya,2599000
Samsung Galaxy s24 Ultra Ram 12/1TBGb Garansi Resmi,,,Cv.Garden Cell,Kota Kediri,27999000
Infinix Note 40 Pro 5G 8/256 GB Garansi Resmi,,,Willsoon_Store,Kota Jakarta Barat,3499000
"(COD)Ponsel Pintar Baru Asli HP Rino8 RAM 16GB ROM 512GB Andraid 12 7.5 Inci Bluetooth Wifi 4, Ponsel Pintar 5G Jaminan Resmi Permainan Pembelajaran Siswa Ponsel Pintar Izin Gudang Promosi Ponsel Murah",,,UNINICE Phone,Kota Bekasi,750000
oppo a17 ram 4/64 [4gb 64gb] - garansi resmi,4.857142857142857,7,Wahana Komunikasi,Kota Jakarta Timur,1330000
Infinix Hot 40 Pro 8/256GB & 12/256GB - Garansi Resmi 1 Tahun,4.931372549019608,102,Bintang Timur Selindo,Kota Jakarta Barat,2078000
VIVO Y17s RAM 4/64GB | 4/128GB | 6/128GB 50MP Camera | 15W FlashCharge+5000mAH | Dynamic Design | IP54 Splash Waterproof,5.0,19,I-Store,Kab. Tangerang,1469000
Nokia C31 4+64 GB garansi 1 tahun nokia,4.666666666666667,12,Gudang phoncell,Kab. Bogor,1499000
"Xiaomi Poco M5s 4/64, 6/128 Android 12, MIUI 13 - Garansi Resmi",5.0,1,EVOGAD,Kota Jakarta Barat,1305000
Xiaomi Redmi Note 9 Pro Certified Renewed Unit Only Grade A,2.0,1,EXMI STORE,Kota Jakarta Timur,1579000
"Ponsel pintar REN0 10pro 4G/5G harga rendah asli baru 16GB+512GB wifi 7,5 inci 32+64MP kamera HD mendukung buka kunci wajah untuk bermain game, pembelajaran siswa, ponsel cerdas resmi asli, mendukung ponsel pintar cash on delivery, promosi diskon bes",,,UNINICE Phone,Kota Bekasi,750000
REALME NOTE 50 4/128 & 4/64 NEW GARANSI RESMI REALME,4.5,8,J3 SHOP,Kota Medan,1299000
REALME 12 PRO PLUS 5G 12/512 & 8/256 NEW GARANSI RESMI,5.0,10,J3 SHOP,Kota Medan,5349000
"Official Xiaomi Redmi Note 13 Pro+ 5G | Layar AMOLED 1,5K 120 Hz MediaTek Dimensity 7200-Ultra Kamera OIS 200 MP",4.923076923076923,26,Xiaomi,Kota Depok,5881500
"[NEW] vivo V30 5G (12+12GB/512GB) - All New Aura Light Portrait, Dual 50MP Wide-Angle, Snapdragon 7 Gen 3, 5000mAh+80W FlashCharge",5.0,6,vivo,Kab. Tangerang,6999000
Infinix Hot 40i 8/256GB - Garansi resmi,5.0,5,Gundala store,Kota Jakarta Pusat,1680000
realme 11 NFC 8GB+8GB* | 256GB (67W SUPERVOOC Charge | 108MP ProLight Camera | Helio G99 Gaming Chipset | 5000mAh Battery),4.931034482758621,29,realme,Kota Depok,3299000
HP Vivo Y18 NFC ROM 128GB 50MP AI Camera 15W Flashcharge 100% Original Garansi Resmi Terbaru 2024,,,1stLine,Kota Jakarta Utara,1569000
INFINIX HOT 40 PRO 8/256 NEW GARANSI RESMI,5.0,1,KSTORE87,Kota Medan,2075000
Xiaomi Redmi Note 13 8GB + 256GB Garansi Resmi Xiaomi Indonesia,5.0,4,MEGA GADGET ELECTRONICS,Kota Jakarta Utara,2699000
EVERCOSS U6 XTREAM 1 PLUS RAM 1GB INTERNAL 8GB GARANSI RESMI,4.0,1,Bintangempat Store,Kota Palembang,339000
Tecno Spark 20 Pro 12/256 GB NFC Garansi Resmi,,,MetaCore,Kota Bandung,2408000
realme 12 Plus 8GB+8GB*|256GB (Sony LYT-600 OIS Portrait Camera | Dimensity 7050 5G Chipset | 120Hz Amoled Display | 67W Charge | 5000mAh Battery),4.956521739130435,23,realme,Kota Depok,4199000
"Realme Note 50 4/64GB & 4/128GB, Unisoc Tiger T612 | Bergaransi",5.0,1,EVOGAD,Kota Jakarta Barat,1221000
Xiaomi Redmi Note 13 4G Garansi Resmi,,,Dukomsel Handphone,Kota Bandung,2499000
Tecno Spark 20 Pro,,,AGUNG CELL TASIKMALAYA,Kota Tasikmalaya,2499000
"LUNA Smartphone V6 RAM 6/128GB Dual SIM 4G LTE 6.5"" Inch IPS HD+ 20MP Camera Android 12 5000mAh",5.0,3,LUNA.,Kota Jakarta Utara,1299000
Realme 9i 6/128GB Garansi Resmi Indonesia,,,Apollo Gadget Store,Kota Surabaya,2899000
Xiaomi Redmi 12 - 8GB/256GB,,,Komunika Sell,Kota Jakarta Selatan,1990000
Xiaomi Redmi Note 13 Pro 5G 8/256GB Garansi Resmi,,,OBONG CELL,Kota Surabaya,4399000
Infinix Note 40 8/256GB - Garansi Resmi,,,Syihab Group Store,Kota Banjarbaru,2899000
"XIAOMI REDMI NOTE 12 4/128, 6/128, 8/128 GB GARANSI RESMI",5.0,1,SURYA HALIM PONSEL,Kota Medan,2015000
Xiaomi Redmi Note 13 Pro 4G 8/256GB Helio G99-Ultra,,,UFO ELEKTRONIKA DAN FURNITURE,Kota Surabaya,3698000
Oppo A79 8/256Gb [Garansi Resmi Oppo Indonesia],,,Planetgadget Store,Kota Jakarta Timur,3799000
"OPPO A60 8GB+8GB+128GB/256GB [NFC, 45W SUPERVOOC, Military-Grade Shock Resistance, 950nit Ultra-Bright]",,,NISFU GADGET,Kab. Sidoarjo,2599000
OPPO A79 5G RAM 8/256 GB GARANSI RESMI ORIGINAL BISA KREDIVO / PAYLATTER,,,ardyzhn,Kota Surabaya,3799000
Realme C51S Garansi Resmi Realme,,,Gudang HP Tangerang,Kab. Tangerang,1672000
Vivo Y18 6/128GB Garansi Resmi Indonesia,,,Apollo Gadget Store,Kota Surabaya,1999000
TECNO CAMON 19 Pro 8+5GB* +128GB [Night Camera 64MP+50MP With OIS+EIS],,,Mobile Plaza Indonesia,Kota Bandung,3599000
Asus Zenfone 11 Ultra 5G 12/256GB Garansi Resmi,,,cworld.id,Kota Denpasar,9999000
realme 12 Pro Plus 8GB+8GB*|256GB (Periscope Potrait Camera | SONY IMX890 OIS Camera | Snapdragon 7z Gen 2 5G Chipset | 120Hz Curved Display),5.0,2,realme,Kota Depok,5879200
SMARTPHONE A54 SMARTPHONE RAM 6/128GB  FULLSET,4.755663430420712,2472,OneWayCell,Kota Jakarta Barat,817000
realme C51s 6GB+6GB*|128GB (50MP AI Camera | 90Hz Vivid Display | 7.49mm Ultra Slim | Mini Capsule | 5000mAh Battery | 33W Supervooc),4.833333333333333,12,realme Authorized Store,Kota Tangerang,1799000
Second !!! Hape Murah Bergaransi Ram 4GB Internal 64GB,,,Yunishop069,Kota Jakarta Utara,420000
Vivo V30e 5G V29e  8/256GB 8/128GB NFC 44W Fast Charging 100% Original Garansi Resmi terbaru hp 2024,5.0,25,CC  Shop,Kota Jakarta Utara,4081784
【Beli 1 Gratis 6】 hp murah Reno8Z Pro 5G 7.5Inci Ponsel Jaminan Kualitas RAM 16GB ROM 512GB Dual Card SIM Smartphone Android Ponsel baru original Handphone murah promo cuci gudang hp murah  hp murah promo cuci gudang RENO9 PRO | hp RENO7 PRO | RENO6 PRO,4.606060606060606,297,Smart Phone Sale,Kota Jakarta Utara,1049999
SMARTPHONE A3S RAM 6/128GB  4G - FULLSET BISA COD,,,StarPonsel.id,Kota Jakarta Utara,539000
"TECNO SPARK 20 Pro NFC – 12GB+256GB, 108MP+32MP, Helio G99, 6,78"" AMOLED FHD+ 120Hz, Stereo Dual Speaker, 5000mAh+33W Fast Charging, Android 13, Garansi 12+1 Bulan",4.75,20,TECNO,Kota Jakarta Utara,2499000
SMARTPHONE 13C RAM 8/256GB - FULLSET BISA COD,,,StarPonsel.id,Kota Jakarta Utara,1245000
Realme C53 Ram 6 Rom 128GB,5.0,1,Tiga MutiaraOfficial,Kota Surabaya,1775000
OPPO A18 4/128 - MEDIATEK HELIO G85 - DUST & WATER RESISTANCE,,,Mentari Cell,Kab. Madiun,1369000
REALME C51S 6/128 NEW GARANSI RESMI,4.9,20,J3 ID,Kota Medan,1639000
VIVO Y03 4/64 4/128 GB RAM 4GB 64GB 128G Smartphone Android Garansi Resmi,4.871794871794871,39,GalleryGadget Store,Kota Jakarta Pusat,1379000
Vivo V30 5G 12+12GB Extended RAM 512GB ROM 8/256GGB NFC 80W FlashCharge Garansi Resmi,4.976190476190476,42,CC  Shop,Kota Jakarta Utara,5229000
Infinix Hot 40 PRO,5.0,9,jikalaku,Kota Jakarta Pusat,2199000
Xiaomi Redmi Note 13 Pro 5G 8/256 - Garansi resmi,4.8,20,Gundala store,Kota Jakarta Pusat,4375000
XIAOMI REDMI 13 8/128 & 8/256 NEW GARANSI RESMI,,,J3 SHOP,Kota Medan,2019000
Infinix Note 30 Pro 8/256GB Extend RAM 8GB [WIRELESS CHARGER] - Garansi resmi,4.924050632911392,158,Gundala store,Kota Jakarta Pusat,2740000
Oppo A38 4/128GB & 6/128GB - Garansi Resmi 1 Tahun,5.0,4,Bintang Timur Selindo,Kota Jakarta Barat,1645000
[PROMO] POCO M5 4/128GB 4/64GB FULLSET MURAH ISTIMEWA,,,GadgetXCom,Kota Jakarta Barat,1590000
Realme C51s 6Gb/128Gb  Garansi Resmi,5.0,6,initokobudi shop,Kota Jakarta Selatan,1639000
HP Xiaomi Redmi A3 4/128GB GARANSI RESMI XIAOMI INDONESIA,,,Star Komsel Store,Kota Makassar,1249000
OPPO RENO 11F 5G RAM 8/256 GB | OPPO RENO11 F 5G RAM 8/256 GB GARANSI RESMI OPPO,5.0,7,189 CELL,Kota Jakarta Barat,3419900
Realme Note 50 4/64GB & 4/128GB - Garansi Resmi 1 Tahun,5.0,5,DiamondCell,Kota Jakarta Barat,1275000
INFINIX HOT 12i 4/64 GB NEW GARANSI RESMI,,,Ansori Cell,Kota Medan,1438000
OPPO A38 4/128 6/128 GB RAM 4 6 ROM 128 4GB 6GB 128GB Smartphone Android HP Handphone,4.916666666666667,12,GalleryGadget Store,Kota Jakarta Pusat,1695000
Xiaomi Redmi 9A Ram 4/128GB Garansi 1 Tahun,4.5,8,My Phone Shop,Kota Jakarta Pusat,805000
"(COD) Reno 9 Ponsel promosi ponsel pintar baru, ponsel sistem Android Bluetooth, ROM 16GB + 512GB, ponsel harga rendah 7,5 inci, mendukung permainan, jaminan kualitas tinggi",,,UNINICE Phone,Kota Bekasi,750000
Infinix Note 40 8/256GB - Up to 16GB Extended RAM - Helio G99 - 6.78” FHD+ Amoled 120Hz - Camera 108MP - 5000 mAh - NFC,5.0,1,MEDIKOM_88,Kab. Cirebon,2899000
HP VIVO  & Y56 5G Ram 8/256GB 50MP Camera / V23 5G Ram 8/256GB Baterai 5000 mAh Garansi 12 Bulan,5.0,1,success9913,Kota Jakarta Barat,2093000
OPPO Reno11 F 5G 8/256GB Garansi Resmi Smartphone,,,OBONG CELL,Kota Surabaya,4599000
Tecno Spark 10 Pro ( 8GB + 256GB ) Garansi Resmi,,,Bejana,Kota Jakarta Pusat,1735000
Infinix Gt 20 Pro Garansi Resmi,,,vinzflashsale,Kota Jakarta Utara,4447000
Xiaomi Redmi A3 - 4GB/128GB,,,Komunika Sell,Kota Jakarta Selatan,1199000
Tecno Camon 20 Premier - 8GB/512GB,5.0,1,Komunika Sell,Kota Jakarta Selatan,5280000
Xiaomi Redmi Note 13 Pro Plus 5G 12/512GB ANDROID,,,Yulia Mobilephone,Kota Semarang,5999000
[PROMO] REALME C65 8/256GB 6/128GB FULLSET MURAH ISTIMEWA,,,GadgetXCom,Kota Jakarta Barat,1490000
Samsung Galaxy S23 5G - 8GB/256GB,,,Komunika Sell,Kota Jakarta Selatan,10415000
oppo reno 10  5G 8/256,,,Naga Cell Sidareja,Kab. Cilacap,5999000
"OPPO A60 8GB+8GB/128GB [FRESH] Snapdragon 680, 45W SUPERVOOC - Garansi resmi",5.0,1,Gundala store,Kota Jakarta Pusat,2350000
Hp Xiaomi Redmi Note 13 Pro+ 5G Ram 12GB Internal 512GB Garansi Resmi,,,wwponsel_hangtuah,Kota Pekanbaru,5999000
Samsung Galaxy Z Fold5 5G Online Exclusive,5.0,1,Samsung Exclusive,Kab. Tangerang,23999000
Infinix Smart 8 4/128GB,,,HapeJOSS,Kota Semarang,1249000
Realme c53 NFC Ram 6+128 GB & C51 NFC 4+64GB  kamera 50 mp garansi realme resmi 1 tahun,4.913636363636364,220,Gudang phoncell,Kab. Bogor,1345000
"[DISKON EXTRA] TECNO POVA 5 Pro 5G – Dimensity 6080 5G, 8+8GB*+256GB, 68W Super Fast Charging+5000mAh, 120Hz+6,78"" FHD+, Hard Gyroscope, NFC, Turbo Light Mecha, Android 13, Garansi 12+1 Bulan",4.941825476429288,997,TECNO,Kota Jakarta Utara,2539000
PROMO TERMURAH..  Infinix Note 40 Pro 5G // Note 40 // Note 30 pro // Note 30 // Hot 40i // Hot 40 pro // Hot 30i // Hot 30 // Zero 5G 2023 // Zero 20 8/256 GB Garansi Resmi,4.157894736842105,19,Media Com,Kota Jakarta Barat,1135000
"infinix smart 8 Pro 16+128 GB (pengganti tipe smart 7 ) kamera 50 mp, helio G,37 & Ready Smart 8 6+64 GB garansi Resmi (imei terdaftar) garansi resmi infinix",5.0,53,Gudang phoncell,Kab. Bogor,1185000
xiaomi redmi 10c (10 c) ram 4/64 4/128 [4gb 64gb / 128gb] - garansi resmi,,,Wahana Komunikasi,Kota Jakarta Timur,1499000
Samsung a13 ram 6/128 masih mulus fulset ori,,,CANTIKA AMANAH CELULLER,Kab. Bogor,1950000
Vivo Y18 4/64 4/128 6/128 Helio G85 Processor 5000mAh Baterai NFC 100% Original Garansi Resmi Bisa COD,5.0,1,DST HP,Kota Jakarta Utara,1589000
XIAOMI REDMI 13C 8/256 vs 6/128 - MEDIATEK HELIO G85 -  TRIPLE KAMERA 50MP - NFC,,,Mentari Cell,Kab. Madiun,1449000
Infinix Hot 40i,4.875,16,jikalaku,Kota Jakarta Pusat,1627000
Infinix Hot 40i 8/256 GB RAM 8 ROM 256 8GB 256GB Smartphone Android HP Handphone Terbaru,4.909090909090909,98,SuperGadget,Kota Jakarta Pusat,1709000
Poco C65 6/128GB & 8/256GB - Garansi Resmi 1 Tahun,4.894736842105263,38,Bintang Timur Selindo,Kota Jakarta Barat,1459000
VIVO Y18 RAM 6/128 GB | VIVO Y 18 RAM 4/128 GB | VIVO Y18 RAM 4/64 GB GARANSI RESMI,5.0,1,189 CELL,Kota Jakarta Barat,1449900
Infinix Hot 40i 8/256 Garansi Resmi,,,antaboga phone,Kota Bandung,1680000
Vivo Y100 5G 8/128GB | 8/256GB Garansi Resmi,,,Okeshop Official,Kota Jakarta Pusat,3899000
INFINIX SMART 8 PRO Ram 16GB ( 8+8GB )/ 128GB | 50MP CAMERA | 90 HZ MAGIC RING PUNCH-HOLE SCREEN |,,,NISFU GADGET,Kab. Sidoarjo,1599000
itel P55 4G NFC 8/128GB 8/256GB Garansi Resmi itel Indonesia,5.0,2,Zabeela Store,Kota Bandung,1365000
Vivo Y18 4/64GB Garansi Resmi Indonesia,,,Apollo Gadget Store,Kota Surabaya,1599000
"(COD) Ponsel pintar 5G asli baru V29 16GB+512GB dual SIM WiFi dual standby 6800mAh layar HD 7,5 inci buka kunci dengan wajah ponsel gaming kantor harga murah ponsel pintar resmi dijamin autentik",,,UNINICE Phone,Kota Bekasi,1049999
OPPO Reno11 F 5G 8/256 GB 256GB 8GB HP Reno 11F Smartphone Android,5.0,1,Original Link,Kota Jakarta Utara,4045000
XIAOMI REDMI NOTE 13 PRO 5G / 4G 8/256 NEW GARANSI RESMI,,,J3 SHOP,Kota Medan,3849000
Xiaomi Poco C65 6/128GB & 8/256GB - Garansi Resmi 1 Tahun,5.0,1,DiamondCell,Kota Jakarta Barat,1505000
"[PROMO] XIAOMI REDMI A1 | 3GB+32GB | OS Android 12 (Go edition), MIUI 12",5.0,4,Mentari Cell,Kab. Madiun,924000
"[NEW] vivo V30 Pro 5G (12+12GB/512GB) - ZEISS Professional Portrait, All New Aura Light Portrait, Dual 50MP Wide-Angle, Dimensity 8200",5.0,3,vivo,Kab. Tangerang,8999000
XIAOMI REDMI NOTE 12 PRO 5G 8/256 GB,,,digitalselulargroup,Kota Medan,3880000
HP BARU SAMSUNG A04E RAM 3/32 GB NEW 100% ORI GRS RESMI INDONESIA TERMURAH,,,AMOmart,Kota Medan,1299000
OPPO A60 8/256 NEW GARANSI RESMI,,,KSTORE87,Kota Medan,2719000
"Infinix Smartphone Note 40 8/256GB 6,78 Inch Garansi Resmi",,,ANDALAS CELLULAR,Kota Balikpapan,2899000
Samsung Galaxy S23+ Plus 5G,,,jikalaku,Kota Jakarta Pusat,11309000
Samsung Galaxy S24 5G 8/256 & 8/512GB Exynos2400 | Garansi Resmi SEIN,5.0,1,EVOGAD,Kota Jakarta Barat,12904000
Xiaomi Redmi Note 13 8/256GB,,,Gudang Cell Tasikmalaya,Kota Tasikmalaya,2799000
Oppo A60 8/128GB Garansi Resmi,,,hacom store surabaya,Kota Surabaya,2599000
HP OPPO A79 5G 8/256 5G GARANSI RESMI OPPO INDONESIA,,,Star Komsel Store,Kota Makassar,3799000
Hp Realme 11 Pro+ 5G Ram 12GB Internal 512GB Garansi Resmi,,,wwponsel_hangtuah,Kota Pekanbaru,6999000
Samsung Galaxy A05s 6/128GB Garansi Resmi SEIN,5.0,2,Apollo Gadget Store,Kota Surabaya,2199000
OPPO RENO 11 5G RAM 8GB/25GB GARANSI RESMI NASIONAL,,,indahponseltamora,Kab. Deli Serdang,5531000
XIAOMI 14 5G 12/512 NEW GARANSI RESMI,,,J3 ID,Kota Medan,12199000
PROMO TERMURAH...  SAMSUNG A23 5G RAM 6/128 FULLSET MURAH ISTIMEWA,5.0,1,Media Com,Kota Jakarta Barat,2650000
Hp Realme C65 Ram 8GB Internal 128GB Garansi Resmi,,,wwponsel_hangtuah,Kota Pekanbaru,2399000
Apple iPhone 11,4.965067778936392,1918,iBox,Kab. Tangerang,6249000
Vivo Y28 NFC RAM 8GB ROM 128GB 256GB Helio G85 Processor NFC 100% Original Garansi Resmi Bisa COD,4.773913043478261,115,DST HP,Kota Jakarta Utara,2169000
"[BEST SELLER] OPPO A58 6/128GB [6GB+6GB RAM Expansion, 5000mAh SUPERVOOC 33W, FHD+ Big Screen]",4.912826899128269,803,OPPO,Kota Tangerang,2399000
Infinix Smart 8 4/128GB - Up to 8GB RAM - 6.6 Magic Ring - 5000 mAh,5.0,2,Invens Store,Kota Jakarta Utara,1219000
Samsung Galaxy A35 5G 8/128GB 8/256GB - [Garansi Resmi Samsung Indonesia],,,Planetgadget Store,Kota Jakarta Timur,4999000
Redmi A1 Ram 2/32 GB (Second Bergaransi),5.0,5,HP SECOND JOSS,Kab. Serang,699000
Infinix Hot 40i 8/256GB 8GB 256GB Smartphone Garansi Resmi Termurah Handphone Android Terbaru,4.9393939393939394,132,GalleryGadget Store,Kota Jakarta Pusat,1713000
Samsung Galaxy A51 Ram 8/128 GB - SECOND - FULLSET - BISA CICILAN PAYLATER KREDIVO,5.0,1,redacell,Kota Banjar,2549000
Vivo Y18 Nfc V2333 Ram 4gb / 64gb,,,Dukomsel Handphone,Kota Bandung,1646970
Xiaomi Redmi Note 13 8/256GB - Garansi resmi,4.925925925925926,27,Gundala store,Kota Jakarta Pusat,2330000
Redmi 12 8/128GB garansi Resmi,,,Uranus Com,Kota Semarang,1790000
SAMSUNG GALAXY A55 5G RAM (8GB+256GB) - GARANSI RESMI,5.0,6,Duniagadgetku,Kota Jakarta Barat,5649000
VIVO Y28 6/128GB 8/128GB 8/256 RAM 6 8 ROM 128 256 GB 6GB 8GB 128GB 256GB Garansi Resmi Handphone Terbaru,5.0,51,GalleryGadget Store,Kota Jakarta Pusat,2149000
INFINIX SMART 5 RAM 2/32 FULLSET MURAH ISTIMEWA,3.5714285714285716,7,Media Com,Kota Jakarta Barat,744000
Vivo Y17S  | Vivo Y18 Garansi Resmi VIVO INDONESIA,4.75,8,Gudang HP Tangerang,Kab. Tangerang,1447000
"Samsung Galaxy S23 5G Smartphone 256GB, Handphone AI",4.9655172413793105,58,Samsung,Kota Depok,10500000
HP Vivo Y18 6GB+6GB Extened RAM 50MP AI Camera 6.56 inches Screen 100% Original Garansi Resmi 2024,,,1stLine,Kota Jakarta Utara,1569000
ZTE V50 Prime Design 8/256GB - Garansi Resmi 1 Tahun,5.0,1,DiamondCell,Kota Jakarta Barat,1689000
Vivo Y51 Ram 8/128 Gb (Second Bergaransi),,,HP SECOND JOSS,Kab. Serang,1400000
OPPO A60 (8GB+128GB) (8GB+256GB) - GARANSI RESMI,5.0,1,Duniagadgetku,Kota Jakarta Barat,2349000
TECNO SPARK 20C RAM 4GB/128GB & 8GB/128GB GARANSI RESMI NASIONAL,,,indahponseltamora,Kab. Deli Serdang,1154000
realme 11 Pro 8GB+8GB* | 256GB (120Hz Curved Vision Display | 100MP OIS ProLight Camera | Dimensity 7050 5G Chipset | 67W SUPERVOOC Charge | 5000mAh Massive Battery),4.888888888888889,18,realme,Kota Depok,4599000
Vivo Y100 5G 8/128GB & 8/256GB - Garansi Resmi 1 Tahun,5.0,1,Bintang Timur Selindo,Kota Jakarta Barat,3259000
OPPO A60 8/128 & 8/256 NEW GARANSI RESMI OPPO,4.833333333333333,6,J3 ID,Kota Medan,2449000
Realme C53 6/128GB Garansi Resmi,,,Okeshop Official,Kota Jakarta Pusat,1859000
Utour Smartphone A3S Ram 6 / 128 GB Garansi 1 Tahun Bayar di Tempat,5.0,1,Utour Electronics,Kab. Tangerang,539000
Oppo Reno10 5G 8/256GB NFC 67W SUPERVOOC 32MP Kamera Baterai 5000mAh Garansi Resmi Bisa COD,5.0,1,DST HP,Kota Jakarta Utara,4389000
INFINIX HOT 40I 8/256GB GARANSI RESMI,,,SMS Shop Online,Kota Semarang,1871000
VIVO V30 RAM 8/256GB & 12/512GB,,,BANTEN PONSEL,Kota Serang,5269000
hp Oppo a18 4/128gb garansi resmi Oppo 1 tahun,,,Sinar Ponsel,Kab. Bekasi,1500000
Sharp AQUOS Sense8 8GB/256GB Handphone Sense 8,5.0,1,UFO ELEKTRONIKA DAN FURNITURE,Kota Surabaya,4498000
Infinix Smart 8 Pro 8/128GB resmi,,,HapeJOSS,Kota Semarang,1399000
Xiaomi Redmi Note 13 Pro 8/256GB,,,Gudang Cell Tasikmalaya,Kota Tasikmalaya,3799000
XIAOMI NOTE 13 8/128 NEW GARANSI RESMI,,,KSTORE87,Kota Medan,2360000
Hp Poco X6 Pro Ram 12GB Internal 512GB Garansi Resmi,,,wwponsel_hangtuah,Kota Pekanbaru,5700000
Oppo A79 5G 8/256GB,,,Gudang Cell Tasikmalaya,Kota Tasikmalaya,3799000
Infinix Samrtphone Hot 40 Pro 6.78 Inch Garansi Resmi,5.0,1,ANDALAS CELLULAR,Kota Balikpapan,2199000
Infinix Note 40 Pro+ 5G ( Ram 12GB + Rom 256GB ) - Garansi Resmi,,,Channel B,Kota Jakarta Pusat,4479000
VIVO Y100 5G 8/128GB Garansi Resmi Indonesia,,,Apollo Gadget Store,Kota Surabaya,3599000
Hp Redmi Note 13 Pro 4G Ram 8GB Internal 256GB Garansi Resmi,,,wwponsel_hangtuah,Kota Pekanbaru,3799000
Phone 13 Pro RAM 1TB  512GB Garansi Resmi IBox - Grandivo,,,Grandivoo,Kab. Sidoarjo,17999000
XIAOMI REDMI NOTE 12 PRO 4G vs 5G - 8+256 vs 6+128 - FULLSET RESMI TERMURAH BISA COD,5.0,7,Mentari Cell,Kab. Madiun,2499000
VIVO Y19 RAM 8/256 GB,4.666666666666667,3,penjual laku aja,Kota Bandung,799000
Xiaomi Redmi 13C Garansi Resmi,,,antaboga phone,Kota Bandung,1524000
HP SMARTPHONE A16 RAM 6/128GB - FULLSET BISA COD,4.0,1,Sun Phonestore,Kota Jakarta Utara,769000
Vivo Y28 8/256GB 8/128GB 6/128GB NFC 6000mAh Baterai 44W FastCharge Garansi Resmi Terbaru 2024 hp,4.9655172413793105,58,CC  Shop,Kota Jakarta Utara,2195000
Official Xiaomi Redmi Note 13 Pro | Kamera 200 MP ultra-jernih dengan OIS MediaTek Helio G99-Ultra Layar 120 Hz FHD+ AMOLED,5.0,35,Xiaomi,Kota Depok,3798900
[LIKE NEW] INFINIX NOTE 30 PRO 8/256 - 5000mAh - CHIPSET HELIO G99 - AMOLED SCREEN [BISA COD],4.714285714285714,7,Mentari Cell,Kab. Madiun,2399000
realme Note 50,5.0,27,jikalaku,Kota Jakarta Pusat,1171000
"【new】itel RS4 RAM 12+256GB - NFC - G99 Ultimate - 45W Power Charge - 120Hz 6.6"" - Dual Speaker",5.0,1,Itel Shop,Kab. Tangerang,2249000
Xiaomi Redmi A3 4/128 GB 4/64GB Garansi Resmi,4.545454545454546,11,Distributor Ponsel,Kota Jakarta Pusat,1224000
REALME 12 PLUS 5G 8/256 NEW GARANSI RESMI,5.0,17,J3 SHOP,Kota Medan,3799000
Vivo V30 5G 12/512GB 80W FastCharge 50MP Camera VIVO V30 5G Terbaru 2024 100% Original Garansi Resmi,4.914285714285715,140,1stLine,Kota Jakarta Utara,5199000
[PROMO] HP A5s 6/128GB - Garansi 1 Tahun,,,BroO_CeLL,Kab. Bogor,679890
VIVO Y17S 6/128 NEW GARANSI RESMI,,,KSTORE87,Kota Medan,1625000
"TECNO SPARK 10 NFC – 8+8GB*+128GB, 50MP+AI Main Rear with Dual LED Flash + 8MP Front Camera, Helio G37, 6,56” HD+ 90Hz, 5000mAh + 18watt + Type C, Android 13, Garansi 12+1 Bulan",,91,TECNO Official Store,Kota Depok,1349000
PROMOO infinix bergarnsi fullset,5.0,12,BERKAT COMPUTER,Kota Jakarta Barat,1200000
Samsung Galaxy A55 5G - Garansi resmi,5.0,6,Gundala store,Kota Jakarta Pusat,5410000
Xiaomi Redmi Note 12 Pro 4G - Garansi resmi,4.875,56,Gundala store,Kota Jakarta Pusat,3085000
Vivo Y18 4+64GB 4+128GB 6+128GB NFC 50MP AI Camera 100% Original Garansi Resmi Terbaru 2024 HP,5.0,1,XCI,Kota Jakarta Utara,1569000
hp VIVO Y93 ram 6 128GB Smartphone 13MP+8MP HD KAMERA Original Garansi Resmi 100% Baru hpmurah ram besar 6/128 4/128 3/32 Handphone second android murah800 ribuan termurah 6.2inci layar full 4030mAh Y91 hp 1jtaan promo cuci gudang asli 2023 COD Bekas,4.25,8,Aurora888,Kota Jakarta Barat,699000
terbaru 2023 hp murah HP Resmi 10 Ram 6/128GB 6.5 inci hp 5/4G android ponsel Asli Garansi resmi Promo Dual SIM Dual handphone[Headset Bluetooth gratis],5.0,1,SUNNY MALL-1,Kota Jakarta Barat,1589000
Xiaomi Redmi Note 13 Pro 4G 8/256 GB,,,Willsoon_Store,Kota Jakarta Barat,4499000
Xiaomi Redmi Note 13 Pro 5G 8/256GB ANDROID,,,Yulia Mobilephone,Kota Semarang,4499000
Oppo A60 8/128GB NEW Garansi Resmi,,,OBONG CELL,Kota Surabaya,2999000
Smartphone TECNO Spark 20C 4/128GB Garansi Resmi,,,hacom store surabaya,Kota Surabaya,1249000
VIVO V30E 8/128 & 8/256 NEW GARANSI RESMI,,,KSTORE87,Kota Medan,3919000
Xiaomi Redmi 12 RAM 8/256 - CHIPSET MEDIATEK HELIO - BATREI 5000MAH,,,Mentari Cell,Kab. Madiun,1831000
Infinix Note 40 Pro+ 5G ( Ram 12GB + Rom 256GB ) Garansi Resmi,,,Bejana,Kota Jakarta Pusat,4479000
REALME 12 PRO PLUS 5G 12/512 & 8/256 &  REALME 12 PLUS 8/256 NEW GARANSI RESMI,4.9375,16,J3 ID,Kota Medan,3799000
OPPO Reno10 5G 8GB/256GB - Garansi resmi,,,Gundala store,Kota Jakarta Pusat,4210000
Spark 10 Pro 8/256GB | Android 13 Mediatek Helio G88 | Garansi Resmi,5.0,1,EVOGAD,Kota Jakarta Barat,1727000
Infinix  NFC by tecno spark 20C 16+128 GB garansi 1 tahun resmi,5.0,5,Gudang phoncell,Kab. Bogor,1295000
Intelligent mobile phoneIntelligent mobile phoneIntelligent mobile phone,5.0,1,Yinjieindonesia,Kota Jakarta Utara,975942
Redmi Note 13  Pro PLUS 5G,,,jikalaku,Kota Jakarta Pusat,5800000
TERMURAH! Samsung Galaxy S24 Ultra 12GB/1TB Garansi Resmi,,,OBONG CELL,Kota Surabaya,23999000
Xiaomi Redmi Note 13 5G - 8GB/256GB,,,Komunika Sell,Kota Jakarta Selatan,2970000
Oppo Reno8 Pro 5G Brand New In Box Garansi Resmi Indoinesia,,,FEDOFONE SMARTPHONE,Kota Padang,10200000
"Xiaomi Redmi Note 13 Pro+ 5G 12GB/512GB, Garansi Resmi, New BNIB, Grandivo.",,,Grandivoo,Kab. Sidoarjo,6168000
Xiaomi Redmi 13 4G - 8GB/256GB,,,Komunika Sell,Kota Jakarta Selatan,2199000
hp xiaomi redmi 10 ram 4/64 6/128 [4gb 64gb / 6gb 128gb] 50mp 5000 mAh - garansi resmi,,,Wahana Komunikasi,Kota Jakarta Timur,1550000
Infinix Note 40 Pro 8/256 Garansi Resmi,,,MetaCore,Kota Bandung,3328000
"HP MAXTRON P12i SUPER -- HP CANDYBAR 2,4"" - BIG SPEAKER - HP OUTDOOR - HP GUNUNG - HP POWERBANK - BLUETOOTH SPEAKER - HP MAXTRON P12 - Dual Sim - Powerbank / Fm Radio / hp murah / hp keren / Laz Promo Murah Nampol",4.625,8,nangkene_baen,Kota Surabaya,389000
Infinix Hot 40 Pro 8/128 8/256 RAM 8 ROM 128 256 GB 8GB 128GB 256GB,5.0,7,Original Link,Kota Jakarta Utara,2149000
"Realme 12 5G 8GB+8GB / 256GB 108MP Camera , Garansi Resmi , Grandivo",5.0,2,Grandivoo,Kab. Sidoarjo,3699000
OPPO Reno 11F 5G 8/256 GB 8GB 256GB Reno11 F Android HP Terbaru Termurah,4.9375,16,GalleryGadget Store,Kota Jakarta Pusat,4050000
itel S23+ 8+256GB Unisoc Tiger T616 5000 mAh 18W 6.78 inches- AMOLED CURVED - 32MP AI SELFIE - NFC,4.923076923076923,13,Itel Shop,Kab. Tangerang,2199000
realme 12 Pro Plus 12GB+12GB*|512GB (Periscope Potrait Camera | SONY IMX890 OIS Camera | Snapdragon 7z Gen 2 5G Chipset | 120Hz Curved Display),5.0,2,realme,Kota Depok,6859200
Realme C65 8/128GB & 8/256GB - Garansi Resmi 1 Tahun,4.833333333333333,6,Bintang Timur Selindo,Kota Jakarta Barat,2269000
Apple iPhone 14,4.9921259842519685,127,Digimap,Kota Jakarta Barat,11999000
Infinix Hot 40i 8/256 GB Garansi Resmi,4.92,75,Distributor Ponsel,Kota Jakarta Pusat,1715000
INFINIX HOT 40 PRO NFC 8/256 & HOT 40I 8/256 NEW GARANSI RESMI INFINIX,4.925925925925926,27,J3 SHOP,Kota Medan,1699000
XIAOMI REDMI A3 4/128 GB GARANSI RESMI,,,ARSENTO 99,Kota Malang,1175000
ITEL RS4 (8GB+128GB) (12GB+256GB)  - GARANSI RESMI,4.96969696969697,33,Duniagadgetku,Kota Jakarta Barat,1835000
"Samsung Galaxy A34 5G - Triple Camera 48MP, NFC - Garansi resmi",4.933333333333334,15,Gundala store,Kota Jakarta Pusat,3650000
Oppo A18 ram 4+128 GB garansi resmi oppo 1 tahun (imei terdaftar),4.885714285714286,35,JIU_PHONCELL,Kab. Bogor,1295000
REALME C65 8/128 & 8/256 NEW GARANSI RESMI,5.0,1,J3 SHOP,Kota Medan,2219000
Infinix Hot 40 PRO - Garansi resmi,4.791666666666667,24,Gundala store,Kota Jakarta Pusat,2095000
Tecno SPARK 10 NFC 8/128GB Camera 50MP - Garansi resmi,,,Gundala store,Kota Jakarta Pusat,1380000
POCO X6 Pro 5G 12/512GB Garansi Resmi/ BNIB,,,ACE SHOP 2,Kab. Wonogiri,4940000
Oppo A16 Biru Ram 4/64gb,5.0,6,Yani Market,Kab. Grobogan,1950000
REALME C65 RAM 8/256 GB | REALME C 65 RAM 8/128 GB GARANSI RESMI REALME INDONESIA,5.0,2,189 CELL,Kota Jakarta Barat,1449900
Oppo reno 10 5G garansi resmi oppo 1tahun (imei terdaftar),4.8,10,JIU_PHONCELL,Kab. Bogor,4599000
PROMO HP Infinix Note 12 VIP 8/256 GB 256GB BNIB New - Blue - RAM 8/256GB,4.2,5,BERKAT COMPUTER,Kota Jakarta Barat,2800000
Vivo Y18 6GB+6GB Extended RAM 128GB ROM NFC 6.56 inches Terbaru 2024 100% Original Garansi Resmi,,,XCI,Kota Jakarta Utara,1569000
INFINIX NOTE 40 PRO 5G RAM 8/256GB - NEW GARANSI RESMI,,,KOTAK KATIK,Kab. Purwakarta,3649000
Samsung Galaxy A52 Ram 8/256 GB (Second Bergaransi),4.9,10,HP SECOND JOSS,Kab. Serang,2500000
Oppo Reno11 F 5G [8GB/256GB] Extended RAM 6GB - Dimensity 7050 - 64MP Triple Camera - 67W SuperVOOC Garansi Resmi 1 Tahun,,,Penabur,Kab. Bekasi,4043000
OPPO A18 4/128 GARANSI RESMI,,,mtcsuper 03,Kota Makassar,1535000
SAMSUNG A15 5G 8/256 NEW GARANSI RESMI,,,KSTORE87,Kota Medan,3275000
Infinix Hot 40 Pro 8/256GB New Garansi Resmi,4.0,1,GadgetXpert,Kab. Purwakarta,2199000
Samsung Galaxy S23 FE 8/128 8/256 RAM 8 ROM 128 256 GB 8GB 128GB 256GB Smartphone Android HP Handphone,,,SuperGadget,Kota Jakarta Pusat,7179000
TECNO POVA 5 8/256GB - Garansi Resmi,5.0,1,Toko Lasvegas,Kota Surabaya,1999000
"Vivo iqoo Z9X 5G 8gb/128gb LCD 6,72'' inc New Original Garansi Resmi - NO REPACK",,,TJSTORE Surabaya,Kota Surabaya,2949000
Poco X6 Pro 5G 12/512GB - Garansi Resmi 1 Tahun,5.0,1,Bintang Timur Selindo,Kota Jakarta Barat,5145000
Infinix GT 20 Pro 5G - 8GB/256GB,,,Komunika Sell,Kota Jakarta Selatan,4530000
Xiaomi Redmi Note 13 Pro+ 5G 12/512GB Ram 12GB Rom 512GB Garansi Resmi,,,MnM Phone,Kota Jakarta Pusat,5899000
Samsung Galaxy S24 S24+ Plus 8/256 8/512 12/256 12/512 RAM 8 12 ROM 256 512 GB 8GB 12GB 256GB 512GB HP Smartphone Android,,,SuperGadget,Kota Jakarta Pusat,13249000
"PROMO HP Samsung Galaxy A-13 4/64 GB RAM 6/128 4/128 BONUS TEMPER GLAS - RAM 6/128GB, Hitam",,,BERKAT COMPUTER,Kota Jakarta Barat,1875000
Oppo Reno 7 5G Ram 8/256 GB (Second Bergaransi),,,HP SECOND JOSS,Kab. Serang,2800000
【Beli 1 Gratis 6】HP Murah Galaxy S23 Ultra+ 5G 7.5 inch RAM16GB+512GB 32MP+64MP HD Kamera 6800mAh Baterai Kartu SIM Ganda 5G WiFi Smartphone Siswa hp murah Original Siswa Belajar Ponsel Produk asli resmi penjualan promosi bisa cod,4.617021276595745,94,baby shoping13,Kota Jakarta Utara,1049999
INFINIX SMART 8 PRO - 16GB / 128GB - Helio G36 - 90Hz Display - Baterai 5.000mAh Garansi Resmi,4.956521739130435,46,NISFU GADGET,Kab. Sidoarjo,1299000
INFINIX HOT 30 NFC - Ram 16GB / Rom 256 GB - Helio G88 - Camera 50MP  - Garansi Resmi,4.978260869565218,46,NISFU GADGET,Kab. Sidoarjo,1849000
hp xiaomi redmi note 10 5G ram 4/128 [4gb 128gb] NFC baterai 5000 mAh - garansi resmi,,,Wahana Komunikasi,Kota Jakarta Timur,1750000
"iCHERRY C207 GAME PHONE - HP GAME 2,8"" DUAL SIM GSM / Big Speaker / hp murah / hp unik / Laz Promo Murah Nampol",5.0,1,nangkene_baen,Kota Surabaya,239000
SMARTPHONE A57  RAM6 INTERNAL 128GB GARANSI 1TAHUN/BISA COD,,,Sun Phonestore,Kota Jakarta Utara,820000
"[NEW] vivo V30 5G (8+8GB/256GB) - All New Aura Light Portrait, Dual 50MP Wide-Angle, Snapdragon 7 Gen 3, 5000mAh+80W FlashCharge",5.0,16,vivo,Kab. Tangerang,5999000
Samsung A12 RAM 6\128 Nominus masih mulus fullshet second rasa baru garansi resmi indonesia,5.0,4,Rizky Hawers Cell,Kab. Bogor,1300000
Vivo Y18 6/128GB 4/128GB 4/64GB NFC 5000mAh Baterai 50MP Al Camera IP54 Tahan Air Garansi Resmi,,,CC  Shop,Kota Jakarta Utara,1539000
OPPO A18 4/128 - MEDIATEK HELIO G85 - 5000mAH LARGE BATTERY,4.75,12,Mentari Cell,Kab. Madiun,1369000
VIVO Y100 5G 8/256 & 8/128 NEW GARANSI RESMI,5.0,1,J3 SHOP,Kota Medan,3149000
REALME NOTE 50 (4GB+64GB) (4GB+128GB) - GARANSI RESMI,4.9714285714285715,35,Duniagadgetku,Kota Jakarta Barat,1269000
Samsung Galaxy A05S 6/128 GB Garansi Resmi Not A04S A04 A05,4.857142857142857,14,Distributor Ponsel,Kota Jakarta Pusat,2057000
"TECNO POVA 4 - 13GB RAM, MediaTek G99, NFC, Baterai 6000mAh - Garansi resmi",4.865384615384615,52,Gundala store,Kota Jakarta Pusat,1925000
ITEL A70 4/256 & 4/128 & 4/64 NEW GARANSI RESMI,5.0,10,J3 ID,Kota Medan,1119000
realme C63 6GB+6GB*/8GB+8GB* | 128GB (45W Fast Charge | Air Gestures Control | TÜV Certification | 7.74mm Ultra Slim | NFC),5.0,1,realme Authorized Store,Kota Tangerang,1969000
ANDROID F1s RAM 4GB INTERNAL 64GB,,,BroO_CeLL,Kab. Bogor,429890
"TECNO CAMON 20 Pro 5G – 64MP+RGBW, 32MP AI Shining Selfie, MTK D8050 5G / Helio G99, 8+8GB*+256GB, 5000mAh + 33watt, Android 13, Garansi 12+1 Bulan",5.0,19,TECNO,Kota Jakarta Utara,2699000
Vivo Y17s 6/128GB 4/128GB 4/64GB NEW LANGSUNG KIRIM Garansi Resmi,5.0,3,Zabeela Store,Kota Bandung,1589000
OPPO A79 5G 8/256 GB Garansi Resmi,5.0,4,Distributor Ponsel,Kota Jakarta Pusat,3472000
[NEW LAUNCH] vivo Y100 5G (8/256) 80W FlashCharge + Amoled 120Hz + 50MP Wide Angle Camera,4.555555555555555,9,vivo,Kab. Tangerang,3899000
Xiaomi Redmi Note 13 Pro 8/256GB - Garansi resmi,5.0,3,Gundala store,Kota Jakarta Pusat,3655000
infinix hot 30 8/128 Garansi Resmi New,,,HAMDALAH99,Kota Surabaya,1839000
PROMO HP- Itel A49 2/32 GB Garansi free giff LIKE NEW,5.0,3,BERKAT COMPUTER,Kota Jakarta Barat,800000
REDMI 12 SERIES BERGARANSI RESMI,,,WIRAFONE KEDIRI,Kota Kediri,1799000
Xiaomi Redmi Note 13 Pro Plus 5G 12/512GB NFC,,,HapeJOSS,Kota Semarang,5999000
"REALME 12+ 5G 8/256GB, Android 14, Realme UI 5.0 | Garansi Resmi",,,EVOGAD,Kota Jakarta Barat,3808000
Hp Vivo Y18 4/64GB 4/128GB 6/128GB 5000mAh Baterai NFC 100% Original Garansi Resmi Baru 2024,,,1stLine,Kota Jakarta Utara,1589000
Xiaomi Redmi Note 13 AMOLED 120Hz 108MP Snapdragon 685 Garansi Resmi,,,Gadget Point,Kota Surabaya,2899000
SAMSUNG A05S 6/128 NEW GARANSI RESMI,,,KSTORE87,Kota Medan,2078000
HP XIAOMI REDMI 4X 2/16GB 3/32GB 4/64GB GARANSI 1 TAHUN HANDPHONE SMARTPHONE,,,wincelluler,Kota Jakarta Barat,415000
Xiakmi Redmi 13C 6+6/128 Garansi Resmi Segelbox,,,Diari_Shop,Kota Bandung,1629000
Realme 10 8GB + 256GB Garansi Resmi Realme Indonesia,,0,MEGA GADGET ELECTRONICS,Kota Jakarta Utara,2385000
SAMSUNG A23 5G 6/128GB mulus bergaransi,,,FR Store Solo,Kab. Sukoharjo,1885000
Realme 12 Pro Plus - 12GB/512GB,,,Komunika Sell,Kota Jakarta Selatan,6999000
Samsung Galaxy S24 Ultra - Garansi resmi,,,Gundala store,Kota Jakarta Pusat,18480000
Xiaomi Poco X6 Pro 5G Dimensity 8300 Ultra 120Hz Amoled Garansi Resmi,5.0,1,Alhana_Store,Kab. Bondowoso,5149000
Samsung Galaxy A15 5G RAM 8/256GB Garansi Resmi,,,Raja Ponsel Bandung,Kota Bandung,3599000
"Xiaomi Redmi Note 13 Pro+5G ,12/512",,,SOLID CELLULAR MEDAN,Kota Medan,5855000
OPPO A78 5G 8/128GB Garansi Resmi Indonesia,,,Apollo Gadget Store,Kota Surabaya,3999000
Samsung Galaxy S21+ 5G Samsung S21Plus 5G 8/256GB 8/128GB Second Mulus,,,ZYPHONE,Kota Tangerang,5240000
Infinix Smart 8 ram 4/128Gb | 3/64GB Garansi Resmi Infinix,5.0,1,Cantika amanah grup,Kab. Bogor,1092000
OPPO RENO 5 RAM 8\128 NOMINUS MASIH MULUS SECOND RASA BARU GARANSI RESMI INDONESIA,5.0,3,Rizky Hawers Cell,Kab. Bogor,2500000
REDMI NOTE 10S RAM 8\128 Nominus Masih Mulus Fullshet Second Rasa Baru Garansi Resmi Indonesia,5.0,2,Rizky Hawers Cell,Kab. Bogor,1700000
hp cuci gudang 2024 asli【Terbaru 2024 hp promo】Y17 Handphone android 5g/4g 7.5inci 12GB + 512GB Garansi resmi Gratis Ongkir Garasi resmi hp murah cuci gudang termurah promo Bisa COD Cicilan gaming phone hp,5.0,25,Yinjieindonesia,Kota Jakarta Utara,750000
Handphone Oppo a17 Ram 4/64 second masih mulus garansi resmi ORI Indonesia,5.0,3,Cantika amanah grup,Kab. Bogor,1485000
realme 10 8+256GB (Helio G99 Chipset | 90Hz Super AMOLED Display | 7.95mm Ultra-slim | 5000mAh Battery | 50MP Color AI Camera |  Up to 1TB External Memory),5.0,86,realme,Kota Depok,2999000
Nokia 105 2022 Garansi Resmi (TAM),5.0,39,jikalaku,Kota Jakarta Pusat,236000
Samsung A34 5G 8/128GB | 8/256GB | Garansi Resmi 1 Tahun,5.0,1,Captain Gadget Store,Kota Tasikmalaya,4799000
itel p55 5G Ram 12+128 GB mediatek dimensity 6080 fast charging 18w garansi resmi (imei terdaftar),5.0,3,Leon_cell99,Kab. Bogor,1325000
OPPO A38 6/128 & 4/128 NEW GARANSI RESMI OPPO,4.897058823529412,68,J3 SHOP,Kota Medan,1689000
Xiaomi Poco C65 RAM 8/256GB Garansi Resmi,5.0,2,DF Phone,Kota Tegal,1699000
Vivo V30 5G 8/256GB NFC Snapdragon 7 Gen 3 80W FlashCharge 50MP Camera 100% Original Garansi Resmi,4.966666666666667,120,1stLine,Kota Jakarta Utara,5207038
Redmi 10c Ram 4/128 GB (Second Bergaransi),5.0,8,HP SECOND JOSS,Kab. Serang,1025000
INFINIX HOT 40i 8/256 NEW GARANSI RESMI,,,J3 ID,Kota Medan,1699000
zte Blade V50 Ram 8/128GB *Garansi resmi*,,,BANTEN PONSEL,Kota Serang,1296000
Xiaomi POCO X6 5G 12/256GB Garansi Resmi,4.333333333333333,6,Distributor Ponsel,Kota Jakarta Pusat,4086000
REDMI 12 8/256 NEW GARANSI RESMI,,,KSTORE87,Kota Medan,1989000
Oppo Reno 11F 5G 8/256GB - Garansi Resmi 1 Tahun,5.0,1,Bintang Timur Selindo,Kota Jakarta Barat,4045000
SAMSUNG GALAXY A04e 3/64 GARANSI free giff,3.6666666666666665,3,BERKAT COMPUTER,Kota Jakarta Barat,1100000
"TECNO PHANTOM V Flip 5G 8+8GB+256GB, 64MP Ultra-clear Cam | Bergaransi",,,EVOGAD,Kota Jakarta Barat,7929000
HP Vivo V30e 5G 8+128GB 8+256GB 5500 mAh Baterai 60W Flashcharge Garansi Resmi 100% Original 2024,,,XCI,Kota Jakarta Utara,4155000
"Poco X6 5G [12GB/256GB] Extended RAM 8GB - Powerful Snapdragon 7s Gen 2 - 6.67"" FIow AMOLED - 64MP Triple Camera - Li-Po 5100mAh Garansi Resmi 15 Bulan",5.0,1,Penabur,Kab. Bekasi,3983000
Samsung Galaxy S24 8/512GB | 8/256GB Garansi Resmi SEIN,,,Ceria Ponsel,Kota Tangerang,12802000
Oppo A77s Ram 8GB Rom 128GB garansi resmi,5.0,1,Jagad Phone,Kota Surabaya,3200000
Tecno Spark 20 8/256,5.0,2,SOLID CELLULAR MEDAN,Kota Medan,1670000
Hp Vivo Y18 4/64GB 4/128GB 6/128GB NFC 5000mAh Baterai Terbaru 2024 100% Original Garansi Resmi,,,XCI,Kota Jakarta Utara,1589000
Samsung Galaxy S24 Ultra,5.0,1,jikalaku,Kota Jakarta Pusat,17580000
OPPO A38 6/128 NEW GARANSI RESMI,,,KSTORE87,Kota Medan,1865000
HP ITEL A70 4/64 GARANSI RESMI ITEL INDONESIA,,,Star Komsel Store,Kota Makassar,1099000
XIAOMI NOTE 12 PRO 5G 8/256 NEW GARANSI RESMI,,,KSTORE87,Kota Medan,3500000
"Samsung Galaxy A15 5G [8GB/256GB] Dimensity 6100+ - 50MP Triple Camera -  6.5"" Super AMOLED - NFC - Li-Po 5000mAh Garansi Resmi 1 Tahun",5.0,1,Penabur,Kab. Bekasi,3283000
Samsung Galaxy S23 5G 8/256GB Garansi Resmi SEIN,,,Apollo Gadget Store,Kota Surabaya,9999000
Infinix Hot 40 Pro 8GB 256GB Black Gold Blue Green - Garansi Resmi,,,GorillaTech Store,Kota Jakarta Barat,2194730
XIAOMI MI 12 LITE 5G [8/256 GB] GARANSI RESMI,,,Top Cellular Makassar,Kota Makassar,5559000
"Oppo Reno 11 PRO 5G 12/512GB, Qualcomm Snapdragon 8+ | Garansi Resmi",,,EVOGAD,Kota Jakarta Barat,8999000
SAMSUNG GALAXY S24 ULTRA 5G RAM 12GB/256 GB & 12GB/512 GB GARANSI RESMI NASIONAL,,,indahponseltamora,Kab. Deli Serdang,20380000
Samsung Galaxy A54 5G 8/256 GB - Garansi Resmi,,,Royal Makmur Handphone & Tablet,Kota Jakarta Timur,5399000
Samsung Galaxy A54 5G 8/256GB,,,TOKOPDA store,Kota Jakarta Pusat,5999000
OPPO Reno11 F 5G 8/256GB NFC 67W SUPERVOOC  MediaTek Dimensity 7050 Garansi Resmi 100% Original,,,CC  Shop,Kota Jakarta Utara,4058010
Realme 12+ 5G,,,Gudang Cell Tasikmalaya,Kota Tasikmalaya,4199000
"Galaxy A34 5G 8/256GB, Samsung A series, Layar Super AMOLED 6,6 inci, 5000 mAh, smartphone triple camera, HP Gamming, Smartphone, Android, Garansi resmi, Samsung official store",4.9332406119610575,719,Samsung,Kota Depok,3899000
"[NEW! Cicilan 0% s/d 18 Bulan] OPPO A79 5G NFC 8GB/256GB [5000 mAh Battery, 33W SUPERVOOC, 50MP AI CAMERA, Dual Stereo Speakers]",4.925,80,OPPO,Kota Tangerang,3799000
"REALME C33 4/128GB vs 4/64GB vs 3/32GB | OS Android 12, Realme UI S | Chipset Unisoc Tiger T612 (12 nm)",4.6976744186046515,43,Mentari Cell,Kab. Madiun,1299000
Xiaomi Redmi Note 13 8/128GB 108 MP Triple camera  Layar AMOLED 120 Hz BISA COD GRATIS ONGKIR,,,BandarHpNusantara,Kota Jakarta Utara,2399000
Samsung Galaxy A05 4/64GB 4/128GB 6/128GB [Garansi Resmi Samsung],5.0,2,Planetgadget Store,Kota Jakarta Timur,1399000
VIVO Y16 4+4GB / 128GB  - 5000Mah -GARANSI RESMI,5.0,5,NISFU GADGET,Kab. Sidoarjo,1599000
VIVO Y33S RAM 8/256FULLSET,4.833333333333333,6,OneWayCell,Kota Jakarta Barat,927000
VIVO Y22 RAM 4/64GB | 50MP CAM | Helio G85 | 5000mAh | 18w FastCharge l Bisa COD & CICILAN l TERBARU,4.972222222222222,36,I-Store,Kab. Tangerang,1559000
Xiaomi Poco X6 Pro 5G NFC - 12GB 512GB (12/512) AMOLED Garansi Resmi,5.0,4,CA Shop,Kota Jakarta Utara,5230000
OPPO A18 4GB/128GB Garansi resmi,4.8933333333333335,75,Gundala store,Kota Jakarta Pusat,1435000
realme C67 NFC Ram 8+256 GB  chipset snapdragon 685 garansi resmi Realme 1tahun ( imei terdaftar),5.0,14,Gudang phoncell,Kab. Bogor,1995000
[PROMO] SALE HP F9 6/128 - Garansi 1 Tahun,,,BroO_CeLL,Kab. Bogor,655489
REALME 10 4G 8/256 GB | REALME10 8/128 GB GARANSI RESMI REALME,4.666666666666667,12,189 CELL,Kota Jakarta Barat,2279900
Infinix NOTE 40 RAM 8/256 GB garansi resmi NO REPACK,,,Ainiyacell2,Kab. Karanganyar,2720000
"XIAOMI REDMI A1 | 3GB+32GB | OS Android 12 (Go edition), MIUI 12",5.0,23,Mentari Cell,Kab. Madiun,924000
INFINIX HOT 40i RAM 8+8/256GB GARANSI RESMI,,,Sinar Cemerlang Jaya 88,Kota Palembang,1630000
OPPO Reno10 Pro 5G,,,jikalaku,Kota Jakarta Pusat,5426000
Xiaomi Redmi 13c 6/128 8/256,,,SOLID CELLULAR MEDAN,Kota Medan,1500000
Smartphone Vivo Y66 Ram 4GB Internal 64GB All Operator,,,My Phone Shop,Kota Jakarta Pusat,460000
Xiaomi Redmi 13C 6/128GB 8/256GB 50MP AI Triple Camera Garansi Xiaomi,5.0,2,Gadget Point,Kota Surabaya,1799000
Nokia C31 Ram 4+64 nokia android new promo garansi 1 tahun (imei terdaftar),5.0,9,Gudang phoncell,Kab. Bogor,1499000
SAMSUNG GALAXY A14 RAM 6/128GB ORIGINAL,2.0,1,OneWayCell,Kota Jakarta Barat,1247000
Infinix Smart 8,,,SOLID CELLULAR MEDAN,Kota Medan,1100000
Xiaomi Redmi Note 13 Pro 5G (8GB/256GB) | (12GB/512GB) | Snapdragon 7s Gen 2 | 200 MP OIS Camera,,,Zabeela Store,Kota Bandung,4399000
Samsung Galaxy A55 5G 8/128GB ANDROID,,,Yulia Mobilephone,Kota Semarang,5999000
HP OPPO A18 RAM 4GB ROM 128GB,5.0,2,Pelangipelangi Shop,Kab. Bekasi,1599000
Infinix NOTE 40 PRO 8/256 - Garansi resmi,5.0,1,Gundala store,Kota Jakarta Pusat,3230000
TELEPON SELULER GALAXY A14 SECONDHAND LIKE A NEW GARANSI DISTRIUTOR TERPERCAYA,,,Wish PhoneStore,Kota Jakarta Barat,1249000
Hp Vivo Iqoo Z9X 5G Ram 8GB Internal 128GB Garansi Resmi,,,wwponsel_hangtuah,Kota Pekanbaru,3099000
"Samsung Galaxy A25 5G [8GB/128GB - 8GB/256GB] Exynos 1280 - 50MP Triple Camera - 6.5"" Super AMOLED - NFC - Li-Po 5000mAh Garansi Resmi Sein 1 Tahun",,,Penabur,Kab. Bekasi,3673000
virgie cell Huawei p40 Garansi november 2022 istimewa,,,virgie cell,Kota Bandung,5500000
Poco M5s Ram 6/128 GB (Second Bergaransi),,,HP SECOND JOSS,Kab. Serang,1400000
HP OPPO Reno11 5G 8/256GB NEW ORIGINAL GARANSI RESMI,,,OBONG CELL,Kota Surabaya,5999000
Vivo Y30 6/128GB,,,Alibabastore.id,Kota Malang,2749000
Samsung Galaxy S21 FE 5G 8/256GB Garansi Resmi,,,Apollo Gadget Store,Kota Surabaya,7999000
OPPO A58 NFC RAM 8/128 GB GARANSI RESMI ORIGINAL BISA KREDIVO / PAYLATER,3.6666666666666665,3,ardyzhn,Kota Surabaya,2575000
【HP BARU】【BISA COD】OPPO SMARTPHONE A57 5G FAST CHARGING 33 WATT RAM 8/256GB NEW FULLSET GARANSI 12 BULAN,1.0,1,success9913,Kota Jakarta Barat,2299000
"Hp Samsung A8 Star Ram 4GB Internal 64GB Garansi Resmi Like New, Harga Cuci Gudang - White",5.0,1,wwponsel_hangtuah,Kota Pekanbaru,1899000
Xioami Redmi Note 13 Pro 4G | 5G 8/256GB Garansi Resmi,5.0,2,Okeshop Official,Kota Jakarta Pusat,3799000
OPPO A31 RAM 8/256 GB,5.0,3,Pejuang Amanah,Kota Bandung,779000
handphone / smartphone xiaomi Poco M5 (M 5) ram 4/64 & 4/128 [4gb 64gb / 128gb] NFC - garansi resmi,,,Wahana Komunikasi,Kota Jakarta Timur,1450000
Vivo Y28  8/256GB NFC 6000mAH Baterai 44W FlashCharge Garansi Resmi Original New,5.0,1,Grandivoo,Kab. Sidoarjo,2459000
Xiaomi Redmi 10 5G - 6GB / 128GB - GARANSI RESMI,,,NISFU GADGET,Kab. Sidoarjo,1899000
GOOGLE PIXEL 4 - INTERNAL 64GB 128GB RAM 6GB - SPEK GANAS POLL - MULUS NO MINUS,4.666666666666667,3,MINION GADGET,Kota Jakarta Barat,1650000
"Samsung A04s 4G LTE 6,5 inch Display - 4GB / 64GB - Garansi Resmi",5.0,1,NISFU GADGET,Kab. Sidoarjo,1699000
OPPO A31 RAM 8/256 GB,4.574074074074074,54,penjual laku aja,Kota Bandung,779000
Oppo A98 5G 8+256GB | 64MP Kamera Jernih | Snapdragon 695 5G RESMI TERMURAH,4.0,4,Mentari Cell,Kab. Madiun,2975000
SAMSUNG GALAXY A05S (6GB+128GB) - GARANSI RESMI,4.895522388059701,67,Duniagadgetku,Kota Jakarta Barat,1995000
"[NEW LAUNCH] vivo Y18 - NFC Multifunctions, 50MP AI Camera, 5000 mAH+15W Flashcharge",4.75,4,vivo,Kab. Tangerang,1599000
OPPO Reno 11F 5G 8/256 GB Garansi Resmi Reno 11 F 8 GB 256 GB,4.684210526315789,19,Distributor Ponsel,Kota Jakarta Pusat,4022000
OPPO A18 4/128GB,4.833333333333333,36,jikalaku,Kota Jakarta Pusat,1441000
REDMI 12 RAM 8+256GB Helio G88|GARANSI RESMI (NEW),5.0,30,JIU_PHONCELL,Kab. Bogor,1875000
Infinix HOT 40i RAM 8/256 GB garansi resmi NO REPACK,5.0,2,Ainiyacell2,Kab. Karanganyar,1620000
Official POCO X6 | Powerful Snapdragon® 7s Gen 2 FIow AMOLED CrystalRes 120 Hz 64MP triple camera dengan OIS,4.934644670050761,1576,Xiaomi,Kota Depok,3779000
Tecno Spark 10 Pro 8/256 Garansi Resmi,5.0,6,initokobudi shop,Kota Jakarta Selatan,1609000
SAMSUNG A15 5G (8GB+256GB) - GARANSI RESMI,4.8,10,Duniagadgetku,Kota Jakarta Barat,3198000
Realme C67 NFc  ram 8+256 GB snapdragon 685 garansi resmi realme 1 tahun original (imei terdaftar),4.767857142857143,56,Leon_cell99,Kab. Bogor,1845000
realme C65 8GB+8GB*|256GB (TUV SUD 4 Tahun Lag-free | 45W Fast Charge | 5000mAh Massive Battery | 7.64mm Ultra Slim ),4.9,10,realme,Kota Depok,2798000
Samsung Galaxy S24 Galaxy AI - Garansi resmi,,,Gundala store,Kota Jakarta Pusat,13460000
OPPO RENO 11F 5G 8/256 NEW GARANSI RESMI,5.0,1,KSTORE87,Kota Medan,3899000
"Samsung A15 NFC Ram 8+128 GB super Amoled ada  kamera ultrawide 0,5 kamera 50 mp  GRATIS TRAVEL ADAPTOR  (imei terdaftar) garansi resmi 1 tahun (pengganti A14)",4.5,30,Gudang phoncell,Kab. Bogor,2235000
INFINIX HOT 20 JARINGAN 5G 4/128 NOMINUS FULSET GRANSI RESMI ORI,,,CANTIKA AMANAH CELULLER,Kab. Bogor,1450000
Samsung A05 6/128GB 4/128GB 4/64GB Fullset Murah Promo Istimewa,,,GadgetXCom,Kota Jakarta Barat,1356559
Realme12 Plus 8/256 GB Garansi Resmi,,,Distributor Ponsel,Kota Jakarta Pusat,3777000
Xiaomi Redmi Note 13 Pro 5G 8/256GB,,,Gudang Cell Tasikmalaya,Kota Tasikmalaya,4399000
"Infinix Note 40 Pro 5G 8/256 X6851, Mediatek Dimensity 7020 | Garansi Resmi Infinix",,,EVOGAD,Kota Jakarta Barat,3547000
Realme 12 Pro Plus - 8GB/256GB,,,Komunika Sell,Kota Jakarta Selatan,5775000
Realme 8 Ram 8/128 GB (Second Bergaransi),5.0,1,HP SECOND JOSS,Kab. Serang,1699000
Samsung Galaxy S24 5G 8/512GB 8/256GB Garansi Resmi,,,Distributor Ponsel,Kota Jakarta Pusat,13232000
VIVO V29 5G RAM 12 GB ROM 512 GB GARANSI RESMI,,,Jagad Phone,Kota Surabaya,5600000
iQOO Z9x 5G [12GB/256GB] Extended RAM 12GB - Snapdragon 6 Gen 1 4nm - Layar 1000 nits 120hz eye-care display - Dual Stereo Speaker - 6000mAh Garansi Resmi 2 Tahun,,,Penabur,Kab. Bekasi,3798000
SAMSUNG A24 - 8/128 - FULLSET FREE GIFF,,,BERKAT COMPUTER,Kota Jakarta Barat,2750000
virgie cell Huawei nova 5t ram 8gb internal 128gb garansi 1 tahun resmi Indonesia,,,virgie cell,Kota Bandung,4999900
HP OPPO RENO 11 5G 8/256 GARANSI RESMI OPPO EXTENDED RAM 8GB,,,Star Komsel Store,Kota Makassar,5999000
REDMI NOTE 13 PRO 5G RAM 8/256 GB GARANSI RESMI ORIGINAL BISA KREDIVO / PAYLATER,,,ardyzhn,Kota Surabaya,4599000
Vivo IQOO 11 5G Ram 16/256 GB (Second Bergaransi),,,HP SECOND JOSS,Kab. Serang,8300000
Hp Vivo Iqoo Z9X 5G Ram 12GB Internal 256GB Garansi Resmi,,,wwponsel_hangtuah,Kota Pekanbaru,3799000
Samsung Galaxy S24 AI Smartphone Online Exclusive,,,Samsung Exclusive,Kab. Tangerang,13249000
Handphone 14 Pro Original Bergaransi deep purple black silver gold,,,Miminstore officials,Kota Jakarta Barat,14200000
Samsung Galaxy Z Flip5 5G,5.0,1,Samsung Exclusive,Kab. Tangerang,13999000
Infinix Note 40 8/256 GB - Garansi Resmi,,,Royal Makmur Handphone & Tablet,Kota Jakarta Timur,2999000
XIAOMI REDMI 10A - 3/64GB vs 3/32GB- Chipset MediaTek MT6762G Helio G25 (12 nm),5.0,16,Mentari Cell,Kab. Madiun,899000
Realme Note 50 4/128GB android,,,HapeJOSS,Kota Semarang,1549000
Realme C65 8/128 GB - Garansi Resmi,,,Royal Makmur Handphone & Tablet,Kota Jakarta Timur,2399000
OPPO A17 4GB - 64GB | A17K 3GB- 64GB | FULLSET ORIGINAL RESMI,4.671428571428572,70,Mentari Cell,Kab. Madiun,1079000
Infinix GT 10 Pro 8/256GB Gaming Fullset Like-NEW Mulus Istimewa,4.416666666666667,11,GadgetXCom,Kota Jakarta Barat,3574922
Vivo Y17s 6+128GB vs 4+128GB vs 4+64GB | 5000mAh Battery | Helio G85 Gaming Processor | 50MP 1080P TERMURAH,5.0,8,Mentari Cell,Kab. Madiun,1399000
"Infinix Smart 8 Pro 8/128GB Smart 8 4/128GB 3/64GB, Langsung Kirim Garansi Resmi",4.95,20,Zabeela Store,Kota Bandung,1299000
VIVO Y100 5G 4G 8/128 8/256 GB 8GB 128GB 256GB Smartphone Android Garansi Resmi Terbaru Termurah,5.0,6,GalleryGadget Store,Kota Jakarta Pusat,2825000
Pova 5 Pro 5G RAM 8GB/256GB & POVA 5 4G 8/256 Garansi Resmi Nasional TECNO,5.0,5,indahponseltamora,Kab. Deli Serdang,1891000
Xiaomi Redmi 13c 6/128GB 8/256GB Garansi Resmi,,,GorillaTech Store,Kota Jakarta Barat,1799000
Samsung Galaxy A34 5G 8/256GB 8/128GB Garansi Resmi Not Samsung A33,4.875,16,Distributor Ponsel,Kota Jakarta Pusat,4123000
【HP BARU】【BISA COD】OPPO A53S 5G 8/256 Original New Smartphone 6.52in HP OPPO Murah,4.5,10,success9913,Kota Jakarta Barat,1999000
POCO X5 5G (6GB+128GB) - GARANSI RESMI,5.0,1,Duniagadgetku,Kota Jakarta Barat,2349000
"ZTE Blade A54 4/64GB & 4/128GB, Unisoc SC9863A | Garansi Resmi",5.0,1,EVOGAD,Kota Jakarta Barat,1065000
"HP OPPO A17 RAM 8/64 GB , DIJAMIN BARU,SEGEL,BERGARANSI RESMI DAN IMEI TERDAFTAR DIKEMENPERIN",5.0,1,CELLULAR SURABAYA,Kota Surabaya,1880000
Vivo Y03 4/64GB 4/128GB [ Garansi Resmi Vivo ],,,Lab Persada Online Shop,Kab. Lumajang,1383000
OPPO A38 4/128 NEW GARANSI RESMI,,,KSTORE87,Kota Medan,1655000
Infinix Hot 40 Pro 8/256 GB Garansi Resmi,,,Willsoon_Store,Kota Jakarta Barat,2149000
vivo y27s 8+8/128,,,Trijaya Cellular ID,Kab. Garut,2000000
Realme Note 50 Ram 4+4Gb Internal 64G dan 128GB,,,Hallo Phone,Kota Depok,1349000
REALME C53 RAM 6/128 GB NFC | REALME C 53 RAM 8/256 GB GARANSI RESMI REALME INDONESIA,,,Grandstore Cell,Kota Jakarta Barat,2399000
Realme C55 6+128GB | 8+256GB - NFC - Garansi resmi,5.0,1,MEDIKOM_88,Kab. Cirebon,2199000
itel A70s [64GB/128GB/256GB] - 13MP Super HDR Camera - Big Screen with Dynamic Bar - 5000mAh Big Battery - Octa-Core Processor,,,BB Shop,Kota Jakarta Barat,1048000
SAMSUNG GALAXY S22 ULTRA 5G - 1TB / 512GB / 256GB / 128GB BNIB NEW SEIN,4.666666666666667,9,RosanShop,Kota Pekanbaru,11990000
[SECOND] Hp Second Android Garansi Toko 1 Minggu,,,wwponsel_hangtuah,Kota Pekanbaru,1000000
Hp nokia terbaru 2024 jadul baru segel TAM - hp murah cuci gudang promo bayar di tempat - nokia 150,,,jualgrosir,Kab. Banyuwangi,265000
hp samsung a53 ram 8 rom 256 128 free adaptor 25w garansi resmi 1 tahun,,,Gadgetstoreofc,Kab. Bojonegoro,5799000
Xiaomi Redmi Note 13 Pro+ plus 5G 12/512GB Garansi resmi,5.0,1,Gundala store,Kota Jakarta Pusat,5800000
ZTE Nubia Neo 5G 8GB 256 GB Garansi Resmi,,,GorillaTech Store,Kota Jakarta Barat,2462380
OPPO Find X5 Pro 5G Brand New In Box Garansi Resmi Indoinesia,,,FEDOFONE SMARTPHONE,Kota Padang,15300000
Xiaomi Redmi Note 13 4G - 8GB/128GB,,,Komunika Sell,Kota Jakarta Selatan,2385000
HP SAMSUNG A15 8/256 NFC GARANSI RESMI SAMSUNG (GARANSI SOFTWARE GRATIS),,,Star Komsel Store,Kota Makassar,3299000
HP SAMSUNG A15 5G 8/256 NFC GARANSI RESMI SAMSUNG (GARANSI SOFTWARE GRATIS),5.0,1,Star Komsel Store,Kota Makassar,3599000
Hp Samsung Galaxy Z Flip 5 Ram 8GB Internal 256GB Garansi Resmi,,,wwponsel_hangtuah,Kota Pekanbaru,13999000
OPPO A79 5G RAM 8/256GB Garansi Resmi,5.0,1,Raja Ponsel Bandung,Kota Bandung,3799000
{AURORA888} SMARTPHONE NEW A77S RAM 8/128GB [33W SUPER VOOC BATERAI 5000 MAH] SERIES FULLSET,5.0,1,Aurora888,Kota Jakarta Barat,990000
Infinix Note 40 Pro 5G 8/256 GB - Garansi Resmi,,,Royal Makmur Handphone & Tablet,Kota Jakarta Timur,3799000
SAMSUNG A25 5G RAM 8/128 GB GARANSI RESMI BISA KREDIVO / PAYLATER,5.0,1,ardyzhn,Kota Surabaya,3999000
Apple iPhone 15,4.9222222222222225,90,iBox,Kab. Tangerang,13999000
XIAOMI POCO X5 5G NFC | 8GB+256GB vs 6GB+128GB | Chipset Qualcomm SM6375 Snapdragon 695 5G (6 nm),4.764705882352941,17,Mentari Cell,Kab. Madiun,2599000
Xiaomi Redmi 12 Ram 8/128GB - LAYAR FULL HD PLUS - ORIGINAL RESMI TERMURAH,,,Mentari Cell,Kab. Madiun,1779000
Infinix Smart 8 Pro 4/256 GB Garansi Resmi,,,Willsoon_Store,Kota Jakarta Barat,1379000
OPPO A3S RAM 6/128 GB,4.481481481481482,27,Pejuang Amanah,Kota Bandung,599000
Oppo A17 4/64GB [Garansi Resmi Oppo],,,Planetgadget Store,Kota Jakarta Timur,1749000
Infinix Note 40 8/256GB - Garansi Resmi 1 Tahun,4.619047619047619,21,Bintang Timur Selindo,Kota Jakarta Barat,2678000
Xiaomi Poco X5 5G RAM 8GB/256GB | 6GB/128GB Garansi Resmi - Grandivo,,,Grandivoo,Kab. Sidoarjo,3257000
Infinix Hot 40 Pro 8/256GB ANDROID,,,HapeJOSS,Kota Semarang,2199000
Itel RS4 NFC 8/128GB – 12/256GB Garansi Resmi Itel Indonesia,5.0,2,MEGA GADGET ELECTRONICS,Kota Jakarta Utara,1830000
VIVO V30E 5G NFC 8/128 & 8/256 NEW GARANSI RESMI,4.714285714285714,14,J3 SHOP,Kota Medan,3999000
"Xiaomi POCO X6 5G 12GB/256GB, Snapdragon 7s Gen 2 Garansi resmi",5.0,15,Gundala store,Kota Jakarta Pusat,3955000
Infinix Hot 40 Pro 8/128 8/256 RAM 8 ROM 128 256 Magic Ring Smartphone,5.0,16,GalleryGadget Store,Kota Jakarta Pusat,2147000
Xiaomi POCO X6 Pro 5G 12GB/512GB Garansi resmi,5.0,12,Gundala store,Kota Jakarta Pusat,5225000
Smartphone 15 128gb Garansi Resmi,,,Lab Persada Online Shop,Kab. Lumajang,1250000
ITEL RS4 NFC 12/256GB Mediatek Helio G99 Ultimate Garansi Resmi ITEL,5.0,2,EVOGAD,Kota Jakarta Barat,1857000
Vivo Y17S Ram 6+6Gb Internal 128GB Camera 50MP Charger typeC,,,Hallo Phone,Kota Depok,1769000
OPPO A18 4/128GB GARANSI RESMI OPPO,5.0,3,hacom store surabaya,Kota Surabaya,1499000
Poco X6 Pro 5G 12/512 Garansi Resmi,4.857142857142857,7,vinzflashsale,Kota Jakarta Utara,5197000
"Infinix Smartphone Smart 8 3/64GB | 4/128GB 6,6 Inch Garansi Resmi",,,ANDALAS CELLULAR,Kota Balikpapan,1080000
Infinix Hot 30 8/128GB Helio G88 Octa-Core Gaming Engine Garansi Resmi,5.0,3,JS ESTORE,Kota Jakarta Barat,1645000
Infinix Note 12i 6/128GB,,,Alibabastore.id,Kota Malang,2199000
"Xiaomi Redmi Note 12 Pro 4G, 8/256GB Android 11 - Garansi Resmi",,,EVOGAD,Kota Jakarta Barat,3191000
SAMSUNG S21 FE 8/128 (SECOND),,,Naga Cell Sidareja,Kab. Cilacap,4499000
"Samsung Galaxy M34 5G 8gb/128gb AMOLED 6,5'' inc New Original Garansi Resmi 1 Tahun",,,TJSTORE Surabaya,Kota Surabaya,3499000
Xiaomi Mi 14 12/256 GB  Garansi Resmi,,,Distributor Ponsel,Kota Jakarta Pusat,12001000
Hp Infinix Note 40 Pro Ram 8GB Internal 256GB Garansi Resmi,,,wwponsel_hangtuah,Kota Pekanbaru,3699000
Hp Tecno Spark 20 Pro Ram 12GB internal 256GB Garansi Resmi,,,wwponsel_hangtuah,Kota Pekanbaru,2499000
Oppo A60 - 8GB/256GB,,,Komunika Sell,Kota Jakarta Selatan,2999000
"Samsung Galaxy S24 Ultra 5G 12/512GB & 12/1TB, Snapdragon 8 Gen 3",,,EVOGAD,Kota Jakarta Barat,21999000
Oppo Reno11 F 5G - 8GB/256GB,,,Komunika Sell,Kota Jakarta Selatan,4399000
INFINIX HOT 12 6/128 GARANSI RESMI,,,Hokky Cell Makassar,Kota Makassar,2149000
Realme 10 Pro+ 12/256GB,,,Alibabastore.id,Kota Malang,6999000
Hp Samsung S24 Ultra Ram 12GB Internal 1TB Garansi Resmi,,,wwponsel_hangtuah,Kota Pekanbaru,23999000
Xiaomi 14 5G - 12GB/256GB,,,Komunika Sell,Kota Jakarta Selatan,11920000
Vivo IQOO 11 5G RAM 16GB/256GB Alpha Black Garansi Resmi - Grandivo,,,Grandivoo,Kab. Sidoarjo,9850530
Hp Vivo Iqoo Z9X 5G Ram 8GB Internal 256GB Garansi Resmi,,,wwponsel_hangtuah,Kota Pekanbaru,3399000
Realme 11 Pro Plus 5G RAM 12GB/512GB Garansi Resmi - Grandivo,,,Grandivoo,Kab. Sidoarjo,7068990
OPPO FIND N2 FLIP 5G 8/256 NEW GARANSI RESMI,,,J3 SHOP,Kota Medan,14500000
Xiaomi Redmi Note 13 8/128GB Garansi Resmi | Layar 120 Hz FHD+ AMOLED Tiga kamera 108 MP Prosesor Snapdragon® 685,,,Adiwerna DevStore,Kab. Tegal,2345000
HP  Reno 2Z Ram 8/256 GB handphone smartphone,4.5,6,grosirr shop online,Kota Jakarta Utara,1190000
Realme Note 50 4/64 GB - Garansi Resmi,,,Royal Makmur Handphone & Tablet,Kota Jakarta Timur,1299000
Official Xiaomi Redmi 13 (8GB/128GB) | (8GB/256GB) | Kamera 108 MP Super Jernih MediaTek Helio G91-Ultra 33W fast charging,5.0,3,Xiaomi,Kota Depok,1999000
TECNO POVA 5 PRO 5G (8GB+256GB) - GARANSI RESMI,4.814814814814815,54,Duniagadgetku,Kota Jakarta Barat,2515000
smartphone / handphone xiaomi Redmi 12 8/128 [8gb 128gb] Garansi Resmi,,,Wahana Komunikasi,Kota Jakarta Timur,1950000
Realme 12 Pro+ 5G 8/256GB 12/512GB [Garansi Resmi Realme Indonesia],,,Planetgadget Store,Kota Jakarta Timur,5999000
Realme C65 8/256 GB 8/128 GB (+8GB EXTENDED RAM) Garansi Resmi,4.9609375,128,Distributor Ponsel,Kota Jakarta Pusat,2233000
SAMSUNG GALAXY A15 5G RAM 8/256 - CHIPSET DIMENSITY 6100+ - CAMERA FHD+,5.0,1,Mentari Cell,Kab. Madiun,2849000
Samsung Galaxy A35 5G 8/256 GB Garansi Resmi,,,MetaCore,Kota Bandung,4836000
Smartphone tipe VIVO Y33s RAM  8/256GB 4LTE bergaransi 1 tahun/fullset,4.75,4,FX PhoneStore,Kota Jakarta Barat,945000
Sharp Aquos V6 5G 4/128 GB,5.0,4,digitalselulargroup,Kota Medan,1369000
Infinix Hot 40i [8GB/256GB] Extended RAM 8GB - Unisoc T606 - NFC - 50MP Dual Camera - Li-Po 5000mAh Garansi Resmi 1 Tahun,5.0,6,Penabur,Kab. Bekasi,1743000
Tecno Spark 20C NFC 4/128GB & 8/128GB - Garansi Resmi 1 Tahun,5.0,10,Bintang Timur Selindo,Kota Jakarta Barat,1455000
Xiaomi Redmi 13c 6/128GB || Helio G88 || 50MP Garansi Resmi,,,TND SHOP,Kab. Bogor,1480000
VIVO Y17 RAM 8 / 256 GB Original New Smarphone 6.35 in Handphone Murah,4.961538461538462,26,3SHOP6,Kota Jakarta Barat,986000
"[LIKE NEW] VIVO V27e  8GB/256GB - 64 MP - PLATFORM	OS	Android 13, Funtouch 13",4.923076923076923,13,Mentari Cell,Kab. Madiun,2849000
Samsung Galaxy A54 5G 8/128 8/256 GB RAM 8 ROM 128 256 8GB 128GB 256GB Smartphone SEIN Android HP Handphone,4.880681818181818,176,GalleryGadget Store,Kota Jakarta Pusat,5219000
REALME C55 C 55 NFC 6/128 - 8/256 | C53 6/128 | C33 4/128 | 50i PRIME 4/64 GARANSI RESMI REALME,5.0,31,189 CELL,Kota Jakarta Barat,1329900
Itel P55 (5G) ram 6/128gb Garansi Resmi,,,Cv.Garden Cell,Kota Kediri,1490000
vivo Y03 4/64 4/128 Garansi resmi,,,Gundala store,Kota Jakarta Pusat,1215000
"Tecno SPARK 20 PRO+ Plus 8/256GB, 3D Curved AMOLED - Garansi resmi",,,Gundala store,Kota Jakarta Pusat,2615000
Samsung Galaxy S24 Ultra 5G 12/1 TB 12/512 GB 12/256 GB Garansi Resmi,,,Distributor Ponsel,Kota Jakarta Pusat,20882000
Samsung A15 8/128/256,,,SOLID CELLULAR MEDAN,Kota Medan,2810000
Samsung A15 4G 8/256GB Black Garansi Resmi Samsung SEIN,,,Pc Smartphone,Kota Jakarta Pusat,2860000
OPPO A54 4/128 | A 54 4/64 | A54 6/128 | A16 3/32 | F11 4/128 GARANSI RESMI OPPO INDONESIA,,,Grandstore Cell,Kota Jakarta Barat,2199000
Infinix Hot 20 5G 4/128GB Garansi Resmi Indonesia,,,Apollo Gadget Store,Kota Surabaya,2599000
Samsung Galaxy A04e Ram 3gb 32gb garansi resmi sein 1 tahun,,,mustika cellular,Kab. Blora,999000
Xiaomi Redmi Note 13 4G 8/128GB & 8/256GB - Garansi Resmi 1 Tahun,1.0,1,Bintang Timur Selindo,Kota Jakarta Barat,2375000
Infinix GT 20 Pro 8GB/256GB 12GB/256GB Garansi Resmi,,,indahponseltamora,Kab. Deli Serdang,4330000
Samsung Galaxy S23+ 5G Dynamic AMOLED - Garansi Resmi,,,EVOGAD,Kota Jakarta Barat,15000000
REALME C63 RAM 6/128 GB GARANSI RESMI ORIGINAL 1 TAHUN BISA KREDIVO / PAYLATER,,,ardyzhn,Kota Surabaya,1999000
"Realme 10 Pro 5G 8/128 | 8/256 Android 13, Garansi Resmi",,,EVOGAD,Kota Jakarta Barat,3130000
Samsung Galaxy A15 8/256GB Garansi Resmi SEIN,,,Apollo Gadget Store,Kota Surabaya,2999000
Infinix Hot 40 Pro [12GB/256GB] Garansi Resmi 1 Tahun,,,Penabur,Kab. Bekasi,2483000
Samsung Galaxy S23 S23+ Plus RAM 8GB ROM 128GB 256GB 512GB Smartphone SEIN Android HP Handphone,,,SuperGadget,Kota Jakarta Pusat,12299000
SAMSUNG GALAXY Z FLIP 4 - GARANSI RESMI ORIGINAL SAMSUNG,,,Dunia Aneka,Kota Jakarta Utara,13850000
HP BARU SAMSUNG A54 5G RAM 8/128 & 8/256 GB NEW 100% ORI GRS RESMI INDONESIA TERMURAH,,,AMOmart,Kota Medan,5999000
Samsung Galaxy A55 5G - 8GB/256GB,,,Komunika Sell,Kota Jakarta Selatan,5905000
HP OPPO RENO 11 F 5G 8/258 GARANSI RESMI OPPO INDONESIA,,,Star Komsel Store,Kota Makassar,4599000
Hp Asus ROG Phone 6 Batman Edition Ram 12GB Internal 256GB Garansi Resmi,,,wwponsel_hangtuah,Kota Pekanbaru,14999000
VIVO Y03 RAM 4GB ROM 128GB 5000mAh Baterai Helio G85 Processor Hp Terbaru 2024 Garansi Resmi Bisa COD,5.0,5,DST HP,Kota Jakarta Utara,1289000
Samsung Galaxy S24 Ultra 5G AI Smartphone Online Exclusive,5.0,1,Samsung Exclusive,Kab. Tangerang,20099000
Realme Note 50 3/64 GB - Garansi Resmi,,,Royal Makmur Handphone & Tablet,Kota Jakarta Timur,1199000
VIVO Y36 5G 8/256 - NFC MULTIFUNCTIONS - 44W FLASH CHARGE - BISA COD,4.933333333333334,15,Mentari Cell,Kab. Madiun,2399000
Google Pixel 4A 5G 6/128GB DUAL SIM Like New Mulus BERGARANSI ALL OPERATOR INDONESIA,4.7272727272727275,11,Hapeku Semarang Shop,Kota Semarang,2320000
Samsung Galaxy A05 6/128 GB - Garansi Resmi,,,Royal Makmur Handphone & Tablet,Kota Jakarta Timur,1787000
Google Pixel 6 8/128GB Super Istimewa Mulus Seperti Baru Imei Terdaftar,,,Hapeku Semarang Shop,Kota Semarang,3370000
Vivo Y35 | Ram 8 + Extended 8 Total Ram16GB Rom 128GB | 50MP | 6.58inch | BIG SALE,4.875,16,Mentari Cell,Kab. Madiun,1883000
Infinix Hot 40 Pro 12/256 GB 8/256 GB Garansi Resmi,4.933333333333334,60,Distributor Ponsel,Kota Jakarta Pusat,2158000
"[NEW] vivo V30e (8+8GB/128GB) - 120Hz 3D Curved Screen, All New Aura Light Portrait, 5500mAh Big Battery",,,vivo,Kab. Tangerang,4699000
tecno spark 20 8/256 Garansi Resmi,5.0,4,initokobudi shop,Kota Jakarta Selatan,1569000
Vivo Y100 5G / LTE 8/256 GB 8/128 GB Garansi Resmi,5.0,15,Distributor Ponsel,Kota Jakarta Pusat,2815000
"Samsung Galaxy S23 FE 8GB/256GB, Handphone AI",4.909090909090909,66,Samsung,Kota Depok,8999000
Realme C51s ram 6+128 GB kamera 50 MP garansi 1 tahun resmi (imei terdaftar),4.962962962962963,54,JIU_PHONCELL,Kab. Bogor,1545000
Infinix Smart 8 4/128GB - Up to 8GB Extended RAM - 5000 mAh -Garansi resmi,5.0,1,MEDIKOM_88,Kab. Cirebon,1239000
Realme C53 6/128 8/256 GB Garansi Resmi,4.877049180327869,244,Distributor Ponsel,Kota Jakarta Pusat,1853000
Samsung Galaxy A54 5G 8/256GB Garansi Resmi Not Samsung A33 A32 A53,5.0,57,Distributor Ponsel,Kota Jakarta Pusat,5075000
Oppo Reno 11 5G NFC 8 +256 GB Super Amoled & dimensity 8200 kamera 50 mp garansi 1 tahun resmi (Pengganti Reno 8),4.875,16,Gudang phoncell,Kab. Bogor,4599000
Vivo V30e 5G NFC 8/256 GB 8/128 GB Garansi Resmi,,0,Distributor Ponsel,Kota Jakarta Pusat,3916000
Xiaomi Redmi 13C 6/128GB Garansi Resmi,5.0,3,STUDIO GIGAMAX,Kota Jakarta Selatan,1535000
OPPO A78 5G 8/128 GB RAM 8 ROM 128 8GB 128GB  Smartphone Android HP Handphone,4.933333333333334,15,GalleryGadget Store,Kota Jakarta Pusat,2965000
OPPO RENO 11 5G 8GB + 8GB / 256GB | DIMENSITY 8200 | TRIPEL CAMERA 50MP | 32MP TELEPOTO,,,NISFU GADGET,Kab. Sidoarjo,5999000
Infinix Hot 20i Ram 4/128 GB (Second Bergaransi),,,HP SECOND JOSS,Kab. Serang,890000
Xiaomi Redmi Note 13 Pro 5G 8/256GB NFC,,,HapeJOSS,Kota Semarang,4499000
itel P55 NFC 8/128 8/256 Garansi resmi,,,Galeri-Hp 040595,Kota Jakarta Pusat,13499000
Vivo V30e 5G NFC 8/256B RAM 8GB ROM 256GB 44W FlashCharge 5500mAh Garansi Resmi 1 Tahun Bisa COD,,,VinsonTK,Kota Jakarta Utara,3949000
OPPO A58 8/128GB Garansi Resmi Indonesia,,,Apollo Gadget Store,Kota Surabaya,2699000
SAMSUNG GALAXY S24 ULTRA 12GB/1TB NEW!! GARANSI RESMI SEIN,,,1000 Gadget Store,Kota Medan,21099000
HP Realme C31 2022 4/64GB + 3/32GB ORIGINAL Realme Toko Hp Murah Surabaya (Garansi Resmi 1 Tahun),5.0,3,Surya Jaya Celluler,Kota Surabaya,1699000
Samsung Galaxy S24 Ultra 12/256GB,,,HapeJOSS,Kota Semarang,19999000
Oppo A60 Millitary Grade Design Ram 8+8Gb Internal 128Gb dan 256Gb,,,Hallo Phone,Kota Depok,2599000
oppo A78 8/256 open book/baru buka book,,,Trijaya Cellular ID,Kab. Garut,2750000
Hp Samsung Galaxy A23 5G 6/128GB HP Resmi SEIN Fullsett,4.0,1,Media Com,Kota Jakarta Barat,2475000
SAMSUNG GALAXY A05 6+6/128GB - 4+4/128GB - 4+4/64GB NEW!! GARANSI RESMI SEIN,,,1000 Gadget Store,Kota Medan,1499000
Hp OPPO A60 8/128GB 8/256GB NFC 5000mAh Baterai 45W Fastcharge Garansi Resmi 100% Original Baru 2024,,,1stLine,Kota Jakarta Utara,2573010
[BEST SELLER] OPPO HP A77 5G RAM 8GB + ROM 256GB Android 5000mAh Camera 48mp Garansi 12 Bulan % BISA COD LTE,,,3SHOP6,Kota Jakarta Barat,2549000
Hp Tecno Spark 10 Pro Ram  8GB  Internal 128GB Garansi Resmi,5.0,1,wwponsel_hangtuah,Kota Pekanbaru,2199000
SAMSUNG A52S 5G 8/256 8/128 FULLSET MURAH ISTIMEWA,,,Media Com,Kota Jakarta Barat,3850000
Xiaomi Redmi 13C NFC 8/256 GB Garansi Resmi Tiga Kamera AI 50MP,,,Adiwerna DevStore,Kab. Tegal,1799000
Hp OPPO A60 8+128GB 8+256GB 5000mAh Baterai 45W Flashcharge Garansi Resmi 100% Original Terbaru 2024,,,1stLine,Kota Jakarta Utara,2573010
CHIC Mension Smartphones V15 8/256GB Murah handphone Android SECONDHAND FULLSET Garansi Toko,4.933333333333334,15,CHIC Mension Electronics,Kota Jakarta Barat,869000
[Bisa COD] hp Galaxy Z7X Pro hp murah asli cuci gudang 7.5Inci hp gede 12GB RAM+512GB ROM Dual Card SIM Smartphone Android11 hp promo Gaming Phone Siswa Belajar Ponsel cuci gudang hp iphone,4.870967741935484,31,Yinjieindonesia,Kota Jakarta Utara,1045590
"[LIKE NEW] OPPO RENO 8T | 8GB+256GB | OS Android 13, ColorOS 13 | 100MP CAMERA",4.933333333333334,15,Mentari Cell,Kab. Madiun,2799000
Samsung galaxy A05s ram 6/128gb garansi resmi sein,5.0,1,Cv.Garden Cell,Kota Kediri,2020000
INFINIX SMART 8 3/64 GARANSI RESMI,,,SMS Shop Online,Kota Semarang,1099000
Realme c33 ram 4/64 masih mulus no minus graansi resmi Indonesia,5.0,1,CANTIKA AMANAH CELULLER,Kab. Bogor,1450000
Tecno Spark 20 Pro+ Plus NFC 16GB 256GB (8+8/256) Grs Resmi Infinix,,,CA Shop,Kota Jakarta Utara,2699000
"LUNA x EVERCOSS Smartphone V6 RAM 6/128GB Dual SIM 4G LTE 6.5"" Inch IPS HD+ 20MP Camera Android 12 5000mAh",5.0,5,EVERCOSS,Kota Jakarta Utara,1299000
[Promo] Redmi Note 12 8/256GB 8/1268GB 4/128GB Redmi 12 8/256GB 8/128GB Fullset Mulus Istimewa,5.0,8,GadgetXCom,Kota Jakarta Barat,1961742
Xiaomi POCO C65 NFC 6/128 8/256 Garansi resmi,4.938461538461539,65,Gundala store,Kota Jakarta Pusat,1450000
ITEL P55 4G NFC RAM (8GB+256GB) - GARANSI RESMI,4.935897435897436,156,Duniagadgetku,Kota Jakarta Barat,1459000
Tecno Spark 20 NFC 8/128 & 8/256 GB Garansi Resmi,4.0,1,MetaCore,Kota Bandung,1555000
VIVO Y17S 4/128 NEW GARANSI RESMI,,,KSTORE87,Kota Medan,1449000
TECNO Pova 5 8/256GB Garansi Resmi NEW,5.0,3,OBONG CELL,Kota Surabaya,1999000
Xiaomi Poco X6 Pro 12/512 GB Garansi Resmi,5.0,5,Distributor Ponsel,Kota Jakarta Pusat,5395000
[PROMO] INFINIX HOT 30i 8/128GB FULLSET MURAH ISTIMEWA,,,GadgetXCom,Kota Jakarta Barat,1626570
OPPO Reno 11 5G 8/256GB Garansi Resmi,,,Distributor Ponsel,Kota Jakarta Pusat,5192000
VIVO V27 5G 8/256 | VIVO V 27 PRO 5G 12/256 | VIVO V25 5G 8/256 | VIVO V23 5G 8/128 GARANSI RESMI VIVO,,,Grandstore Cell,Kota Jakarta Barat,4949000
XIAOMI REDMI NOTE 13 4G | REDMI NOTE 13 5G RAM 8/256GB GARANSI RESMI INDONESIA,,,Rajalaku Store.Id,Kab. Tangerang,2515000
VIVO IQOO Z7 12/256 GB GARANSI RESMI,,,ARSENTO 99,Kota Malang,3999000
realme C63 8GB+8GB*|128GB (45W Fast Charge | Air Gestures Control | TÜV Certification | 7.74mm Ultra Slim | NFC),,,NISFU GADGET,Kab. Sidoarjo,2099000
Apple iPhone 14 Plus,5.0,2,Digimap,Kota Jakarta Barat,15499000
Xiaomi Redmi Note 13 Pro+ 5G 12/512 GB Garansi Resmi,,,MetaCore,Kota Bandung,5928000
HANPHONE POCO M5 4/64,,,Zabeela Store,Kota Bandung,2200000
Samsung A25 5G,,,AGUNG CELL TASIKMALAYA,Kota Tasikmalaya,3999000
REALME 10 PRO 5G (8GB+256GB) - GARANSI RESMI,,,Duniagadgetku,Kota Jakarta Barat,3299000
VIVO Y100 5G 8/256 | VIVO Y 100 5G RAM 8/128 GB GARANSI RESMI VIVO INDONESIA,5.0,2,189 CELL,Kota Jakarta Barat,2299900
Xiaomi Redmi Note 12 Pro 5G ( 8GB + 256GB ) Garansi Resmi,,,Bejana,Kota Jakarta Pusat,3899000
HP VIVO V30 5G 12/512 GARANSI RESMI VIVO,,,Star Komsel Store,Kota Makassar,6999000
Oppo Reno8 Pro 5G Ram 12/256GB l Baru l Garansi Resmi,,,ORLINSASHA,Kab. Jember,7999000
Oppo Smartphone Reno 8 8/256GB 6.4 Inch Garansi Resmi,,,ANDALAS CELLULAR,Kota Balikpapan,4900000
Realme 12 Plus - 8GB/256GB,,,Komunika Sell,Kota Jakarta Selatan,4115000
Realme C53 6 128 GB Garansi Resmi Realme C53 2023,,,METRO GROSIR SELULLER,Kota Cilegon,1999000
Xiaomi Redmi Note 13 Pro+ 5G 12/512GB Garansi Resmi,,,Maju hardware Online Shop,Kota Madiun,5999000
Samsung Galaxy S24 Ultra - Garansi Resmi,,,Bejana,Kota Jakarta Pusat,21699000
"SAMSUNG M54 5G 8/256GB SUPER AMOLED, CAM 108MP,  GORILLA GLASS, NFC, GRS RESMI",,,ANDROID CENTRAL CELL,Kota Makassar,6499000
SAMSUNG A13 6/128 GARANSI RESMI,,,Hokky Cell Makassar,Kota Makassar,2699000
Hp Samsung A05 Ram 6GB Internal 128GB Garansi Resmi Edisi Ramadhan,,,wwponsel_hangtuah,Kota Pekanbaru,1999000
Samsung A15 NFC 8+128 GB layar super Amoled Garansi 1 tahun free batok charger 25w (imei terdaftar),,,JIU_PHONCELL,Kab. Bogor,2195000
Hp Oppo A74 5G Ram 6GB Internal 128GB Garansi Resmi,,,wwponsel_hangtuah,Kota Pekanbaru,3999000
Samsung Galaxy S23 Ultra 5G 12/256GB - Green,5.0,1,Samsung Exclusive,Kab. Tangerang,16999000
OPPO A15S RAM 8/256 GB,4.333333333333333,9,Pelapak Murah,Kota Bandung,759000
Apple iPhone 11,4.952209197475203,3327,Digimap,Kota Jakarta Barat,6249000
Tecno Spark 20c 4/128 8/128 Garansi Resmi,5.0,7,initokobudi shop,Kota Jakarta Selatan,1169000
Vivo Y18 6GB+6GB Extended RAM 128GB ROM Helio G85 Processor NFC 100% Original Garansi Resmi Bisa COD,,,DST HP,Kota Jakarta Utara,1523610
Vivo Y03 (4/64 4/128) Garansi Resmi,5.0,5,initokobudi shop,Kota Jakarta Selatan,1185000
Xiaomi Redmi Note 11 Pro 8/128GB Garansi Resmi,5.0,3,jikalaku,Kota Jakarta Pusat,2550000
Infinix Hot 30 8/128GB – Up to 16GB Extended RAM – Helio G88 - 6.78” FHD+ 90Hz – 50MP AI Camera – NFC,5.0,5,ASK CELL,Kota Cimahi,1799000
Xiaomi Redmi Note 13 Pro ( 4G / 5G ) Garansi Resmi Tam,5.0,2,initokobudi shop,Kota Jakarta Selatan,3660000
"Samsung Galaxy A54 5G - Triple Camear 50MP, NFC - Garansi resmi",5.0,50,Gundala store,Kota Jakarta Pusat,4425000
VIVO V30E 5G 8/128 & 8/256 GARANSI RESMI [SNAPDRAGON 6 GEN 1 6.78 INCH AMOLED 50MP CAMERA 5500MAH BATTERY],5.0,18,Bintangempat Store,Kota Palembang,4029000
REALME 12 5G 8/256 NEW GARANSI RESMI,,,J3 SHOP,Kota Medan,3349000
reame C51s 6/128 Garansi resmi,,,Gundala store,Kota Jakarta Pusat,1590000
ITEL RS4 NFC 8/128 & 8/256 & 12/256 NEW GARANSI RESMI,,,J3 ID,Kota Medan,2219000
VIVO Y27S 8/128 & 8/256 NEW GARANSI RESMI,,,KSTORE87,Kota Medan,2145000
VIVO Y100 4G 5G 8/128 8/256 RAM 8 ROM 128 256 GB 8GB 128GB 256GB HP Smartphone Android,,,SuperGadget,Kota Jakarta Pusat,2829000
Realme 3 Pro Ram 6/128 GB (Second Bergaransi),5.0,7,HP SECOND JOSS,Kab. Serang,1000000
XIAOMI NOTE 13 PRO 5G 8/256 GB 12/512 GB,,,digitalselulargroup,Kota Medan,4335000
XIAOMI REDMI 13C SERIES SMARTPHONE GARANSI RESMI,,,UFO ELEKTRONIKA DAN FURNITURE,Kota Surabaya,1899000
Xiaomi Redmi Note 13 5G 8/256 GB Garansi Resmi,,,MetaCore,Kota Bandung,2967000
XIAOMI REDMI 13C 8/256 & 6/128 NEW GARANSI RESMI,5.0,3,J3 ID,Kota Medan,1549000
VIVO Y36 8/256 NEW GARANSI RESMI - GOLD,,,KSTORE87,Kota Medan,2150000
[PROMO] Evercoss M6A 4/32GB 3/16GB Garansi Resmi Murah,,,GadgetXCom,Kota Jakarta Barat,799000
Realme 12 Pro Plus 5G 8/256GB RESMI,,,Yulia Mobilephone,Kota Semarang,5999000
Vivo Y28 4G 8/256GB Garansi Resmi,,,cworld.id,Kota Denpasar,2999000
Samsung Galaxy M14 5G RAM 4/128 GB (Second Bergaransi),5.0,1,HP SECOND JOSS,Kab. Serang,1700000
Infinix Hot 11 Play Garansi Resmi,,,Istana 928 Ponsel,Kota Balikpapan,1749000
Infinix Note 40 Pro 5G Resmi Segel,,,vinzflashsale,Kota Jakarta Utara,3747000
samsung s9 64gb sein dual sim,,,AGstore-agcelluler,Kota Tangerang,3299999
REDMI NOTE 13 8/256 SERIES BERGARANSI,,,WIRAFONE KEDIRI,Kota Kediri,2799000
virgie cell Huawei nova 9 8/256 2 minggu pake jaminan 100%spt baru,,,virgie cell,Kota Bandung,5600000
HP REALME 12 PLUS 8/256 GARANSI RESMI REALME EXTEND RAM 16 GB,,,Star Komsel Store,Kota Makassar,4199000
Samsung Galaxy A25 5G 8/128GB | 8/256GB 6.5 Inch Garansi Resmi,,,ANDALAS CELLULAR,Kota Balikpapan,3999000
SAMSUNG GALAXY Z FOLD 4 12/256GB GARANSI RESMI NEW,,,OBONG CELL,Kota Surabaya,24999000
OPPO A60 RAM 8/128 GB GARANSI RESMI ORIGINAL BISA KREDIVO / PAYLATER,,,ardyzhn,Kota Surabaya,2599000
SAMSUNG GALAXY A55 5G 8/128 & 8/255  12/512 NEW GARANSI RESMI,,,J3 ID,Kota Medan,5869000
OPPO Reno11 Pro 5G 8/256 12/512 RAM 8 12 ROM 256 512 GB 8GB 12GB 256GB 512GB Reno 11 HP Smartphone Android,3.0,2,GalleryGadget Store,Kota Jakarta Pusat,5249000
"OPPO RENO 11F 5G - RAM 8/256GB, AMOLED, NFC, CAM 64MP, FAST CHARGING, GRS RESMI",,,ANDROID CENTRAL CELL,Kota Makassar,4599000
SAMSUNG GALAXY s23 FE 5G / S23fe SEIN RESMI - 256GB / 128GB SEIN,,,RosanShop,Kota Pekanbaru,6990000
REALME 11 PRO PLUS 5G 12/512 - GARANSI RESMI,,,Hapeworld,Kota Banjarmasin,6599000
Samsung Galaxy Z Fold5 5G,5.0,1,Samsung Exclusive,Kab. Tangerang,21999000
Redmi Note 13 Pro+ 5G 12/512GB,5.0,1,Era Sellindo,Kota Jakarta Utara,5999000
Samsung Galaxy A04e | 3+64 vs 3+32 | 6.5 inches Display | Li-Po 5000 mAh [BISA COD],4.9655172413793105,29,Mentari Cell,Kab. Madiun,899000
Samsung A13 Ram 6\128 nominus masih mulus fullshet second rasa baru garansi resmi indonesia,4.967741935483871,31,Rizky Hawers Cell,Kab. Bogor,1650000
Xiaomi Redmi Note 12 Pro 5G 8/256 GB - Garansi Resmi,,,Royal Makmur Handphone & Tablet,Kota Jakarta Timur,3680000
Handphone infinix hot s10s 4/64 masih mulus garansi resmi ori Indonesia,5.0,1,CANTIKA AMANAH CELULLER,Kab. Bogor,1380000
Samsung a02 fulset masih mulus garansi resmi ori Indonesia,5.0,1,CANTIKA AMANAH CELULLER,Kab. Bogor,965000
HP SMARTPHONE ANDROID A31 6/18 - Garansi 1 Tahun,,,BroO_CeLL,Kab. Bogor,689890
Sony Xperia 1 Mark ii 8/128GB Istimewa Mulus Like New Seperti Baru Berkualitas,,,Hapeku Semarang Shop,Kota Semarang,3750000
Handphone Oppo Reno 5F Ram 8/128GB second masih mulus garansi resmi ORI Indonesia,,,Cantika amanah grup,Kab. Bogor,2650000
"[NEW LAUNCH! Cicilan 0% 24 Bulan] OPPO Reno11 5G 8GB/256GB [50MP OIS Main Camera, 32MP Telephoto Portrait, 67W SUPERVOOC, 5000mAh Large Battery]",5.0,29,OPPO,Kota Tangerang,5599000
Vivo Y22 ( RAM 4/64 GB ) ( RAM 4/128 GB ) garansi resmi,,,Ainiyacell2,Kab. Karanganyar,1415000
OPPO F7 YOUTH RAM 8/256 GB,4.621468926553672,177,berkah amanah shops,Kota Bandung,669000
VIVO Y36 4G 5G 8/256 GB RAM 8 ROM 256 8GB 256GB Smartphone Android HP Handphone,5.0,6,SuperGadget,Kota Jakarta Pusat,2325000
VIVO Y18 NFC Ram 6+6GB 5000mAh FlashCharge IP54 tahan air | Garansi Resmi,,,EVOGAD,Kota Jakarta Barat,1463000
Itel P55 5G 6/128GB - Garansi Resmi 1 Tahun,5.0,1,DiamondCell,Kota Jakarta Barat,1515000
tecno spark 20 ram 8/256gb garansi resmi,,,Cv.Garden Cell,Kota Kediri,1680000
Infinix Hot 40i 8/256,,,SOLID CELLULAR MEDAN,Kota Medan,1665000
Xiaomi Redmi Note 13 Pro 5G 8/256 & 12/512 GB Garansi Resmi,,,MetaCore,Kota Bandung,4436000
[BEST SELLER] VIVO  Y16 RAM 8/256GB ORI ANDROID / Y56 5G RAM 8/256GB BATERAI 5000mAh GARANSI 1 TAHUN,4.724137931034483,29,3SHOP6,Kota Jakarta Barat,5994000
Xiaomi Redmi 13C 6/128 GB 8/256 GB,,,digitalselulargroup,Kota Medan,1525000
Infinix GT 20 Pro 8/256 Dimensity 8200 ultimate 4nm Chipset,,,UFO ELEKTRONIKA DAN FURNITURE,Kota Surabaya,4348000
Google Pixel 7 8/128GB Like New Murah Bergaransi All Operator Indonesia Original,,,Hapeku Semarang Shop,Kota Semarang,4365000
VIVO V29E 5G 8/256GB - GARANSI RESMI,,,Hapeworld,Kota Banjarmasin,4399000
Infinix Note 40 Pro Plus 5G 12/256GB - Garansi Resmi 1 Tahun,5.0,1,Bintang Timur Selindo,Kota Jakarta Barat,4375000
Samsung Galaxy A25 5G 8/128GB Garansi Resm,,,Toko Lasvegas,Kota Surabaya,3750000
Samsung Galaxy A15 8/128GB Garansi Resmi SEIN,5.0,1,Apollo Gadget Store,Kota Surabaya,2699000
Tecno Spark 20 - 8GB/256GB,,,Komunika Sell,Kota Jakarta Selatan,1745000
INFINIX NOTE 10 PRO 8/128GB | GARANSI RESMI,,,Top Cellular Makassar,Kota Makassar,2999000
VIVO V30e RAM 8/128GB 8/256GB [Garansi Resmi Vivo],,,Planetgadget Store,Kota Jakarta Timur,4699000
Xiaomi Redmi Note 13 Pro 5G 8GB + 256GB Garansi Resmi Xiaomi Indonesia,,,MEGA GADGET ELECTRONICS,Kota Jakarta Utara,4339000
Hp Tecno Camon 20 Pro 5G Ram 8GB Internal 256GB Garansi Resmi,,,wwponsel_hangtuah,Kota Pekanbaru,3999000
Samsung Galaxy Z Fold4,,,jikalaku,Kota Jakarta Pusat,15818000
Hp Xiaomi Redmi 13 Pro Ram 8GB Internal 256GB Garansi Resmi,,,wwponsel_hangtuah,Kota Pekanbaru,3799000
"[NEW LAUNCH! Cicilan 0% 24 Bulan] OPPO Reno11 Pro 12/512GB [80W SUPERVOOC. Mediatek Dimensity 8200, 120Hz 3D Curved Screen, ColorOS 14.0]",5.0,1,OPPO,Kota Tangerang,8999000
"Nubia Neo 5G Smartphone Gaming 8/256, Unisoc T820 | Garansi Resmi",,,EVOGAD,Kota Jakarta Barat,2579000
Realme 10 Pro 5G RAM 8/128GB  8/256GB - Garansi Resmi,,,Grandivoo,Kab. Sidoarjo,4599000
Samsung Galaxy A54 5G 8/128GB - Garansi resmi SEIN 1Tahun,,,MEDIKOM_88,Kab. Cirebon,5649000
Samsung Galaxy S24 Ultra 12/256GB,,,TOKOPDA store,Kota Jakarta Pusat,19999000
Oppo A96 Ram 8/256 Gb (Second Bergaransi),,,HP SECOND JOSS,Kab. Serang,2700000
TECNO Pova 4 NFC 8/128 GB - Garansi Resmi,5.0,6,Royal Makmur Handphone & Tablet,Kota Jakarta Timur,1725000
"TECNO SPARK 20 Pro+ NFC – 8GB+256GB, 3D Curved 6,78"" AMOLED FHD+ 120Hz, 108MP+32MP, Helio G99, Stereo Dual Speaker, 5000mAh+33W Fast Charging, Android 13, Garansi 12+1 Bulan",4.9576271186440675,118,TECNO,Kota Jakarta Utara,2649900
Samsung Galaxy A05s 6/128GB - Garansi Resmi,5.0,2,Royal Makmur Handphone & Tablet,Kota Jakarta Timur,2029000
[Bisa COD] hp V31 Pro hp murah asli cuci gudang 7.5Inci hp gede 12GB RAM+512GB ROM Dual Card SIM Smartphone Android11 hp promo Gaming Phone Siswa Belajar Ponsel cuci gudang hp iphone,5.0,1,Yinjieindonesia,Kota Jakarta Utara,1045590
VIVO Y22 | 6GB+128GB | 50MP CAMERA | 6.55 inches | 5000 mAh battery | bisa COD,4.9,10,Mentari Cell,Kab. Madiun,1649000
Infinix Note 40 Pro 5G 8/256GB android,,,Yulia Mobilephone,Kota Semarang,3899000
HP A16 4/64GB 6/128GB SECONDHAND TERJAMIN BERGARANSI 12 BULAN DAN TERPERCAYA,,,Spark Phonestore,Kota Jakarta Barat,765000
Realme 11 8/256GB NFC Garansi Resmi,,,Okeshop Official,Kota Jakarta Pusat,2799000
POCO C65 NFC RAM hingga 16 GB Prosesor kencang Helio G85 90Hz Garansi Resmi - Grandivo,4.947368421052632,19,Grandivoo,Kab. Sidoarjo,1594790
Xiaomi Poco C65 8/256 GB 6/128 GB Garansi Resmi Poco C65 Not F5 X5 M5s,4.916666666666667,107,Distributor Ponsel,Kota Jakarta Pusat,1517000
OPPO A17 4/64 GB | OPPO A17K 3/64 GB ( +4 GB RAM Expansion) GARANSI RESMI OPPO INDONESIA,4.928571428571429,56,189 CELL,Kota Jakarta Barat,1299900
Samsung Galaxy A05s 6/128 RAM 6 ROM 128 GB 6GB 128GB Smartphone Android HP Handphone,4.833333333333333,126,GalleryGadget Store,Kota Jakarta Pusat,1889000
Infinix Hot 40i 8/256 GB 8GB 256GB HP Original,5.0,1,Original Link,Kota Jakarta Utara,1689000
"Samsung Galaxy A04 4/64, Android 12 - Garansi Resmi Samsung Indonesia",5.0,10,EVOGAD,Kota Jakarta Barat,1305000
SAMSUNG GALAXY A15 5G 8/256 & A15 4G 8/128 & 8/256 NEW GARANSI RESMI,4.833333333333333,6,J3 SHOP,Kota Medan,2649000
Tecno Spark 10 Pro 8/256GB Garansi Resmi,,,Cv.Garden Cell,Kota Kediri,1580000
realme C30s 4+64GB (5000mAh Massive Battery | 6.5'' Fullscreen | Powerful Octa Core Processor | 8.5mm Ultra Slim | Ram Plus 4GB+4GB*),5.0,46,realme,Kota Depok,1399000
Samsung Galaxy A15 5G 8/256GB,5.0,6,jikalaku,Kota Jakarta Pusat,3099000
Realme C63 NFC 6/128GB & 8/128GB - Garansi Resmi 1 Tahun,5.0,2,Bintang Timur Selindo,Kota Jakarta Barat,1890000
"Xiaomi Redmi A3 4/128GB Garansi Resmi Layar Muluz 90 Hz berukuran 6.71"" kapasitas baterai 5000 mAh",5.0,1,Adiwerna DevStore,Kab. Tegal,1200000
Vivo V29 5G 16+256 GB  layar super Amoled snapdragon 778 G garansi resmi 1 tahun,5.0,8,Gudang phoncell,Kab. Bogor,3875000
Xiaomi 12 Lite 5G RAM 8/256 GB (Second Bergaransi),,,HP SECOND JOSS,Kab. Serang,4000000
Realme Handphone Realme Note 50 RAM 4/128,,,UFO ELEKTRONIKA DAN FURNITURE,Kota Surabaya,1498000
TECNO CAMON 20 Pro 8/256 - Garansi resmi,,,Gundala store,Kota Jakarta Pusat,2705000
ITEL RS4 12/256 NFC NEW GARANSI RESMI,5.0,2,KSTORE87,Kota Medan,2169000
Smartphone Oppo A79 5G 8/256GB Garansi Resmi,,,OBONG CELL,Kota Surabaya,3799000
Poco X3 NFC RAM 8/128 GB (Second Bergaransi),4.8,5,HP SECOND JOSS,Kab. Serang,1800000
TECNO SPARK 20C,,,Naga Cell Sidareja,Kab. Cilacap,1199000
Oppo A60 8/128GB 256GB [ Garansi Resmi Oppo ],5.0,1,Planetgadget Store,Kota Jakarta Timur,2599000
OPPO RENO 11 Pro,5.0,1,Alibabastore.id,Kota Malang,8999000
Xiaomi 14 12/256GB Snapdragon 8 gen 3 Garansi Resmi,,,Ceria Ponsel,Kota Tangerang,11917000
OPPO FIND N3 FOLD 16/512 GB NEW GARANSI RESMI,,,KSTORE87,Kota Medan,24999000
Realme 12 Pro+ 5G 12GB/512GB Garansi Resmi,,,hacom store surabaya,Kota Surabaya,6999000
Xiaomi Redmi Note 13 Pro+ 5G 12/512GB Garansi Resmi,,,hacom store surabaya,Kota Surabaya,5999000
Hp BARU Samsung Galaxy Note 10 Plus 12/512GB Garansi Resmi Original,,,OBONG CELL,Kota Surabaya,13767000
Samsung Galaxy A55 5G RAM 8/128GB Garansi Resmi,,,Raja Ponsel Bandung,Kota Bandung,5699000
Samsung A25 5G 8/256GB - Garansi Resmi 1 Tahun,,0,Bintang Timur Selindo,Kota Jakarta Barat,3399000
SAMSUNG GALAXY S24 ULTRA 5G SEIN RESMI - 1TB / 512GB / 256GB BNIB NEW,,,RosanShop,Kota Pekanbaru,19990000
samsung A13 6/128,,,Trijaya Cellular ID,Kab. Garut,1600000
Vivo X Fold 3 Pro 5G 16/512GB Garansi Resmi Indonesia,,,Apollo Gadget Store,Kota Surabaya,26999000
realme Note 50 3GB+3GB*|64GB (90Hz Vivid Display | Mini Capsule | Ultra SLim Body | 13 MP AI Camera | 5000mAh Battery),4.916666666666667,11,Realme AIoT,Kab. Tangerang,1249000
Samsung Galaxy A15 5G 4G 8/128 8/256 8GB 128GB 256GB HP Handphone Terbaru Termurah Garansi Resmi,4.965811965811966,117,GalleryGadget Store,Kota Jakarta Pusat,2445000
Realme Note 50 4GB/128GB - 4GB/64GB Garansi Resmi Bonus Aksesoris/Hydrogel - Grandivo,5.0,5,Grandivoo,Kab. Sidoarjo,1375000
OPPO A5S RAM 8/256 GB,3.0,1,Pejuang Amanah,Kota Bandung,639000
Redmi 10 5G 6/128GB Garansi Resmi,5.0,1,jikalaku,Kota Jakarta Pusat,1643000
OPPO A58 NFC 6/128 - FHD+ BIG SCREEN - 50MP DUAL CAMERA,4.6875,16,Mentari Cell,Kab. Madiun,1899000
Oppo reno 11F 5G  NFC 8+256 GB layar super Amoled (imei terdaftar) garansi 1 tahun resmi (imei terdaftar),4.857142857142857,7,JIU_PHONCELL,Kab. Bogor,3795000
Oppo A58 NFC 8/128 GB 6/128 GB Garansi Resmi A 58 8 GB 6 GB 128 GB,4.914076782449726,547,Distributor Ponsel,Kota Jakarta Pusat,2201000
VIVO Y27s 8+256 vs 8+128 GB | 50MP | 5000mAh | Snapdragon 680 TERMURAH dan ORIGINAL,5.0,5,Mentari Cell,Kab. Madiun,1999000
Samsung a23 6/128 [6gb + 128gb] - garansi resmi,5.0,1,Wahana Komunikasi,Kota Jakarta Timur,2550000
ITEL P55 5G & 4G 6/128 & 8/256 NEW GARANSI RESMI,5.0,3,J3 SHOP,Kota Medan,1269000
Redmi 13C ram 8/256gb Garansi resmi,4.988636363636363,88,Cv.Garden Cell,Kota Kediri,1755000
"[NEW LAUNCH] iQOO 12 (16/512) - 1st Snapdragon 8 Gen 3, 6K VC Cooling , 120+5000mAH",5.0,18,vivo,Kab. Tangerang,10999000
Samsung Galaxy A25 5G - 8/256GB,4.947368421052632,114,Samsung,Kota Depok,3799000
Itel P55 5G 6/128GB - Garansi Resmi 1 Tahun,5.0,8,Bintang Timur Selindo,Kota Jakarta Barat,1455000
Xiaomi Redmi 10A Ram 6/128GB Smartphone 4G LET 6.53 inches Dual SIM 5MP+13MP Handphone,4.798387096774194,124,Super iPhone,Kota Jakarta Barat,1800000
OPPO A54S RAM 6/128GB,,,Light Sun Store,Kota Jakarta Barat,789000
Xiaomi Redmi Note 12 6/128GB Garansi Resmi,,,SMS Shop Online,Kota Semarang,2299000
TECNO SPARK 20 PRO PLUS RAM 8/256GB GARANSI RESMI,,,Sinar Cemerlang Jaya 88,Kota Palembang,2594000
ZTE Blade V50 8/128GB - Garansi Resmi,,,Gundala store,Kota Jakarta Pusat,1335000
Realme C67 8/128GB Garansi Resmi Indonesia,,,Apollo Gadget Store,Kota Surabaya,2399000
Samsung Galaxy Z Flip4 - Garansi resmi,,,Gundala store,Kota Jakarta Pusat,10380000
Asus Zenfone 11 Ultra  ram 12/256Gb Garansi Resmi,,,Cv.Garden Cell,Kota Kediri,9535000
Tecno Pova 5 Pro 5G 8GB + 256GB Garansi Resmi Tecno Indonesia,,,MEGA GADGET ELECTRONICS,Kota Jakarta Utara,2520000
Xiaomi Redmi 13C 6/128 dan 8/256,,,Simoncell Technology,Kota Pekanbaru,1499000
Infinix GT 20 Pro 8/256GB [Garansi Resmi Infinix],,,Planetgadget Store,Kota Jakarta Timur,4399000
Infinix Note 40 Pro 5G 8/256GB - Garansi Resmi,,,Toko Lasvegas,Kota Surabaya,3950000
XIAOMI NOTE 13 PRO 8/256 NEW GARANSI RESMI,,,KSTORE87,Kota Medan,3600000
Samsung Galaxy A54 5G 8/256GB NFC,,,HapeJOSS,Kota Semarang,6199000
Hp TECNO Spark 8C Ram 4GB Extended 3GB Internal 64GB 90 Hz High Refresh Rate 13MP AI Dual Camera 5000mAh Garansi Resmi,,,wwponsel_hangtuah,Kota Pekanbaru,1699000
[New] Xiaomi Redmi Note 13 Pro 5G Ram 8+8Gb Internal 256GB |Amoled | Snapdragon 7s Gen 2 (4 nm) | 200MP | Garansi Resmi,,,ASK CELL,Kota Cimahi,4499000
Vivo Y53s Ram 8/128 GB (Second Bergaransi),,,HP SECOND JOSS,Kab. Serang,1600000
HP OPPO A17 RAM 6/128GB GARANSI 1 TAHUN,5.0,1,wincelluler,Kota Jakarta Barat,985000
SMARTPHONE XIAOMI REDMI NOTE 13 PRO PLUS 12/512 ORIGINAL GARANSI RESMI,,,JACOM CELL,Kota Metro,5800000
Nubia REDMAGIC 8S Pro 16GB/512GB + TWS Monster,,,NubiaFlagshipStore,Kab. Tangerang,14999000
Samsung Galaxy A55 5G 8/256GB Garansi Resmi SEIN,,,Apollo Gadget Store,Kota Surabaya,5999000
Hp Asus ROG Phone 8 Ram 12GB Internal 256GB Garansi Resmi,,,wwponsel_hangtuah,Kota Pekanbaru,10999000
Vivo Y28 6/128GB 8/128GB 8/256GB [Garansi Resmi Vivo],,,Planetgadget Store,Kota Jakarta Timur,2399000
OPPO RENO 11 5G,,,Naga Cell Sidareja,Kab. Cilacap,8999000
Hp Samsung Galaxy Z Flip 4 5G Ram 8GB Internal 128GB Garansi Resmi,,,wwponsel_hangtuah,Kota Pekanbaru,11999000
Apple iPhone 13,4.959663120567376,2256,iBox,Kab. Tangerang,9999000
Samsung Galaxy A55 5G 8/128 8/256 12/256 GB RAM 8 12 ROM 128 256 8GB 12GB 128GB 256GB HP Smartphone Android Termurah Terbaru,5.0,6,Original Link,Kota Jakarta Utara,5799000
"OPPO A17K 3/64 | OS	Android 12, ColorOS 12.1 | GPU PowerVR GE8320",4.75,8,Mentari Cell,Kab. Madiun,1099000
Xiaomi Redmi Note 12 Pro 5G 8GB + 256GB Garansi Resmi Xiaomi Indonesia,4.911111111111111,45,MEGA GADGET ELECTRONICS,Kota Jakarta Utara,3579000
[Bisa COD] hp Rino11 Pro hp murah asli cuci gudang 7.5Inci hp gede 12GB RAM+512GB ROM Dual Card SIM Smartphone Android11 hp promo Gaming Phone Siswa Belajar Ponsel cuci gudang hp iphone,4.5,2,Yinjieindonesia,Kota Jakarta Utara,1045590
Oppo A16 Ram 4/64 nominus masih mulus fullshet second rasa baru,4.888888888888889,9,Rizky Hawers Cell,Kab. Bogor,1200000
Xiaomi Poco C65 128GB / 256GB [ RAM 6GB / 8GB ] Black Purple Garansi Resmi Xiaomi Indonesia,,,Cantika amanah grup,Kab. Bogor,1608000
Vivo Y18 4/64 4/128 6/128 Helio G85 Processor NFC 5000mAh Baterai Terbaru 2024 Garansi Resmi Bisa COD,,,DST HP,Kota Jakarta Utara,1569000
Samsung Galaxy A55 5G 8/256GB NFC,,,HapeJOSS,Kota Semarang,5999000
Infinix Zero 5G 8/128 Garansi Resmi,,,vinzflashsale,Kota Jakarta Utara,2397000
Xiaomi Redmi 13C 8/256GB 6/128GB New Garansi Resmi Langsung Kirim,4.964285714285714,28,Zabeela Store,Kota Bandung,1799000
OPPO A18 (4GB+128GB) - GARANSI RESMI,4.966666666666667,30,Duniagadgetku,Kota Jakarta Barat,1459000
Vivo Y18 (6/128 4/128 4/64) Garansi Resmi,5.0,5,initokobudi shop,Kota Jakarta Selatan,1475000
itel P55 5G RAM 6/128GB Garansi Resmi/ BNIB,,,ACE SHOP 2,Kab. Wonogiri,1349000
"Hp infinix Hot 40 pro ( NFC ) RAM 8GB+8GB/256GB ,Dual cam 108mp ,helio G99 gaming , 120hz ,33w fast charger ,5000mah ,GARANSI RESMI ,IMEI TERDAFTAR",4.961538461538462,26,Riawan_shop88,Kab. Bogor,1165000
Samsung Galaxy A15 4G,5.0,4,jikalaku,Kota Jakarta Pusat,2472000
VIVO Y03 4/64 NEW GARANSI RESMI,,,KSTORE87,Kota Medan,1194000
ITEL P55 NFC 8/128 NEW GARANSI RESMI,,,KSTORE87,Kota Medan,1265000
Samsung Galaxy A15 4G 5G 8/128 8/256 RAM 8 ROM 128 256 GB 8GB 128GB 256GB Smartphone Android HP Handphone,5.0,1,SuperGadget,Kota Jakarta Pusat,2499000
tecno spark 20c ram 8/128gb garansi resmi,5.0,2,Cv.Garden Cell,Kota Kediri,1455000
Realme Note 50 4/64 & 4/128 GB Garansi Resmi,,,MetaCore,Kota Bandung,1260000
Samsung Galaxy A34 5G 8/128 8/256 GB RAM 8GB 128GB 256GB SEIN Smartphone Android HP Handphone,5.0,11,Original Link,Kota Jakarta Utara,5399000
Tecno Pova Neo 3 8+8/128 Garansi Resmi,5.0,1,Galeri-Hp 040595,Kota Jakarta Pusat,1799000
TECNO POVA 5 Pro 5G NFC – 8/256GB 68W Super Fast Charging - Dimensity 6080 5G - Hard Gyroscope - Turbo Light Mecha - Garansi Resmi,,,Bandarhpmurah,Kota Jakarta Utara,2549000
Xiaomi Redmi Note 12 Pro 8/256GB Garansi Resmi Not Redmi Note 11,5.0,10,Distributor Ponsel,Kota Jakarta Pusat,3729000
SAMSUNG GALAXY A35 5G RAM (8GB+256GB) - GARANSI RESMI,5.0,1,Duniagadgetku,Kota Jakarta Barat,4749000
"ITEL P55 5G 6+128GB & P55 NFC, 50M Dual Clear Cam, Android 13 | Garansi Resmi",,,EVOGAD,Kota Jakarta Barat,1518000
"Tecno Spark 20c 4/128GB & 8/128 GB, Mediatek Helio G85 | Bergaransi",5.0,1,EVOGAD,Kota Jakarta Barat,1490000
TECNO Camon 20 Pro 8/256GB Garansi Resmi,,,hacom store surabaya,Kota Surabaya,2799000
oppo A38 4/128GB 6/128GB [Garansi Resmi Oppo],4.333333333333333,3,Planetgadget Store,Kota Jakarta Timur,1899000
TECNO SPARK 20 NFC Ram 16GB (8GB+8GB) / 256GB - Camera 50MP - Helio G85 - Garansi Resmi,,,NISFU GADGET,Kab. Sidoarjo,1999000
Infinix Hot 40 Pro 8/256GB - Up to 16GB Extended RAM - Helio G99 - 6.78” FHD,,,UFO ELEKTRONIKA DAN FURNITURE,Kota Surabaya,2199000
[BEST SELLER] HP VIVO V23 5G Ram 8gb / Rom 256gb  5 LTE  (Garansi 1 Tahun) &  COD,,,3SHOP6,Kota Jakarta Barat,2099000
OPPO A79 5G 8/256GB GARANSI RESMI,,,SMS Shop Online,Kota Semarang,3799000
POCO M5S 4/64 GB & 6/128 GB,5.0,1,SURYA HALIM PONSEL,Kota Medan,1745000
Realme 10 Pro 5G 8/128GB | 8/256GB,,,Alibabastore.id,Kota Malang,4599000
HP SAMSUNG A14 4/128 GARANSI RESMI SAMSUNG (GARANSI SOFTWARE GRATIS),,,Star Komsel Store,Kota Makassar,2199000
Samsung Galaxy A55 5G 12/256GB Garansi Resmi SEIN,,,Apollo Gadget Store,Kota Surabaya,6899000
Realme C63 6/128GB Garansi Resmi,,,OBONG CELL,Kota Surabaya,1999000
Realme C63 6/128GB 8/128GB [Garansi Resmi Realme],,,Planetgadget Store,Kota Jakarta Timur,1999000
Realme c11 ram 2/32 nominus masih mulus fullshet second rasa baru garansi resmi Indonesia,4.380952380952381,21,Rizky Hawers Cell,Kab. Bogor,850000
Samsung Galaxy A15 5G 8/256 8GB 256GB HP Original Android Smartphone Terbaru Termurah,4.959677419354839,124,Original Link,Kota Jakarta Utara,3175000
Infinix Smart 8 ram 8+128 GB 5000 mAh - Gaming processor - 13MP Camera,4.883720930232558,43,Leon_cell99,Kab. Bogor,1175000
Xiaomi Redmi 6 Ram 4/64 GB Garansi 1 Tahun,4.833333333333333,12,My Phone Shop,Kota Jakarta Pusat,655000
Itel P55 NFC RAM 8 + 128GB - Layar 90Hz Punch Hole - UFS memory - 50 MP Kamera utama,5.0,2,Fan Fan Shop,Kota Bekasi,1269000
VIVO V9 / Y85 RAM 6/128 GB,2.0,1,Pejuang Amanah,Kota Bandung,595000
Xiaomi Redmi 13C Garansi resmi,4.953571428571428,280,Gundala store,Kota Jakarta Pusat,1475000
realme C67 8GB+8GB*|128GB 108MP Camera | 3X In-sensor | Snapdragon 685 | 33W SUPERVOOC Charge | 5000mAh Massive Battery,,,Realme AIoT,Kab. Tangerang,2599000
Realme 12 Pro+ 5G,,,Gudang Cell Tasikmalaya,Kota Tasikmalaya,5999000
Samsung Galaxy A04e 3/32GB RESMI TERMURAH,5.0,1,Mentari Cell,Kab. Madiun,899000
Xiaomi Redmi 5A - 3/32GB - Garansi 1 Tahun -New/baru/segel/murah,,,BroO_CeLL,Kab. Bogor,1000000
OPPO A38 4/128 GB Garansi Resmi A38 Not A16 A17 A17K A78,4.9245283018867925,53,Distributor Ponsel,Kota Jakarta Pusat,1704000
Samsung Galaxy A25 5G - 8/128GB,4.9541984732824424,131,Samsung,Kota Depok,3499000
Realme C67 8+8GB/128GB | 8+8GB/256GB - Snapdragon 685 | Garansi Resmi,4.555555555555555,9,EVOGAD,Kota Jakarta Barat,2175000
itel P55 5G 6/128GB - Dual Camera 50MP - Fast Charge 18W Garansi resmi,5.0,5,Gundala store,Kota Jakarta Pusat,1460000
Samsung Galaxy A05 4/64/128,5.0,4,SOLID CELLULAR MEDAN,Kota Medan,1460000
Redmi 12 8/128/256GB MediaTek Helio G88 Garansi Resmi,5.0,4,Alibabastore.id,Kota Malang,1999000
Xiaomi Redmi Note 13 5G 8GB + 256GB Garansi Resmi Xiaomi Indonesia,,,MEGA GADGET ELECTRONICS,Kota Jakarta Utara,3079000
INFINIX GT 20 PRO 8/256 NEW GARANSI RESMI,,,KSTORE87,Kota Medan,4299000
OPPO A60 8/128 NEW GARANSI RESMI,,,KSTORE87,Kota Medan,2399000
OPPO A57 RAM 8 ROM 64 GARANSI RESMI OPPO IMEI TERDAFTAR,5.0,1,CELLULAR SURABAYA,Kota Surabaya,1700000
Samsung Galaxy A15 LTE 8/256 GB 8/128GB Garansi Resmi Not A14 A25,5.0,2,Distributor Ponsel,Kota Jakarta Pusat,2522000
Realme Handphone Realme Note 50 RAM 4/64GB,,,UFO ELEKTRONIKA DAN FURNITURE,Kota Surabaya,1298000
Xiaomi Redmi 10 5G 4/128 6/128 RAM 4 6 ROM 128 GB 4GB 6GB 128GB HP Smartphone Android Original Garansi Resmi Handphone,,,GalleryGadget Store,Kota Jakarta Pusat,1599000
Xiaomi 12T 5G Ram 8/256 GB (Second Bergaransi),,,HP SECOND JOSS,Kab. Serang,4300000
Xiaomi Redmi Note 13 Pro+ Pro Plus 5G Ram 12/512GB l Baru l Segel l Garansi Resmi,,,ORLINSASHA,Kab. Jember,5999000
Infinix Note 40 Pro 5G 8/256GB Garansi Resmi,,,hacom store surabaya,Kota Surabaya,3899000
Vivo V20se Smartphone RAM 8/128,,,UFO ELEKTRONIKA DAN FURNITURE,Kota Surabaya,3199000
HP INFINIX SMART 8 PRO 8/128 GARANSI RESMI INFINIX INDONESIA,,,Star Komsel Store,Kota Makassar,1449000
SAMSUNG GALAXY A35 5G 8/128 & 8/256 NEW GARANSI RESMI,4.0,1,J3 ID,Kota Medan,5049000
SAMSUNG HANDPHONE GALAXY A15 5G RAM 8/256GB,,,UFO ELEKTRONIKA DAN FURNITURE,Kota Surabaya,3399000
Google Pixel 4 64Gb 128Gb Mulus Nominus,,,FR Store Solo,Kab. Sukoharjo,2350000
infinix itel P55 5G NFC Ram 12+128 GB dimensity 6080 garansi 1 tahun resmi,,,JIU_PHONCELL,Kab. Bogor,1325000
Samsung Galaxy A25 5G 8/128 8/256 RAM 8 ROM 128 256 GB 8GB 128GB 256GB Smartphone Android HP Handphone,,,SuperGadget,Kota Jakarta Pusat,3759000
Xiaomi Redmi 13C 8/256 GB Garansi Resmi,,,Gudang-HP com,Kota Jakarta Pusat,1793000
XIAOMI 12T 5G [8GB/256GB] GARANSI RESMI,,,Top Cellular Makassar,Kota Makassar,6599000
OPPO A18 4/128GB,,,Alibabastore.id,Kota Malang,1599000
Samsung Galaxy A05 ( Series Ramadhan Sale ) Garansi Resmi,,,Bejana,Kota Jakarta Pusat,1499000
"Samsung Galaxy S23+ 5GGB Smartphone 512GB, Handphone AI 50MP Nightography Camera & Snapdragon 8 Gen 2 (4nm), HP flagship Samsung, Smartphone, Android, Garansi resmi, Samsung official store",4.8125,32,Samsung,Kota Depok,16999000
Samsung Galaxy S24 Ultra 12/512GB Garansi Resmi SEIN,,,Apollo Gadget Store,Kota Surabaya,23999000
Samsung Galaxy Z Flip 5 8/512GB - Garansi Resmi,,,Royal Makmur Handphone & Tablet,Kota Jakarta Timur,15999000
Samsung Galaxy A15 4G 8/128 8/256 8 128 256 GB Original Smartphone Android Garansi,4.963636363636364,55,Original Link,Kota Jakarta Utara,2475000
Handphone Realme c35 second masih mulus garansi resmi ORI Indonesia,5.0,10,Cantika amanah grup,Kab. Bogor,1585000
Nubia Neo 5G Smartphone 8GB+256GB (10GB Extended RAM),5.0,3,ZTE Mobile Indonesia,Kota Jakarta Utara,2669000
Xiaomi Redmi 13C 6/128 GB - Garansi Resmi,,,Royal Makmur Handphone & Tablet,Kota Jakarta Timur,1499000
SAMSUNG GALAXY A04S | 4+128GB vs 4+64 GB | MAIN CAMERA Triple 50 MP,4.888888888888889,18,Mentari Cell,Kab. Madiun,1262000
REALME C55 - 8+256GB vs 6+128GB | FULLSET RESMI ORIGINAL | Li-Po 5000 mAh,4.972222222222222,36,Mentari Cell,Kab. Madiun,1699000
Tecno Pova 5 Pro 5G 8/256GB - Garansi Resmi 1 Tahun,4.945454545454545,55,Bintang Timur Selindo,Kota Jakarta Barat,2499000
Oppo Reno 4F ram 8/128 Second masih mulus garansi resmi ORI Indonesia,5.0,3,Cantika amanah grup,Kab. Bogor,2550000
Official Xiaomi Redmi Note 13 5G | Tiga kamera 108 MP super jernih Layar 120 Hz FHD+ AMOLED Prosesor MediaTek Dimensity 6080,4.927659574468085,235,Xiaomi,Kota Depok,2899000
Xiaomi Redmi Note 13 8GB + 128GB Garansi Resmi Xiaomi Indonesia,,,MEGA GADGET ELECTRONICS,Kota Jakarta Utara,2409000
ZTE Nubia Neo 5G 8/256 GB Garansi Resmi ZTE Neo 5G Not GT 10 Pro Poco,4.933333333333334,15,Distributor Ponsel,Kota Jakarta Pusat,2457000
XIAOMI REDMI 13C 6/128 NEW GARANSI RESMI,5.0,5,KSTORE87,Kota Medan,1460000
VIVO V29 5G RAM 8/256 GB | VIVO V 29 12/512 GB GARANSI RESMI VIVO INDONESIA,4.5,8,189 CELL,Kota Jakarta Barat,2699900
"[PROMO] OPPO A17K 3/64 | OS	Android 12, ColorOS 12.1 | GPU PowerVR GE8320",5.0,9,Mentari Cell,Kab. Madiun,1099000
Tecno Spark 20 Pro+,5.0,2,jikalaku,Kota Jakarta Pusat,2602000
Vivo V30 8/256 GB 12/512 GB Garansi Resmi,,,Distributor Ponsel,Kota Jakarta Pusat,5288000
VIVO Y28 6/128GB 8/128GB 8/256GB RAM 6 8 ROM 128 256 GB 6GB 8GB 128GB 256GB,,,SuperGadget,Kota Jakarta Pusat,2179000
Infinix Smart 8 3/64GB Garansi Resmi Indonesia,,,Apollo Gadget Store,Kota Surabaya,1199000
Xiaomi Poco C65 NFC 6/128 GB 8/256 GB Garansi Resmi,5.0,5,Willsoon_Store,Kota Jakarta Barat,1449000
OPPO Reno11 Pro 5G 12GB/512GB Garansi Resmi,,,Toko Lasvegas,Kota Surabaya,8999000
"Samsung Galaxy S23+ 8/256GB, Handphone AI",5.0,13,Samsung,Kota Depok,15999000
Samsung A15 LTE 8/128GB & 8/256GB - Garansi Resmi 1 Tahun,5.0,3,Bintang Timur Selindo,Kota Jakarta Barat,2483000
Samsung Galaxy A11 3/32 GB (Second Bergaransi),4.8,5,HP SECOND JOSS,Kab. Serang,850000
Vivo Y28 6/128GB 8/128GB 8/256GB Garansi Resmi,,,Okeshop Official,Kota Jakarta Pusat,2399000
Xiaomi Redmi Note 13 Pro 8/256GB Garansi Resmi,,,hacom store surabaya,Kota Surabaya,3799000
Samsung Galaxy A55 5G 8/128GB NFC,,,HapeJOSS,Kota Semarang,5999000
SAMSUNG GALAXY A23 5G 6/128GB SMARTPHONE A236E - GARANSI RESMI SEIN,,,Dunia Aneka,Kota Jakarta Utara,3600000
HP BARU SAMSUNG A04 RAM 4/64GB NEW 100% ORI GRS RESMI INDONESIA TERMURAH,5.0,0,AMOmart,Kota Medan,1699000
Infinix Hot 30i 8/128 Garansi Resmi,,,Galeri-Hp 040595,Kota Jakarta Pusat,1419000
XIAOMI MI 11 LITE 8/128GB 6/128GB 6/64GB,,,Honchi Celuller,Kota Tangerang,4049000
Infinix Note 40 Pro 4G ( Ram 8GB + Rom 256GB ) - Garansi Resmi,,,Channel B,Kota Jakarta Pusat,3479000
Samsung Galaxy S9 FE 5g ram 6/128gb Garansi Resmi,,,Cv.Garden Cell,Kota Kediri,7235000
Vivo y36 5G 8/256GB [Garansi Resmi Vivo Indonesia],,,Planetgadget Store,Kota Jakarta Timur,3999000
Infinix Hot 30 8/128GB Garansi Resmi,,,PD Kenari Mas,Kota Bandar Lampung,2049888
SAMSUNG GALAXY A54 5G 8/128,,,Naga Cell Sidareja,Kab. Cilacap,5999000
Realme 10 pro 5G ram 8/128 8/256 gb garansi resmi original bisa kredivo / paylater,,,ardyzhn,Kota Surabaya,3999000
Samsung Galaxy A25 5G 8/128GB & 8/256GB [Garansi Resmi SEIN],,,Planetgadget Store,Kota Jakarta Timur,3999000
Hp Realme 10 Pro 5G Ram 8GB Internal 128GB Garansi Resmi,,,wwponsel_hangtuah,Kota Pekanbaru,4299000
Xiaomi 14 12/256GB Garansi Resmi,,,Maju hardware Online Shop,Kota Madiun,11999000
VOVE Hp Murah Phone I15 Pro Max 5g 6.74 Inci Ponsel Jaminan Kualitas Ram 16gb Rom 512gb Dual Card Sim Smartphone Android 13 Ponsel Baru Promo Cuci Gudang Hp Murah Promo Cuci Gudang Phone,5.0,27,VOVE,Kota Jakarta Utara,1315750
VOVE Phone I15 Pro Max Handphone Android 13 Asli 6.74 Inci 16gb Ram+512gb Rom Hd Kamera 5g Wifi Smartphone Gaming Terbaru 2024 Siswa Belajar Ponsel Dual Card Dual Standby Hp Murah,4.808510638297872,47,VOVE,Kota Jakarta Utara,1315750
OPPO F9 RAM 8/256 GB,4.611111111111111,144,Pelapak Murah,Kota Bandung,709000
Redmi 9 Ram 4\64 Nominus masih mulus fullshet second rasa baru garansi resmi indonesia,4.666666666666667,30,Rizky Hawers Cell,Kab. Bogor,1100000
Xiaomi Redmi 13C NFC 6/128GB,,,HapeJOSS,Kota Semarang,1499000
Vivo V30 5G 8/256GB 12/512GB 80W FlashCharge Snapdragon 7 Gen 3 Prosesor Garansi Resmi Terbaru 2024,5.0,17,VinsonTK,Kota Jakarta Utara,4949000
Google Pixel 6 PRO 12/128GB Super Mulus Like New Bergaransi Original,,,Hapeku Semarang Shop,Kota Semarang,4494000
Xiaomi Redmi 13C 8/256 GB 6/128 GB Garansi Resmi,4.900900900900901,111,Distributor Ponsel,Kota Jakarta Pusat,1522000
Samsung Galaxy A25 5G 8/128 8/256 8GB 128GB 256GB HP Handphone Terbaru Termurah Garansi Resmi,4.954545454545454,22,GalleryGadget Store,Kota Jakarta Pusat,3799000
Realme 12 Pro Plus 5G 8/256GB NFC,,,HapeJOSS,Kota Semarang,5999000
Redmi 13C,4.990291262135922,103,jikalaku,Kota Jakarta Pusat,1736000
Xiaomi Redmi 13C - 6GB/128GB,5.0,1,Komunika Sell,Kota Jakarta Selatan,1499000
Infinix hot 40i NFC Ram 16+256 GB GAMING processor unisog T606 kamera 50 mp garansi resmi 1 tahun (pengganti hot 30 )  infinix,4.888324873096447,197,Gudang phoncell,Kab. Bogor,1295000
Infinix Smart 8 3/64 GB Garansi Resmi,,,Gudang-HP com,Kota Jakarta Pusat,1068000
vivo Y28,5.0,1,jikalaku,Kota Jakarta Pusat,2109000
SmartPhone VIVO Y19 RAM 8/256GB  Full Set ( GARANSI 1 TAHUN ) Free Gift,,0,FX PhoneStore,Kota Jakarta Barat,739000
Realme C51S 6+128 GB kamera 50 mp  unisog tiger T612 garansi resmi 1 tahun,4.954545454545454,22,Gudang phoncell,Kab. Bogor,1325000
TECNO Spark 20C 8/128GB Garansi Resmi,,,OBONG CELL,Kota Surabaya,1499000
Infinix Smart 8 4/128GB Garansi Resmi Indonesia,,,Apollo Gadget Store,Kota Surabaya,1299000
Redmi 12 8/128 Garansi Resmi,,,Afiqa Cellular,Kab. Karanganyar,1999000
Smartphone ZTE Blade V40 Vita 4/128GB Garansi Resmi Indonesia,,,cworld.id,Kota Denpasar,1949000
Itel P55 5G 6/128 GB RAM 6 ROM 128 6GB 128GB Smartphone Android HP Handphone,5.0,1,SuperGadget,Kota Jakarta Pusat,1579000
Realme Note 50 4/64GB Garansi Resmi Indonesia,,,Apollo Gadget Store,Kota Surabaya,1349000
Realme C51s 6/128GB Garansi Resmi,,,hacom store surabaya,Kota Surabaya,1799000
REDMI 13C RAM 8+8/256 GB GARANSI RESMI 1 TAHUN BISA KREDIVO / PAYLATER,,,ardyzhn,Kota Surabaya,1975000
TECNO Pova 5 Pro 5G 8/256GB Garansi Resmi,,,OBONG CELL,Kota Surabaya,2599000
Infinix Note 40 4G 8/256GB Garansi Resmi Indonesia,,,Apollo Gadget Store,Kota Surabaya,2899000
oppo A38 6/128 GB big batrai 5000 mah garansi resmi 1 tahun,5.0,5,JIU_PHONCELL,Kab. Bogor,1545000
"Xiaomi Redmi 13C 6|128GB | 8|256GB 6,7 Inch Garansi Resmi",,,ANDALAS CELLULAR,Kota Balikpapan,1499000
"iTel RS4 NFC 8gb/128gb 12gb/256gb IPS LCD 6,56'' inc New Original Garansi Resmi - No Repack",,,TJSTORE Surabaya,Kota Surabaya,1899000
Hp Infinix Note 40 Ram 8GB Internal 256GB Garansi Resmi,,,wwponsel_hangtuah,Kota Pekanbaru,3099000
OPPO A33 | A16 A16e RAM 3/32 GB GARANSI RESMI OPPO INDONESIA,,,189 CELL,Kota Jakarta Barat,1522395
VIVO V25 PRO 5G 12/256 GARANSI RESMI,,,Hokky Cell Makassar,Kota Makassar,8999000
Infinix Note 40 Pro 5G 8/256GB Garansi Resmi Indonesia,,,Apollo Gadget Store,Kota Surabaya,3899000
Hp Realme 11 NFC Ram 8GB Internal 256GB Garansi Resmi,,,wwponsel_hangtuah,Kota Pekanbaru,3299000
Realme 12 Pro Plus 5G 8+256GB - Garansi Resmi,,,Maju hardware Online Shop,Kota Madiun,5999000
Samsung Galaxy Z Flip 5 5G Ram 8/512 GB (Second Bergaransi),,,HP SECOND JOSS,Kab. Serang,12250000
samsung j7 pro 3/32,5.0,1,Trijaya Cellular ID,Kab. Garut,1000000
"OPPO RENO 11 5G - RAM 8/256GB, AMOLED, NFC, FAST CHARGING 67W, GRS RESMI",,,ANDROID CENTRAL CELL,Kota Makassar,5999000
Oppo Reno 8T 5G 8/256GB Garansi Resmi Indonesia,,,Apollo Gadget Store,Kota Surabaya,6199000
[LIKE NEW] SAMSUNG GALAXY A04E | 3+64GB vs 3+32GB | FULLSET ORIGINAL RESMI,4.7727272727272725,88,Mentari Cell,Kab. Madiun,899000
Xiaomi Redmi 13C 6/128GB  -  8/256GB Garansi Resmi Xiaomi Indonesia,4.955223880597015,67,MEGA GADGET ELECTRONICS,Kota Jakarta Utara,1765000
XIAOMI REDMI NOTE 12 8/256 VS 8/128 VS 6/128 VS 4/128 - Chipset Qualcomm SM6225 Snapdragon 685,4.964285714285714,28,Mentari Cell,Kab. Madiun,2199000
Xiaomi Redmi 13C 8/256 GB 6/128 GB Garansi Resmi Xiaomi Indonesia,4.979166666666667,48,GLOBAL TELESHOP OFFICIAL,Kota Jakarta Pusat,1499000
Xiaomi Redmi 13C 6/128GB smartphone,,,Yulia Mobilephone,Kota Semarang,1499000
Apple iPhone 12,4.9625,80,Digimap,Kota Jakarta Barat,8749000
Realme C55 Ram 6/128 second masih mulus ori resmi di buat di Indonesia,4.5,4,CANTIKA AMANAH CELULLER,Kab. Bogor,1950000
"INFINIX HOT 20i | RAM 4GB+128GB vs RAM 4GB+64GB | 5000 mAh,5W reverse wired",4.833333333333333,12,Mentari Cell,Kab. Madiun,1124000
VOVE Handphone S24 Ultra 6.74inci Hp Murah 5000mah Android 13 Murah Ponsel Garansi Resmi Promo Ram 16gb Rom 512gb 5g Hd Kamera Dual Sim Dual Gaming Hp Baru 2023 Termurah Promo Terbaru Original,4.6923076923076925,26,VOVE,Kota Jakarta Utara,1315750
Samsung Galaxy A54 5G 8/128 8/256 GB RAM 8GB ROM 128GB 256GB Smartphone Android HP Handphone,5.0,6,Original Link,Kota Jakarta Utara,5239000
ZTE BLADE A31 PLUS (2GB+32GB) - GARANSI RESMI,4.708333333333333,24,Duniagadgetku,Kota Jakarta Barat,699000
Infinix Smart 8 4/128 GB Garansi Resmi,,,Gudang-HP com,Kota Jakarta Pusat,1197000
Xiaomi Redmi Note 12 Pro 5G 8/256GB - Garansi resmi,4.915584415584416,154,Gundala store,Kota Jakarta Pusat,3540000
Vivo Y100 5G 8+128GB 8+256GB 8GB + 8GB Extended RAM NFC 5000 mAh Baterai 80W FlashCharge 100% Original Garansi Resmi 1 Tahun HP,,,VinsonTK,Kota Jakarta Utara,3199000
"Xiaomi Redmi 13C [6GB/128GB - 8GB/256GB] Extended RAM 8GB - Helio G85 - 50MP Triple Camera - NFC - 6.74"" IPS LCD - Li-Po 5000mAh Garansi Resmi 1 Tahun",5.0,5,Penabur,Kab. Bekasi,1533000
Alcatel 1SE Smartphone 4/64 GB Garansi Resmi,4.5,2,MetaCore,Kota Bandung,885000
Xiaomi Redmi 13C [6GB+128GB] [8GB+256GB] Garansi Resmi Xiaomi Indonesia,4.978260869565218,46,DiamondCell,Kota Jakarta Barat,1823000
Infinix Hot 40i Unisoc Tiger T606,5.0,1,UFO ELEKTRONIKA DAN FURNITURE,Kota Surabaya,1699000
Xiaomi Redmi Note 13 6/128 8/128 & 8/256 GB,,,MetaCore,Kota Bandung,2380000
ITEL RS4 RAM 12/256GB 8/128GB,,,Sinar Cemerlang Jaya 88,Kota Palembang,1882000
"Vivo V30 5G 8/256GB & 12/512GB, Snapdragon 7 Gen 3 | Garansi Resmi",,,EVOGAD,Kota Jakarta Barat,5443000
"[NEW] vivo Y100 (8/256) - Magical Color Changing, 80W FlashCharge, AMOLED 120Hz, Dual Stereo Speaker",5.0,1,vivo,Kab. Tangerang,3399000
Vivo Y28 6/128GB Garansi Resmi,,,OBONG CELL,Kota Surabaya,2399000
Samsung Galaxy A55 5G 12/256GB 8/256GB A55 Garansi Resmi,,,Distributor Ponsel,Kota Jakarta Pusat,5619000
Samsung Galaxy A05 4/64GB Garansi Resmi SEIN,,,Apollo Gadget Store,Kota Surabaya,1399000
Realme C65 8/256GB Garansi Resmi Indonesia,,,Apollo Gadget Store,Kota Surabaya,2799000
hp samsung A23 5G ram 6 rom 128 garansi resmi 1 tahun,,,Gadgetstoreofc,Kab. Bojonegoro,3649000
SAMSUNG GALAXY A01 CORE SECOND SEKEN BEKAS RAM 2GB INTERNAL 32GB MULUS,,,NMX STORE,Kota Bandung,800000
Infinix GT 20 Pro 8/256GB Garansi Resmi Indonesia,,,Apollo Gadget Store,Kota Surabaya,4399000
OPPO A78 5G 8/128 GB - GARANSI RESMI,,,Hapeworld,Kota Banjarmasin,3999000
Samsung Galaxy S24 8/256GB Garansi Resmi SEIN,,,Apollo Gadget Store,Kota Surabaya,13999000
Samsung Galaxy A15 LTE 8/128GB Garansi Resmi,,,Toko Lasvegas,Kota Surabaya,2650000
XIAOMI MI 12 LITE 5G [8/256 GB] GARANSI RESMI,,,Top Cellular Makassar,Kota Makassar,5799000
Hp Poco M6 Pro Ram 8GB Internal 256GB Garansi Resmi,,,wwponsel_hangtuah,Kota Pekanbaru,3300000
OPPO A60 RAM 8+8GB Extended RNM 128/256GB 45W SUPERVOOC 100% Original Garansi Resmi Gratis Ongkir,,,CC  Shop,Kota Jakarta Utara,2599000
VIVO V27e 12/256GB Garansi Resmi Indonesia,,,Apollo Gadget Store,Kota Surabaya,4899000
Realme 9 pro plus 5G,,,Crazy_phoneshop,Kota Jakarta Selatan,5229000
Hp Xiaomi Redmi Note 13 Ram 8GB Internal 128GB Garansi Resmi,,,wwponsel_hangtuah,Kota Pekanbaru,2399000
Samsung Galaxy S24+ 12/256GB Garansi Resmi SEIN,,,Apollo Gadget Store,Kota Surabaya,16999000
Hp Tecno Phantom V Flip 5G Ram 8GB Internal 256GB Garansi Resmi,,,wwponsel_hangtuah,Kota Pekanbaru,7999000
VIVO V30 PRO 12/512GB,,,Diamond Cell,Kota Bandung,8999000
OPPO A58 NFC 8/128 vs 6/128 - FHD+ BIG SCREEN - 50MP DUAL CAMERA,4.923076923076923,13,Mentari Cell,Kab. Madiun,1899000
Sharp Aquos V6 5G 4/128 Garansi Resmi Free Earphone,4.730769230769231,26,vinzflashsale,Kota Jakarta Utara,1399000
"infinix Not 40 NFC, Ram 16+256 GB charger wireless layar lengkung (Amoled) helio G99 kamera 108 mp,  gaming processor garansi 1 tahun",5.0,27,JIU_PHONCELL,Kab. Bogor,1775000
Sharp Aquos V6 5G 4/128 Garansi Resmi,5.0,15,vinzflashsale,Kota Jakarta Utara,1399000
"infinix Not 40 NFC Ram 16+256 GB (layar Amoled 6,78 in) kamera 108 MP wireless charger  garansi resmi infinix 1 tahun (imei twrdaftar)",4.904761904761905,21,Leon_cell99,Kab. Bogor,1765000
Vivo Y03 4/64GB 4/128GB Helio G85 Processor 5000mAh + 3 Tahun Proteksi Baterai Garansi Resmi,4.8936170212765955,94,1stLine,Kota Jakarta Utara,1256310
Samsung a14 second rasa baru,5.0,1,Cantika amanah grup,Kab. Bogor,1950000
Oppo A18 | Oppo A38 4/128GB 6.56inci Helio G85 Prosesor 5000mAh Oppo A58 Terbaru 2023 Garansi Resmi,4.925373134328358,67,1stLine,Kota Jakarta Utara,1484010
Itel A70 3/128GB - 4/128GB - 4/256GB Garansi Resmi Itel Indonesia,,,MEGA GADGET ELECTRONICS,Kota Jakarta Utara,1099000
Vivo Y27 5G RAM 6 ROM128GB - NFC MULTYFUNCTION - 6.64 INCH FHD+ DISPLAY,5.0,14,Mentari Cell,Kab. Madiun,1949000
Vivo Y27s NFC 8/256 GB 8/128 GB Garansi Resmi,4.954545454545454,22,Distributor Ponsel,Kota Jakarta Pusat,2174000
"Xiaomi Poco M5s [4GB+64GB - 6GB+128GB] Helio G95 | 64MP Quad Camera | NFC | 6.43"" AMOLED | Li-Po 5000mAh Garansi Resmi Xiaomi 15 Bulan",4.976744186046512,43,Penabur,Kab. Bekasi,1483000
VIVO V9 / Y85 RAM 6/128 GB,4.606060606060606,33,penjual laku aja,Kota Bandung,595000
Realme C51 NFC 6+128 GB kamera  50mp garansi resmi 1 tahun REALME ( IMEI TERDAFTAR),5.0,12,Gudang phoncell,Kab. Bogor,1545000
REALME Not 50 RAM 4/128 GB unisog T612 (pengganti Narzo) GARANSI RESMI 1 TAHUN,4.908045977011494,87,Leon_cell99,Kab. Bogor,1215000
Poco X3 Pro RAM 8/256 GB (Second Bergaransi),4.181818181818182,11,HP SECOND JOSS,Kab. Serang,1900000
Infinix Smart 8 Pro 8/128GB Garansi Resmi Indonesia,,,Apollo Gadget Store,Kota Surabaya,1449000
"Itel Pad 2 4/128GB 10.1""HD IPS Screen 6000mAh Garansi Resmi Itel",,,EVOGAD,Kota Jakarta Barat,1633000
Samsung Galaxy A35 5G 8/256GB 8/128GB A 35 Garansi Resmi,4.666666666666667,3,Distributor Ponsel,Kota Jakarta Pusat,4840000
Infinix Hot 40i 8/256GB Garansi Resmi Indonesia,,,Apollo Gadget Store,Kota Surabaya,1749000
Infinix Smart 8 3/64GB 4/128GB - Chipset Unisoc T606 (12 nm) 5000 mAh,5.0,2,Complete.Selular,Kab. Cirebon,1249000
OPPO A77s 8+8GB / 128GB - 33W Super VOOC - Snapdragon 680,5.0,1,NISFU GADGET,Kab. Sidoarjo,3299000
VIVO Y17S 4/64 | 4/128 |6/128 GARANSI RESMI,,,mtcsuper 03,Kota Makassar,1650000
Infinix GT 20 Pro ( Ram 12GB + Rom 256GB ) - Garansi Resmi,,,Channel B,Kota Jakarta Pusat,4679000
Handphone Vivo Y27s 8/128GB Garansi Resmi,5.0,1,OBONG CELL,Kota Surabaya,2399000
Infinix Note 11 Pro Ram 8/128 GB Second Bergaransi,5.0,2,HP SECOND JOSS,Kab. Serang,1550000
"REALME 12 Pro+ 5G 8/256 & 12/512GB, Android 14, Realme UI 5.0",5.0,1,EVOGAD,Kota Jakarta Barat,5399000
Samsung Galaxy A15 5G 8/256 GB Garansi Resmi Not A14 A25,5.0,2,Distributor Ponsel,Kota Jakarta Pusat,3247000
Vivo Y28 8/256GB Garansi Resmi,,,OBONG CELL,Kota Surabaya,2999000
[New] Xiaomi REDMI 13C NFC 8/256GB Up To 16GB Extended Ram Hellio G85,,,ASK CELL,Kota Cimahi,1899000
Mi note 10 Pro Ram 8/256 GB (Second Bergaransi),,,HP SECOND JOSS,Kab. Serang,3500000
Realme 12+ 5G 12/512GB Garansi Resmi Indonesia,,,Apollo Gadget Store,Kota Surabaya,4999000
Xiaomi Redmi Note 12 8/256GB 8/128GB 6/128GB 4/128GB New Garansi Resmi Tam,,,Pusat HaPe Surabaya,Kota Surabaya,2191000
Tecno Pova Neo 2 4/64GB Garansi Resmi,,,PD Kenari Mas,Kota Bandar Lampung,1989888
Samsung Galaxy A35 5G 8/128GB 8/256GB Garansi Resmi,,,Okeshop Official,Kota Jakarta Pusat,5299000
Oppo A18 4/128GB [Garansi Resmi Oppo],,,Planetgadget Store,Kota Jakarta Timur,1599000
REALME 10 8/128 GB NEW,,,Ansori Cell,Kota Medan,2955000
Hp Xiaomi Poco X5 Pro 5G Ram 6GB Internal 128GB Garansi Resmi,,,wwponsel_hangtuah,Kota Pekanbaru,3999000
REALME NOTE 50 RAM 3/64 GB GARANSI RESMI ORIGINAL BISA KREDIVO / PAYLATER,,,ardyzhn,Kota Surabaya,1250000
Oppo A53 6+128 vs 4+128GB ORIGINAL TERMURAH [BISA COD],4.779411764705882,68,Mentari Cell,Kab. Madiun,1399000
"Opo F1S 4GB/64GB 13MP Camera Lcd 5,5",4.48,75,grosirr shop online,Kota Jakarta Utara,425000
XIAOMI REDMI A2 RAM 3GB ROM 64GB KAMERA 8MP TERMURAH BISA COD,4.555555555555555,9,Mentari Cell,Kab. Madiun,949000
OPPO A17 RAM 4/64 NOMINUS MASIH MULUS,4.9,10,CANTIKA AMANAH CELULLER,Kab. Bogor,1462000
realme C53 6/128GB 8/256GB - Garansi resmi,,,Cantika amanah grup,Kab. Bogor,1965000
Infinix Smart 8 3/64GB 4/64GB & 4/128GB - Garansi Resmi 1 Tahun,4.899456521739131,368,Bintang Timur Selindo,Kota Jakarta Barat,1085000
Hp Vivo Y28 6/128GB 8/128GB 8/256GB 6000mAh 44W FlashCharge  Gratis Ongkir Garansi Resmi,5.0,31,CC  Shop,Kota Jakarta Utara,2195000
"Asus ROG Phone 6 12/256GB ROG 6  ROG6 Gaming Phone 5G -Garansi Resmi, Grandivo",,,Grandivoo,Kab. Sidoarjo,13233000
Infinix Smart 8 4/128GB - Garansi resmi,4.935233160621761,386,Gundala store,Kota Jakarta Pusat,1079000
【HP BARU】【BISA COD】VIVO V23 5G RAM 8/256 GB ORI Android 64MP Camera Garansi 12 Bulan,3.8666666666666667,45,success9913,Kota Jakarta Barat,1995000
Infinix Smart 8 3/64 4/128 GB RAM 3GB 4GB 64GB 128GB Smartphone Garansi Resmi,4.681818181818182,22,GalleryGadget Store,Kota Jakarta Pusat,1277000
SAMSUNG GALAXY A05S 6/128 NEW GARANSI RESMI,4.923076923076923,39,J3 SHOP,Kota Medan,2219000
vivo y17s 6+128 GB helio G85 garansi 1 tahun,4.888888888888889,18,JIU_PHONCELL,Kab. Bogor,1455000
"Hp oppo reno 11f 5G { NFC } Ram 8GB+256GB ,DIMENSITY  7050 , cam 64mp ,120hz, 67w fast charging ,garansi resmi ,imei terdaftar",,,Riawan_shop88,Kab. Bogor,4699000
Xiaomi Redmi note 13 5G ( 8/256) Garansi Resmi,4.857142857142857,7,initokobudi shop,Kota Jakarta Selatan,2909000
vivo y16 3/32,,,Trijaya Cellular ID,Kab. Garut,1100000
Xiaomi Redmi Note 12 (4GB/128GB) | (6GB/128GB) | (8GB/128GB),,,Simoncell Technology,Kota Pekanbaru,2098000
"HP SAMSUNG A05s RAM 6GB+6GB /128GB ,CAM 50MP,  SNAPDRAGON 680 ,5000MAH ,GARANSI RESMI 1TAHUN ,IMEI TERDAFTAR KEMENTRIAN",5.0,38,Riawan_shop88,Kab. Bogor,1385000
OPPO A79 5G NFC RAM 8/256GB [ EXTENDED RAM 8GB ] GARANSI RESMI INDONESIA,,,Rajalaku Store.Id,Kab. Tangerang,3499000
TECNO SPARK 10 PRO 8/128,5.0,1,BANTEN PONSEL,Kota Serang,1669000
Samsung Galaxy A71 Ram 8/128 GB (Second Bergaransi),4.54,50,HP SECOND JOSS,Kab. Serang,2250000
[BEST SELLER]  VIVO Y56 5G RAM 8GB/ ROM 256GB Ori Batt 5000 mAh  HP VIVO Camera Garansi 1 TAHUN COD,5.0,3,3SHOP6,Kota Jakarta Barat,5904000
XIAOMI BUDS 5 NEW GARANSI RESMI,,,KSTORE87,Kota Medan,479000
INIFINIX HOT 40 PRO 8/256 GB,,,digitalselulargroup,Kota Medan,2199000
HP INFINIX SMART 8 4/128 GARANSI RESMI INFINIX INDONESIA,4.0,1,Star Komsel Store,Kota Makassar,1249000
Xiaomi Redmi Note 13 Pro 5G 8/256GB Garansi Resmi,,,hacom store surabaya,Kota Surabaya,4399000
TECNO POVA 5 8/256,,,Naga Cell Sidareja,Kab. Cilacap,2199000
REALME C53 NFC 6/128,,,Naga Cell Sidareja,Kab. Cilacap,1999000
Vivo V30e 5G 8/128GB Garansi Resmi Indonesia,,,Apollo Gadget Store,Kota Surabaya,4699000
POCO M3 Pro 5G 4/64GB,,,Alibabastore.id,Kota Malang,2199000
【HP BARU】【BISA COD】OPPO A78 5G RAM 8/256GB 50MP Camera / OPPO A77 5G RAM 8/256GB 5000 mAh Garansi 1 Tahun,,,success9913,Kota Jakarta Barat,2555000
Google Pixel 3a 4/64 Mulus Bergaransi,,,FR Store Solo,Kab. Sukoharjo,1581000
Hp Vivo Y53s Ram 8GB Internal 128GB Garansi Resmi,,,wwponsel_hangtuah,Kota Pekanbaru,3699000
Infinix Hot 40 Pro 8/256GB Garansi Resmi Indonesia,5.0,1,Apollo Gadget Store,Kota Surabaya,2249000
Hp Xiaomi 14 Ram 12GB Internal 256GB Garansi Resmi,,,wwponsel_hangtuah,Kota Pekanbaru,11999000
Infinix Smart 6 Plus Ram 3/64 GB (Second Bergaransi),,,HP SECOND JOSS,Kab. Serang,890000
Realme 3 Ram 4/64 GB (Second Bergaransi),,,HP SECOND JOSS,Kab. Serang,890000
Realme 12 Pro+ 5G 8/256GB Garansi Resmi Indonesia,,,Apollo Gadget Store,Kota Surabaya,5999000
realme 12 Pro+ 5G 8/256GB - Garansi resmi,,,Toko Lasvegas,Kota Surabaya,5999000
Oppo A58 6/128GB 8/128GB - Garansi Resmi,,,GorillaTech Store,Kota Jakarta Barat,1980610
SAMSUNG GALAXY A04 vs A04e 3gb/32gb | BATTERY Li-Po 5000 mAh | RESMI ORIGINAL,5.0,11,Mentari Cell,Kab. Madiun,899000
Xiaomi Redmi 10 5G Ram 6 Rom 128GB,,,Tiga MutiaraOfficial,Kota Surabaya,1750000
INFINIX SMART 8 NEW PRODUCT - 4+4GB/128GB,5.0,34,NISFU GADGET,Kab. Sidoarjo,1299000
Infinix Smart 8 4/128GB android,,,Yulia Mobilephone,Kota Semarang,1249000
Realme C67 NFC 8/256 GB 8/128 GB Garansi Resmi,4.92,50,Distributor Ponsel,Kota Jakarta Pusat,2201000
Xiaomi Redmi Note 12 Pro 5G 8/256GB,4.75,4,Tiga MutiaraOfficial,Kota Surabaya,3299000
"TECNO POVA 5 Pro 5G – Dimensity 6080 5G, 8+8GB*+256GB, 68W Super Fast Charging+5000mAh, 120Hz+6,78"" FHD+, Hard Gyroscope, NFC, Turbo Light Mecha, Android 13, Garansi 12+1 Bulan",4.951807228915663,364,TECNO Official Store,Kota Depok,2505000
Infinix Zero  Ultra  8/256 200Mp ultra resolution 180 watt Garansi Resmi,,,Galeri-Hp 040595,Kota Jakarta Pusat,4993000
Realme Note 50 4/128GB Garansi Resmi,,,Okeshop Official,Kota Jakarta Pusat,1499000
HP XIAOMI REDMI 13C RAM 8/128GB GARANSI 1 TAHUN,,,wincelluler,Kota Jakarta Barat,1288000
POCO C65,4.857142857142857,7,jikalaku,Kota Jakarta Pusat,1446000
INFINIX SMART 8 RAM 4GB INTERNAL 128GB - NEW GARANSI RESMI,4.928571428571429,14,KOTAK KATIK,Kab. Purwakarta,1235000
VIVO Y100 4G 8/128 & 8/256 NEW GARANSI RESMI,,,J3 SHOP,Kota Medan,2699000
Redmi Note 10 5G RAM 8/128 GB (Second Bergaransi),5.0,3,HP SECOND JOSS,Kab. Serang,1450000
Infinix Smart 8 3/64Gb 4/128Gb Garansi Resmi,,,Okeshop Official,Kota Jakarta Pusat,1269000
TECNO Spark 20C 4/128GB Smartphone Garansi Resmi,5.0,1,OBONG CELL,Kota Surabaya,1249000
Itel S23+ 4g S681ln 8gb/256gb Lake Cyan,,,Dukomsel Handphone,Kota Bandung,2349000
Xiaomi Redmi Note 13 Pro 5G - 8/256GB - GARANSI RESMI PT. XIAOMI INDONESIA,,,Smile Mobile Phone Shop,Kota Bandung,4399000
ZTE Blade V50 Design 8/128 GB Garansi Resmi,4.5,3,Distributor Ponsel,Kota Jakarta Pusat,1346000
Realme C51s 6/128GB Garansi Resmi Indonesia,,,Apollo Gadget Store,Kota Surabaya,1899000
INFINIX SMART 8 RAM 3/64GB | 4/128GB GARANSI RESMI INFINIX,5.0,6,Rajalaku Store.Id,Kab. Tangerang,1229000
Tecno Pova 5 Pro 5G 8/256GB Garansi resmi,,,Gundala store,Kota Jakarta Pusat,2520000
Samsung Galaxy A14 5G Smartphone (6GB/128GB) Garansi Resmi,5.0,1,MEDIKOM_88,Kab. Cirebon,2849000
OPPO Reno 11 Pro 5G 12/512GB Garansi Resmi,,,Distributor Ponsel,Kota Jakarta Pusat,8418000
VIVO V29E 5G 8/256 | VIVO V29 E 5G RAM 8/256 GB GARANSI RESMI VIVO INDONESIA,5.0,4,189 CELL,Kota Jakarta Barat,2699900
HP Infinix Hot 11 Play 4/64 Ram 4GB 64GB Garansi Resmi,5.0,1,CelineZone,Kota Surabaya,1550000
ZTE Blade A72 Smartphone ( Ram 3GB / Rom 64GB ) Garansi Resmi,,,Bejana,Kota Jakarta Pusat,1875000
Hp Itel A70 Ram 4GB Internal 128GB Garansi Resmi,,,wwponsel_hangtuah,Kota Pekanbaru,1199000
"Vivo Y16 4/128GB Garansi Resmi - 5000mAh + USB Type-C, Ultra Fast Side Fingerprint",,,Alibabastore.id,Kota Malang,1599000
Samsung A13 ram 6/128gb,,,FR Store Solo,Kab. Sukoharjo,1759500
SMARTPHONE TECNO POVA 5 & 5 PRO 8GB/256GB RESMI,,,JACOM CELL,Kota Metro,1999000
POCO Xiaomi X6 Pro 5G 12/512GB Garansi Resmi POCO Indonesia,,,Honchi Celuller,Kota Tangerang,4560000
VIVO V25 5G 8/256 GARANSI RESMI,,,Hokky Cell Makassar,Kota Makassar,5999000
OPPO A16K [4/64 GB] GARANSI RESMI,,,Top Cellular Makassar,Kota Makassar,2199000
Vivo Y28 8/128GB Garansi Resmi Indonesia,,,Apollo Gadget Store,Kota Surabaya,2599000
Redmi Note 13 Pro,,,jikalaku,Kota Jakarta Pusat,3649000
Itel A70 4/128GB - 13MP Super HDR Camera | 5000mAh Big Battery | Garansi Resmi - GOLD,,,Complete.Selular,Kab. Cirebon,1299000
Vivo Y100 4G 8/128GB Garansi Resmi Indonesia,,,Apollo Gadget Store,Kota Surabaya,3099000
Infinix Note 40 Pro 5G 8/256GB - Up to 16GB Extended RAM - Helio G99 - 6.78” FHD+ 3D Curved Amoled - 108MP OIS - 5000 mAh - NFC,,,MEDIKOM_88,Kab. Cirebon,3699000
Samsung Galaxy A14 5G [NFC] - Handphone ( RAM 6GB + 128GB ) - Garansi Resmi,,,Channel B,Kota Jakarta Pusat,2772000
Xiaomi redmi 13C RAM 6/128 GB garansi resmi NO REPACK,5.0,23,Ainiyacell2,Kab. Karanganyar,1470000
VOVE Hp Murah S24 Ultra 5G 16GB/512GB 6.74 Inch Android 13 5000mAh Octa-Core Cellphone Garansi  Baru Cicilan Gaming Phone Dual Card SIM,4.966666666666667,30,VOVE,Kota Jakarta Utara,1315750
OPPO F5 RAM 6/128 GB,,,Pejuang Amanah,Kota Bandung,539000
HP murah infinix hot 30 8/128 /HOT 20 5G /HOT 11s NFC /11 PLAY / 12 I / 10s / HOT 20s / 20i /SMART 6,4.153846153846154,13,BERKAT COMPUTER,Kota Jakarta Barat,950000
HP OPPO A60 8/128GB 8/256GB 5000mAh Baterai 45W Flashcharge Garansi Resmi 100% Original Terbaru,4.95,40,XCI,Kota Jakarta Utara,2578208
Vivo Y27 6+128GB | 50MP | Mediatek MT6769 Helio G85 (12nm),5.0,7,Mentari Cell,Kab. Madiun,1699000
REALME C63 NFC 6/128 & 8/128 NEW GARANSI RESMI,4.953168044077135,363,J3 ID,Kota Medan,1849000
Iqoo Z9 8/256 RESMI BARU SEGEL,,,vinzflashsale,Kota Jakarta Utara,4197000
"Tecno Spark 20 8GB/256GB, Mediatek Helio G85 | Garansi Resmi Tecno",5.0,2,EVOGAD,Kota Jakarta Barat,1652000
OPPO RENO 8T LTE 5G 8/256 GB RAM 8 ROM 256 8GB 256GB HP Smartphone Android Handphone,5.0,7,GalleryGadget Store,Kota Jakarta Pusat,3670000
Samsung Galaxy A35 5G - 8GB/256GB,,,Komunika Sell,Kota Jakarta Selatan,4920000
Xiaomi Redmi A3 4/128 Garansi Resmi Tam,5.0,3,initokobudi shop,Kota Jakarta Selatan,1179000
"Xiaomi Poco C40 [3GB+32GB - 4GB+64GB] JLQ JR510 | 13MP Dual Camera | 6.71"" IPS LCD | IP52 | 6000mAh Garansi Resmi Xiaomi 15 Bulan",4.913043478260869,46,Penabur,Kab. Bekasi,1223000
"oppo A79 5G NFC ram 8+256  GB, kamera 50mp garansi resmi 1 tahun",5.0,11,Gudang phoncell,Kab. Bogor,3799000
SAMSUNG HANDPHONE GALAXY A15,,,UFO ELEKTRONIKA DAN FURNITURE,Kota Surabaya,2598000
Xiaomi Redmi Note 13 Pro+ 5G Note 13 Pro Plus 5G AMOLED Garansi Resmi,,,Gadget Point,Kota Surabaya,5999000
VIVO V30e 5G 8/128 8/256 GB RAM 8 ROM 128 256 GB 8GB 128GB 256GB Smartphone Android HP Handphone,,,SuperGadget,Kota Jakarta Pusat,3995000
TECNO Spark 20 8/256GB Garansi Resmi,,,hacom store surabaya,Kota Surabaya,1749000
Infinix Note 40 Pro 5G ( Ram 8GB + Rom 256GB ) - Garansi Resmi,,,Channel B,Kota Jakarta Pusat,3779000
Vivo Y17s 6Gb/128Gb Garansi Resmi,5.0,2,initokobudi shop,Kota Jakarta Selatan,1605000
Infinix Hot 30 RAM 8GB/256GB Garansi Resmi - Grandivo,5.0,1,Grandivoo,Kab. Sidoarjo,1699000
Xiaomi Redmi Note 13 Pro 5G [8GB/256GB 12GB/512GB] Extended RAM 8GB - Snapdragon 7s Gen 2 - IP54 - 200Mp Triple Camera - 5000mAh 67W Fast charging Garansi Resmi 15 Bulan  Xiaomi Redmi Note 13 Pro 5G [8GB/256GB] Extended RAM 8GB Garansi Resmi 15 Bulan,,,Penabur,Kab. Bekasi,4493000
Xiaomi POCO M6 Pro 8/256GB Garansi Resmi | 120Hz Flow AMOLED 64MP triple camera dengan OIS 67W turbo charging,5.0,1,Adiwerna DevStore,Kab. Tegal,2849000
Xiaomi Redmi 13C 6/128GB 8/256GB - Triple Kamera 50MP + 8MP 5000 mAh,5.0,2,Complete.Selular,Kab. Cirebon,1799000
SAMSUNG A15 8/256 GARANSI RESMI SEIN / SaMSUNG A15 8/128,,,1000 Gadget Store,Kota Medan,2859000
TECNO SPARK 20 PRO PLUS 8/256GB GARANSI RESMI,,,GALERI NASIONAL,Kota Jakarta Pusat,2645000
"Xiaomi Redmi 12 [8GB/128GB - 8GB/256GB] - Helio G88 - 50MP Triple Camera - IP53 - 6,79"" DotDisplay FHD+"" Garansi Resmi 15 Bulan",,,MEDIKOM_88,Kab. Cirebon,1899000
Samsung Galaxy A05 4/128GB Garansi Resmi,,,Toko Lasvegas,Kota Surabaya,1575000
Samsung Galaxy A14 5G Smartphone [6/128GB] + Travel Adaptor 15W | Garansi Resmi 1 Tahun,5.0,6,Captain Gadget Store,Kota Tasikmalaya,2329000
Xiaomi Redmi Note 12 Pro,,,Simoncell Technology,Kota Pekanbaru,3299000
Realme C33 Ram 4/128 GB (Second Bergaransi),,,HP SECOND JOSS,Kab. Serang,940000
"OPPO RENO 11 5G Ram 8+256 GB super Amoled, dimensity 7050  new series garansi 1 tahun",4.444444444444445,8,Leon_cell99,Kab. Bogor,4595000
Samsung A04S 4/64,5.0,5,OBONG CELL,Kota Surabaya,1695000
[PROMO] HP BARU SAMSUNG A04E RAM 3/32 GB NEW 100% ORI GRS RESMI INDONESIA TERMURAH,,,AMOmart,Kota Medan,1299000
OPPO A38 6/128GB Garansi Resmi Indonesia,5.0,1,Apollo Gadget Store,Kota Surabaya,2099000
XIAOMI POCO F4 GT [12/256 GB] GARANSI RESMI,,,Top Cellular Makassar,Kota Makassar,8599000
XIAOMI POCO X6 5G 12/256 GB,,,digitalselulargroup,Kota Medan,3950000
Vivo V30 5G 12/512GB Garansi Resmi Indonesia,,,Apollo Gadget Store,Kota Surabaya,6999000
Oppo A60 8/128GB Garansi Resmi Indonesia,,,Apollo Gadget Store,Kota Surabaya,2599000
Samsung Galaxy A35 5G ( Ram 8GB + Rom 256GB ) Garansi Resmi,,,Bejana,Kota Jakarta Pusat,5499000
Itel A70 Ram 4/64Gb Garansi Resmi,4.2,10,Cv.Garden Cell,Kota Kediri,1080000
infinix Smart 8 Ram 8+128 GB Gaming processor unisog T606  garansi resmi 1 tahun imei terdaftar (pengganti hot 12),4.891891891891892,74,Gudang phoncell,Kab. Bogor,1185000
【Aurora888】HP Samsung Galaxy A14 ram 6 128GB Layar 6.6inch Ultra Slim Bagus Internet Smartphone 5G hp murah android 4G 50MP AI Camera Dual SIM Dual Standby handphone second original terbaru 2023 ram besar cuci gudang Promo,4.4523809523809526,42,Aurora888,Kota Jakarta Barat,1470000
realme C67 8GB+8GB*|128GB (108MP Camera | Snapdragon 685 | 7.59mm Ultra Slim | 33W SUPERVOOC | 5000mAh Battery | 360° NFC),4.905172413793103,117,realme,Kota Depok,2399000
Samsung a50 ram 4/64gb hp dan carger aja,,,AGstore-agcelluler,Kota Tangerang,1450000
VIVO Y17S 4/64 & 6/128 & 4/128 NEW GARANSI RESMI,4.929219600725953,551,J3 ID,Kota Medan,1669000
Vivo V29e 5G 8/256 GB Garansi Resmi,4.923076923076923,52,Distributor Ponsel,Kota Jakarta Pusat,3616000
OPPO A83 RAM 6/128 GB,4.761904761904762,42,Pelapak Murah,Kota Bandung,569000
OPPO A3S RAM 6/128 GB,4.676923076923077,130,penjual laku aja,Kota Bandung,599000
Infinix Note 40 8/256GB,5.0,3,jikalaku,Kota Jakarta Pusat,2695000
ITEL A70 3/128GB 4/128GB 4/256 3GB 4GB 128GB 256GB Garansi Resmi,4.9375,16,GalleryGadget Store,Kota Jakarta Pusat,1225000
Redmi Note 11 RAM 6/128 GB (Second Bergaransi),5.0,6,HP SECOND JOSS,Kab. Serang,1600000
C.YOUNG Smartphone,,,YUEER STORE,Kota Jakarta Barat,600000
Tecno Camon 20 Pro 4G 8/256GB - Garansi Resmi 1 Tahun,,,Bintang Timur Selindo,Kota Jakarta Barat,2569000
REALME NOTE 50 RAM 3/64 GB & 4/64 GB & 4/128 GB GARANSI RESMI NASIONAL,,,indahponseltamora,Kab. Deli Serdang,1296000
Realme C51s NFC 6GB+6GB*/128GB - Garansi Resmi,,,Complete.Selular,Kab. Cirebon,1799000
C.YOUNG Smartphone,,,YUEER STORE,Kota Jakarta Barat,600000
Samsung Galaxy M54 5G 8/256GB Garansi resmi,,,Gundala store,Kota Jakarta Pusat,4450000
Tecno Spark 20C No NFC - 4GB/128GB,,,Komunika Sell,Kota Jakarta Selatan,1265000
XIAOMI POCO F3 RAM 6/128 GB GARANSI RESMI,,,AFFORDGADGET,Kota Jakarta Utara,5250000
Vivo Y15s 3/32 DAN 3/64 Battery 5000 mAh Garansi Resmi Vivo Indonesia,,,EVOGAD,Kota Jakarta Barat,1545000
SAMSUNG A05 RAM 4/64GB ram 4/128GB ram 6/128GB,,,BANTEN PONSEL,Kota Serang,1369000
"OPPO Find N3 Fold 5G 16/512GB, Android 13, ColorOS 13.2 | Garansi Resmi",,,EVOGAD,Kota Jakarta Barat,25559000
Advan XTAB,,,AGUNG CELL TASIKMALAYA,Kota Tasikmalaya,1299000
Oppo A38 Ram 6/128Gb Garansi Resmi,,,Cv.Garden Cell,Kota Kediri,2099000
Vivo Y16 3/32GB Garansi Resmi Indonesia,,,Apollo Gadget Store,Kota Surabaya,1799000
XIAOMI REDMI 13C 8/256 GB REDMI 13C 6/128 GB GARANSI RESMI XIAOMI 13 C,,,Gadget Ind Store,Kota Tangerang,1310000
"Oppo Smartphone A38 4/128GB 6,56 Inch Garansi Resmi",,,ANDALAS CELLULAR,Kota Balikpapan,1999000
XIAOMI POCO X6 PRO 5G 12/512 GB RESMI,,,digitalselulargroup,Kota Medan,5425000
"TECNO SPARK 20 PRO+ Ram 16GB( 8GB+8GB ) / 256GB 6,78"" 3D

AMOLED 120Hz - Garansi resmi",,,NISFU GADGET,Kab. Sidoarjo,2999000
Samsung Galaxy A15 4G  (8/128Gb- 8/256Gb) Garansi Resmi Sein Tam,,,initokobudi shop,Kota Jakarta Selatan,2439000
Hp Oppo A77s 8/128GB Garansi Resmi Original Fullsett,,,Media Com,Kota Jakarta Barat,2050000
Realme 9i 4/64GB Garansi Resmi Indonesia,,,Apollo Gadget Store,Kota Surabaya,2599000
Realme C53 6/128GB Garansi Resmi,,,GorillaTech Store,Kota Jakarta Barat,1950975
"REALME 11 RAM 8/256GB, CAM 108MP, SUPER AMOLED, GORILLA GLASS 5, FAST 67W, GRS RESMI",,,ANDROID CENTRAL CELL,Kota Makassar,3299000
Oppo Reno 6 5G 8/128GB Anti Social Social Club Edition,,,Apollo Gadget Store,Kota Surabaya,7999000
Samsung Galaxy A35 5G 8/256GB Garansi Resmi SEIN,,,Apollo Gadget Store,Kota Surabaya,4999000
Xiaomi 13T 12/256GB Dimensity 8200-Ultra | 67W | 144Hz | Co-Engineered With Leica Garansi Resmi,,,TND SHOP,Kab. Bogor,6899000
[PROMO] SAMSUNG A33 5G 8/256GB 8/128GB FULLSET MURAH ISTIMEWA,1.0,1,GadgetXCom,Kota Jakarta Barat,2947542
Asus Rog Phone 5 Ram 8/128 GB (Second Bergaransi),,,HP SECOND JOSS,Kab. Serang,4990000
HP A77S 8/128GB SECOND LIKE A NEW BERGARANSI 12 BULAN  DISTRIBUTOR TERPERCAYA,4.860215053763441,93,Spark Phonestore,Kota Jakarta Barat,856000
VIVO V9 / Y85 RAM 6/128 GB,4.757142857142857,70,Pelapak Murah,Kota Bandung,595000
Xiaomi Redmi Note 10S Certified Renewed Unit Only Grade A,1.0,1,EXMI STORE,Kota Jakarta Timur,1669000
SAMSUNG GALAXY A04 - RAM 4GB+ROM 64GB - MAIN CAMERA 50 MP - FULLSET ORIGINAL,4.8,40,Mentari Cell,Kab. Madiun,1299000
hp SmartPhone A57S FAST CHARGIMG 33W SUPER VOOC ram 6/128GB / fullset / Garansi 1 Tahun / Bisa COD,3.0,2,FX PhoneStore,Kota Jakarta Barat,879000
Infinix Hot 40 Pro 8/256GB RESMI,,,Yulia Mobilephone,Kota Semarang,2199000
realme C67 8GB+8GB*|256GB (108MP Camera | Snapdragon 685 | 7.59mm Ultra Slim | 33W SUPERVOOC | 5000mAh Battery | 360° NFC),4.96969696969697,33,realme,Kota Depok,2799000
OPPO A18 90Hz Sunlight Display 36 Month Fluency 5000mAh Baterai Hp Murah Vivo Garansi Resmi Bisa COD,4.78494623655914,93,DST HP,Kota Jakarta Utara,1484010
REDMI 10 5G (6GB+128GB) - GARANSI RESMI,4.913043478260869,46,Duniagadgetku,Kota Jakarta Barat,1649000
Asus zenfone 9 6/128GB - Garansi Resmi,,,Ucell Cempaka,Kota Jakarta Timur,8189000
Tecno Spark 20C 8/128GB Garansi Resmi Tecno Indonesia,5.0,9,Zabeela Store,Kota Bandung,1499000
OPPO A3S RAM 6/128 GB,4.79375,320,penjual laku aja,Kota Bandung,599000
"realme C35 4/64 - 50MP AI Triple Camera, Baterai 5000mAh Quick Charger 18W - Garansi resmi",4.989473684210527,68,Gundala store,Kota Jakarta Pusat,1480000
Infinix Note 30 Pro 8/256GB,5.0,6,jikalaku,Kota Jakarta Pusat,2757000
Itel A70 3/128 4/64 4/128 & 8/256 GB Garansi Resmi,5.0,1,MetaCore,Kota Bandung,1110000
OPPO A60 RAM 8/256 GB | OPPO A 60 RAM 8/128 GB GARANSI RESMI OPPO INDONESIA,5.0,3,189 CELL,Kota Jakarta Barat,1899900
Vivo V30e 5G 8/256GB Garansi Resmi Indonesia,,,Apollo Gadget Store,Kota Surabaya,4999000
Samsung A54 5G RAM 8/256GB Garansi Resmi,,,DF Phone,Kota Tegal,4799000
Vivo Y28 6/128 8/128 8/256 6GB 8GB 128GB 256GB HP Original Garansi Resmi,,,Original Link,Kota Jakarta Utara,2175000
HP OPPO A77S RAM 8/128GB GARANSI 1 TAHUN,4.666666666666667,3,wincelluler,Kota Jakarta Barat,985000
Vivo Y28 NFC 6/128GB 8/128GB 8/256GB Garansi Resmi Vivo Indonesia,,,Zabeela Store,Kota Bandung,2289000
Vivo Y17s,5.0,1,Gudang Cell Tasikmalaya,Kota Tasikmalaya,1599000
VIVO Y17S RAM 4/128GB,,,ANDROID CENTRAL CELL,Kota Makassar,1799000
OPPO RENO 10 5G 8/256 GARANSI RESMI,,,mtcsuper 03,Kota Makassar,5999000
"Hp Infinix Note 12 2023 Ram 8GB  [Extended Ram Up 13GB] Internal 256GB Helio G99 - 6.7"" Amoled FHD+ - 5000 mAh - Hard Gyroscope - NFC Garansi Resmi",,,wwponsel_hangtuah,Kota Pekanbaru,2099000
"OPPO A18 RAM 4/128GB HELIO G85, 5000MAH, GRS RESMI",,,ANDROID CENTRAL CELL,Kota Makassar,1599000
samsung A50s 4/64,,,Trijaya Cellular ID,Kab. Garut,1350000
Samsung Galaxy A05 4/64GB 4/128GB 6/128GB Garansi Resmi,5.0,2,Okeshop Official,Kota Jakarta Pusat,1599000
Samsung A15 5G 8/256GB - Garansi Resmi 1 Tahun,4.5,2,Bintang Timur Selindo,Kota Jakarta Barat,3150000
Samsung A15 5G 8/256GB Garansi Resmi SEIN,,,GLOBAL TELESHOP OFFICIAL,Kota Jakarta Pusat,3599000
Samsung Galaxy M54 5G 8/256 GB RAM 8 ROM 256 8GB 256GB Smartphone Android,,,GalleryGadget Store,Kota Jakarta Pusat,5929000
Xiaomi 12T 5G - 8/256GB,,,Alibabastore.id,Kota Malang,6599000
Hp Vivo Iqoo Z9 5G Ram 8GB Internal 128GB Garansi Resmi,,,wwponsel_hangtuah,Kota Pekanbaru,4099000
Hp ZTE Blade A70 Ram 3GB Internal 64GB Garansi Resmi,,,wwponsel_hangtuah,Kota Pekanbaru,1899000
oppo A52 6/128,,,Trijaya Cellular ID,Kab. Garut,1600000
[SECOND] Hp Second Android Garansi Toko 1 Minggu,,,wwponsel_hangtuah,Kota Pekanbaru,7500000
SAMSUNG GALAXY A73 5G 8/256 GB NEW GARANSI RESMI,,,Ansori Cell,Kota Medan,7200000
ZTE Nubia Neo 5G 8/256,,,SOLID CELLULAR MEDAN,Kota Medan,2600000
Samsung Galaxy A55 5G - 12GB/256GB,,,Komunika Sell,Kota Jakarta Selatan,6760000
Xiaomi Redmi Note 13 Pro+ 5G RAM 8/256GB 200MP Camera Dimensity 7200 Ultra,,,Raja Ponsel Bandung,Kota Bandung,5950000
Xiaomi Redmi 13C NFC 8/256GB,5.0,1,HapeJOSS,Kota Semarang,1799000
Redmi Note 9 Ram 4/64 nominus masih mulus fullshet second rasa baru garansi resmi Indonesia,4.875,8,Rizky Hawers Cell,Kab. Bogor,1400000
Xiaomi Redmi 10A Certified Renewed Unit Only Grade A,,,EXMI STORE,Kota Jakarta Timur,849000
infinix smart 6 3/64 garansi resmi - Black,,,FC Cell Phone ,Kota Surakarta (Solo),1398900
OPPO A78 4G 8/256GB,,,HapeJOSS,Kota Semarang,3399000
Xiaomi Mi 10T Pro Certified Renewed Unit Only Grade A,,,EXMI STORE,Kota Jakarta Timur,2999000
Samsung Galaxy A15 5G 8/256GB Garansi Resmi,,,Okeshop Official,Kota Jakarta Pusat,3399000
"【new】itel RS4 RAM 8+256GB - NFC - G99 Ultimate - 45W Power Charge - 120Hz 6.6"" - Dual Speaker",5.0,2,Itel Shop,Kab. Tangerang,2099000
[PROMO] REALME C53 6/128 FULLSET MURAH ISTIMEWA,4.909090909090909,11,GadgetXCom,Kota Jakarta Barat,1800000
Samsung Galaxy M54 5G 8/256 GB RAM 8 ROM 256 8GB 256GB Smartphone Android HP Handphone,,,Original Link,Kota Jakarta Utara,5899000
realme C35 4GB+64GB | 50MP AI Triple Camera | Full Screen 6.6: FHD,4.941666666666666,120,realme Authorized Store,Kota Tangerang,2499000
Nokia 150 Dual SIM Garansi Resmi,4.545454545454546,11,EVOGAD,Kota Jakarta Barat,450000
infinix Note 40 NFC 16+256 GB charger tempel (wireless) layar Amoled helio G99 kamera 108 mp (pengganti Not 30) garansi resmi 1 tahun,4.876923076923077,65,Gudang phoncell,Kab. Bogor,1785000
【HP BARU】【BISA COD】HP OPPO A57 5G FAST CHARGING 33 WATT SMARTPHONE oppo A 57 RAM 8/256GB NEW FULLSET GARANSI 1 TAHUN,4.75,16,success9913,Kota Jakarta Barat,2298000
HP XIAOMI REDMI 13C 6/128 NFC GARANSI RESMI XIAOMI INDONESIA,,,Star Komsel Store,Kota Makassar,1549000
REALME 9 PRO PLUS 5G 8/128 GB NEW GARANSI RESMI,,,Ansori Cell,Kota Medan,4693000
Vivo Y28 NFC 6/128 GB 8/128 GB 8/256 GB Garansi Resmi,,,Distributor Ponsel,Kota Jakarta Pusat,2196000
Samsung Galaxy A53 5G 8/128 GB (Second Bergaransi),5.0,4,HP SECOND JOSS,Kab. Serang,3250000
Samsung Galaxy A35 5G 8/256GB Garansi Resmi (FREE Upgrade 128GB to 256GB),,,OBONG CELL,Kota Surabaya,4999000
"Samsung Galaxy M54 5G [8GB/256GB] Exynos 1380 - 108MP Triple Camera - NFC -  6.7"" Super AMOLED+ - Li-Po 6000mAh Garansi Resmi Sein 1 Tahun",,,Penabur,Kab. Bekasi,4273000
VIVO Y27 5G 6/128GB Garansi Resmi Indonesia,,,Apollo Gadget Store,Kota Surabaya,2599000
"OPPO Reno 11F 5G 8GB/256GB, Garansi Resmi ,New , Grandivo",5.0,2,Grandivoo,Kab. Sidoarjo,4499000
samsung note 10+256,,,Istoree,Kota Bandung,8550000
SAMSUNG A25 5G 8/256 NEW!! GARANSI RESMI SEIN / SAMUNG A25 5G 8/128,,,1000 Gadget Store,Kota Medan,3949000
Samsung Galaxy S23+ 5G 8GB/256GB & 8/512GB,,,Milano Cell ITC Kuningan,Kota Jakarta Selatan,15999000
OPPO Reno11 F 5G 8GB/256GB - Garansi Resmi,,,Toko Lasvegas,Kota Surabaya,4599000
Sharp Aquos Sense 8 8/256 Garansi Resmi,,,vinzflashsale,Kota Jakarta Utara,5197000
[PROMO] SAMSUNG A54 5G 8/256GB 6/128GB FULLSET MURAH ISTIMEWA,5.0,1,GadgetXCom,Kota Jakarta Barat,4575801
Hp Vivo Iqoo Z9 5G Ram 12GB Internal 256GB Garansi Resmi,,,wwponsel_hangtuah,Kota Pekanbaru,4899000
Realme C35 4/128GB Garansi Resmi Indonesia,,,Apollo Gadget Store,Kota Surabaya,2498000
REALME 12 PRO PLUS RAM 8/256 GB & PRO+ RAM 12/512 GB | REALME12 PLUS 8/256 GB GARANSI RESMI,,,189 CELL,Kota Jakarta Barat,3809900
SMARTPHONE SAMSUNG Z FOLD 5 12GB/256GB GARANSI RESMI,,,JACOM CELL,Kota Metro,23100000
HP TECNO POVA 5 8/256GB - GARANSI RESMI,,,Hapeworld,Kota Banjarmasin,2199000
Samsung Galaxy S21 FE 5G Exynos 2100 Processor Garansi Resmi,,,EVOGAD,Kota Jakarta Barat,7199000
Oppo Reno 11F 5G 8/256GB Garansi Resmi Indonesia,,,Apollo Gadget Store,Kota Surabaya,4399000
Samsung A13 ram 4/128,,,FR Store Solo,Kab. Sukoharjo,1683000
Xiaomi Redmi Note 13 Pro 5G - 12GB/512GB,5.0,1,Komunika Sell,Kota Jakarta Selatan,5025000
Realme 12 5G 8/256GB Garansi Resmi Indonesia,,,Apollo Gadget Store,Kota Surabaya,3699000
handphone / smartphone Realme C53 (C 53) ram 6/128 [6gb 128gb] NFC - Garansi Resmi,,,Wahana Komunikasi,Kota Jakarta Timur,1750000
POCO X6 Pro 5G | Dimensity 8300-Ultra | BNIB,,,Tokogadget OfficiaI,Kab. Boyolali,5200000
itel S23 Plus,5.0,32,jikalaku,Kota Jakarta Pusat,2021000
Samsung Galaxy A55 5G 8/256 GB - Garansi Resmi SEIN,,,Royal Makmur Handphone & Tablet,Kota Jakarta Timur,5505000
Xiaomi Redmi Note 10 5G 6/128 GB Garansi Resmi Xiaomi,5.0,2,Cutie Vibes,Kota Jakarta Utara,2500000
[PROMO] POCO X5 5G 8/256GB 6/128GB FULLSET MURAH ISTIMEWA,4.2,10,GadgetXCom,Kota Jakarta Barat,2579122
Hp Vivo Y03 4/128GB 5000mAh + 3 Tahun Proteksi Baterai Vivo Hp Murah 100% Original Garansi Resmi,4.857142857142857,13,1stLine,Kota Jakarta Utara,1256310
Xiaomi Redmi 13C NFC,,,Gudang Cell Tasikmalaya,Kota Tasikmalaya,1599000
Vivo y16 Baru garansi 1 Thun,5.0,4,CANTIKA AMANAH CELULLER,Kab. Bogor,1450000
Tecno Pova 6 12/256 8/256  Garansi Resmi,4.9375,16,Galeri-Hp 040595,Kota Jakarta Pusat,2798000
Samsung Galaxy M53 5G RAM 8GB/256GB Garansi Resmi - Grandivo,,,Grandivoo,Kab. Sidoarjo,4823396
Infinix smart 8 Pro,5.0,2,AGUNG CELL TASIKMALAYA,Kota Tasikmalaya,1499000
REDMI A3 (4GB+128GB) - GARANSI RESMI,4.953846153846154,65,Duniagadgetku,Kota Jakarta Barat,1183000
"itel S23+ Plus (8+8GB)16GB + 256GB - AMOLED, NFC - Garansi resmi",4.837837837837838,74,Gundala store,Kota Jakarta Pusat,2020000
vivo Y28 Garansi resmi,,,Gundala store,Kota Jakarta Pusat,2095000
"Xiaomi Smartphone Redmi 12 6,79 Inch 8|128GB | 8|256GB Garansi Resmi",5.0,2,ANDALAS CELLULAR,Kota Balikpapan,1999000
XIAOMI REDMI 13C 8/256GB SECONDDHAND BERGARANSI 12 BULAN DAN TERPERCAYA,,,Spark Phonestore,Kota Jakarta Barat,1245000
Samsung Galaxy M34 5G 8/128 GB Garansi Resmi,,,ARSENTO 99,Kota Malang,3249000
XIAOMI MI 14 12/256 GB GARANSI RESMI,,,digitalselulargroup,Kota Medan,11850000
"Samsung Galaxy S23 FE 5G, Android 13, One UI 5.1 | Garansi Resmi",5.0,1,EVOGAD,Kota Jakarta Barat,8470000
HANDPHONE - ITEL S23 8/128G PROMO BLACK,,,BERKAT COMPUTER,Kota Jakarta Barat,1500000
vivo iQOO Z7x 8/128 | 8/256 - Snapdragon 695 Garansi Resmi,,,K M B Store,Kab. Ponorogo,3199000
VIVO Y17s 6/128GB Garansi Resmi Indonesia,5.0,1,Apollo Gadget Store,Kota Surabaya,1799000
HP TECNO SPARK 6 GO 2021 Ram 2GB Internal 32GB Garansi Resmi,,,wwponsel_hangtuah,Kota Pekanbaru,999000
XIAOMI REDMI NOTE 13 PRO+ 5G RAM 12GB/512GB GARANSI RESMI NASIONAL,,,indahponseltamora,Kab. Deli Serdang,5883000
Vivo y100 5G 8+256 GB NFC  super Amoled snapdragon 4  garansi 1 tahun (imei terdaftar),5.0,2,Gudang phoncell,Kab. Bogor,2775000
Infinix smart 6 NFC,,,Crazy_phoneshop,Kota Jakarta Selatan,1269000
Infinix Smart 8 Pro ( Ram 4GB + Rom 256GB ) - Garansi Resmi,,,Channel B,Kota Jakarta Pusat,1379000
INFINIX ZERO X NEO 8/128,,,Naga Cell Sidareja,Kab. Cilacap,2299000
vivo y20 4/64,5.0,2,Trijaya Cellular ID,Kab. Garut,1300000
VIVO Y100 5G 8/256GB Garansi Resmi Indonesia,,,Apollo Gadget Store,Kota Surabaya,3899000
Xiaomi Redmi 13C RAM 6/128GB - Garansi Resmi,5.0,1,Toko Lasvegas,Kota Surabaya,1599000
Smartphone Vivo T1 5G 256GB Dimensity 810 G dual On 5G garansi Resmi,5.0,1,Jagad Phone,Kota Surabaya,4099000
TECNO CAMON 20 PRO 8/256,,,Naga Cell Sidareja,Kab. Cilacap,3099000
Samsung Galaxy A05s RAM 6/128GB Garansi Resmi,3.0,1,Okeshop Official,Kota Jakarta Pusat,2279000
Samsung Galaxy A55 (5g) ram 12/256gb Garansi Resmi,,,Cv.Garden Cell,Kota Kediri,6899000
REDMI POCO F5 RAM 8/256 GB GARANSI RESMI ORIGINAL BISA KREDIVO / PAYLATER,,,ardyzhn,Kota Surabaya,5495000
OPPO A60 6/128,,,Naga Cell Sidareja,Kab. Cilacap,2599000
Smartphone SAMSUNG GALAXY Z FOLD 4 12/512GB GARANSI RESMI NEW,,,hacom store surabaya,Kota Surabaya,26999000
virgie cell one plus 8 pro 12/256 speck mantap abissss,,,virgie cell,Kota Bandung,8000000
XIAOMI MI 12 LITE 8/256GB,,,Hapeworld,Kota Banjarmasin,5799000
Hp Realme C63 NFC Ram 6GB Internal 128GB Garansi Resmi,,,wwponsel_hangtuah,Kota Pekanbaru,1999000
Xiaomi Poco C65 6/128 GB 6/128GB Garansi Resmi,,,iHawk Store,Kab. Madiun,1399000
Infinix Smart 8 Ram 4 Rom 64GB,,,Tiga MutiaraOfficial,Kota Surabaya,1175000
Tecno Spark 20 Pro 12/256GB NFC,,,Yulia Mobilephone,Kota Semarang,2499000
[PROMO] VIVO Y01 - RAM 2GB/ROM 32GB - FULLSET ORIGINAL RESMI -  |BISA COD|,5.0,27,Mentari Cell,Kab. Madiun,899000
INFINIX HOT 30i RAM 8 ROM 128GB - KAMERA 13MP - ANDROID 12 - MEDIATEK HELIO G37,5.0,12,Mentari Cell,Kab. Madiun,1374000
Infinix Note 40 Pro 8/256 GB Garansi Resmi,,,ARSENTO 99,Kota Malang,3349000
Vivo V30 5G V29e 5G RAM 12GB+8GB Extended ROM 512GB NFC 80W FastCharge 100% Original Garansi Resmi,4.976190476190476,42,CC  Shop,Kota Jakarta Utara,5207038
Vivo V30 5G 12GB+512GB RAM 12GB+8GB Extended ROM 512GB NFC 80W FlashCharge Garansi Resmi,5.0,7,DST HP,Kota Jakarta Utara,4999000
Hp Infinix GT 20 Pro 5G Ram 8GB internal 256GB Garansi Resmi,,,wwponsel_hangtuah,Kota Pekanbaru,4499000
Redmi 10 5G 4/128GB Garansi Resmi,5.0,2,jikalaku,Kota Jakarta Pusat,1487000
Xiaomi Redmi 13C NFC ram 8+256 GB helio G85 kamera 50 mp garansi 1 tahun (pengganti Poco),5.0,18,JIU_PHONCELL,Kab. Bogor,1585000
VIVO Y28 NFC 6/128 & 8/128 & 8/256 NEW GARANSI RESMI,5.0,3,J3 ID,Kota Medan,2119000
Vivo V29E 5G NFC 44W FastCharge Snapdragon 695 Prosesor Vivo V29E 5G Terbaru 2023 Garansi Resmi,5.0,10,1stLine,Kota Jakarta Utara,4999000
Samsung Galaxy A54 5G 8/256B Garansi  GRADE- A,5.0,1,BERKAT COMPUTER,Kota Jakarta Barat,4900000
INFINIX HOT 40 PRO RAM 8/256GB - NEW GARANSI RESMI,5.0,8,KOTAK KATIK,Kab. Purwakarta,2110000
samsung A15 NFC Ram 8+128 GB layar Amoled fast charging 30 menit full GRATIS TRAVEL ADAPTOR garansi resmi 1 tahun ( pengganti A14),4.916666666666667,11,Leon_cell99,Kab. Bogor,2195000
Xiaomi Redmi 13C 8/256GB Garansi Resmi,5.0,2,OBONG CELL,Kota Surabaya,1799000
vivo v30 pro *garansi resmi*,,,BANTEN PONSEL,Kota Serang,7899000
Samsung Galaxy S21 5G Ram 8/256 GB (Second Bergaransi),5.0,1,HP SECOND JOSS,Kab. Serang,4600000
OPPO A18 4/128GB GARANSI RESMI Smartphone,,,OBONG CELL,Kota Surabaya,1799000
Smartphone REALME 10 PRO 5G 8/128GB NEW GARANSI RESMI,,,OBONG CELL,Kota Surabaya,4299000
OPPO Reno 11F 5G 8/256 RAM 8GB ROM 256GB 8 256 GB Reno11 F Smartphone Android Termurah,,,SuperGadget,Kota Jakarta Pusat,4065000
"Xiaomi Redmi Note 13 5G [8GB/256GB] Extended RAM 8GB - Dimensity 6080 - 108MP Triple Camera - NFC - IP54 - 6.67"" AMOLED Garansi Resmi 15 Bulan",4.0,1,Penabur,Kab. Bekasi,3173000
xiaomi redmi Note 13 pro plus 5G 12/512gb garansi resmi,,,Galeri-Hp 040595,Kota Jakarta Pusat,5999000
Xiaomi 14 Ram 12/256gb Garansi Resmi,,,Cv.Garden Cell,Kota Kediri,11630000
OPPO FIND X3 PRO 5G [12/256 GB] GARANSI RESMI,,,Top Cellular Makassar,Kota Makassar,15999000
OPPO A78 5G 8/128GB Garansi Resmi,5.0,3,Alibabastore.id,Kota Malang,3399000
TECNO SPARK 20 Pro NFC 12/256GB - Garansi resmi,,,Toko Lasvegas,Kota Surabaya,2525000
Samsung Galaxy A55 (5G) Ram 8/256gb Garansi Resmi,,,Cv.Garden Cell,Kota Kediri,5999000
HP SAMSUNG A05 4/64 GARANSI RESMI SAMSUNG (GARANSI SOFTWARE GRATIS),,,Star Komsel Store,Kota Makassar,1499000
"Xiaomi Poco X6 Pro 5G 12gb/512gb AMOLED 6,67'' inc New Original Garansi Resmi - NO REPACK",,,TJSTORE Surabaya,Kota Surabaya,5149000
"REALME 3 PRO RAM 6/128GB CAM SONY 16MP+5MP, SNAPDRAGON 710, GORILLA GLASS, GRS RESMI",,,ANDROID CENTRAL CELL,Kota Makassar,3499000
OPPO A77s 8/128GB GARANSI RESMI NEW SMARTPHONE,,,OBONG CELL,Kota Surabaya,2575000
Redmi 12 Ram 8/256 GB (Second Bergaransi),,,HP SECOND JOSS,Kab. Serang,1699000
realme 12+ 8/256GB - Garansi Resmi,,,Toko Lasvegas,Kota Surabaya,4199000
Samsung Galaxy Z Fold 5 RAM 12/1TB Garansi Resmi,,,Raja Ponsel Bandung,Kota Bandung,26999000
REALME C67 RAM 8/128 GB GARANSI RESMI 1 TAHUN BISA KREDIVO / PAYLATER,,,ardyzhn,Kota Surabaya,2399000
SAMSUNG GALAXY S10 5G - 512GB / 256GB - BNIB - Original Samsung,,,RosanShop,Kota Pekanbaru,5290000
"Samsung Galaxy A25 5G 8/256GB, Exynos 1280 | Garansi Resmi Samsung",,,EVOGAD,Kota Jakarta Barat,3641000
Realme Narzo 50A Prime Ram 4/128 GB (Second Bergaransi),,,HP SECOND JOSS,Kab. Serang,1250000
"ZTE Blade V50 Design 6,6"" Violet Display FHD RAM 8+ 8GB ROM 128GB 5.000 mAh Fast Charge Garansi Resmi",5.0,1,NubiaFlagshipStore,Kab. Tangerang,1399000
5G HP Vivo Y72  RAM 12/256 6.58 inch 48MP Smartphone Android Bagus Cuci Gudang 2023 garan 1bulan,4.5,22,grosirr shop online,Kota Jakarta Utara,1388000
Xiaomi redmi 5a,,,khansa betta sekarsari,Kab. Sukabumi,980000
Samsung Galaxy A15 8/128GB 8/256GB Garansi Resmi,5.0,1,Okeshop Official,Kota Jakarta Pusat,2699000
Realme Narzo 50i prime 4+64 GB Garansi Resmi 1 Tahun (imei terdaftar 100%),5.0,18,Leon_cell99,Kab. Bogor,1195000
Xiaomi Redmi Note 5 Ram 6GB Internal 64GB Garansi 1 Tahun,5.0,6,My Phone Shop,Kota Jakarta Pusat,935000
"vivo V29e 5G (8+8 Extended RAM/256 ROM) -  50MP AF Group Photo, Aura Light Portrait, 120Hz AMOLED Display, Snapdragon 5G SOC",4.978260869565218,138,vivo,Kab. Tangerang,3599000
VIVO Y17 RAM 8/256 GB,4.329411764705882,85,berkah amanah shops,Kota Bandung,749000
Samsung Galaxy A55 5G 8/128GB 8/256GB 12/256GB Garansi Resmi,,,Okeshop Official,Kota Jakarta Pusat,5999000
Itel Pad 1 4/128GB Battery 6000mAh - Garansi resmi,5.0,22,Gundala store,Kota Jakarta Pusat,1578000
VIVO Y28 NFC 6/128 & 8/128 & 8/256 NEW GARANSI RESMI,5.0,1,J3 SHOP,Kota Medan,2119000
Itel A70 4/128 GB 3/128 GB Garansi Resmi,4.954545454545454,22,Distributor Ponsel,Kota Jakarta Pusat,1170000
iTel A70 3/128 4/128 4/256 RAM 3 4 ROM 128 GB 3GB 4GB 128GB 256GB Smartphone,4.954545454545454,22,SuperGadget,Kota Jakarta Pusat,1199000
Redmi Note 10s Ram 8/128 GB (Second Bergaransi),5.0,5,HP SECOND JOSS,Kab. Serang,1500000
vivo y27S NFC ram 8+256 GB chipset snapdragon 680 kamera 50 mp (imei terdaftar)  garansi resmi vivo 1 tahun,5.0,6,JIU_PHONCELL,Kab. Bogor,2375000
Infinix GT 20 Pro 5G 8/256GB Mediatek Dimensity 8200 Ultimate | Garansi Resmi,,,Ceria Ponsel,Kota Tangerang,4192000
Samsung A05 Garansi Resmi,,,vinzflashsale,Kota Jakarta Utara,1297000
SAMSUNG A05 4/64GB | 4/128GB | 6/128GB GARANSI RESMI,5.0,1,Captain Gadget Store,Kota Tasikmalaya,1399000
VIVO Y36 4G 5G 8/256 GB RAM 8 ROM 256 8GB 256GB Smartphone Android HP Handphone,5.0,5,GalleryGadget Store,Kota Jakarta Pusat,2315000
INFINIX HOT 12 PRO NFC 8/128 GB NEW GARANSI RESMI,,,Ansori Cell,Kota Medan,2197000
Vivo Y27S 8/128GB 8/256GB [Garansi Resmi Vivo Indonesia],,,Planetgadget Store,Kota Jakarta Timur,2399000
xiaomi redmi note 13 pro 5g ram 12/512gb garansi resmi,,,Cv.Garden Cell,Kota Kediri,4840000
VIVO Y01 [2/32GB] GARANSI RESMI,,,Top Cellular Makassar,Kota Makassar,1449000
Xiaomi Redmi Note 12 Pro 5G 8/256Gb Expansi Ram 5GB New Garansi Resmi Termurah,,,Pusat HaPe Surabaya,Kota Surabaya,4190000
Xiaomi Redmi Note 13 5G 8/256GB - Garansi Resmi,,,Syihab Group Store,Kota Banjarbaru,3199000
Samsung A25 5G FREE TRAVEL ADAPTOR Garansi Resmi Bisa COD Gratis Ongkir,,,BandarHpNusantara,Kota Jakarta Utara,3699000
Samsung Galaxy A05 6/128GB 4/128GB 4/64GB New original resmi SEIN Termurah,,,Pusat HaPe Surabaya,Kota Surabaya,1499000
XIAOMI MI 11T PRO 5G [12/256 GB] | GARANSI RESMI,,,Top Cellular Makassar,Kota Makassar,6299000
Xiaomi Redmi 13C - 8GB/256GB,,,Komunika Sell,Kota Jakarta Selatan,1799000
Oppo A79 5G - 8GB/256GB,,,Komunika Sell,Kota Jakarta Selatan,3799000
Infinix Hot 40 Pro 8+256GB (+8Gb Extended RAM) Garansi Resmi Indonesia,,,Ceria Ponsel,Kota Tangerang,2174000
Samsung Galaxy Z Flip 5 8/512 GB BMW Exclusive Package Garansi Resmi,,,EVOGAD,Kota Jakarta Barat,17422000
HP OPPO A98 RAM 8/256 GB NEW 100% ORI GARANSI RESMI OPPO INDONESIA,,,AMOmart,Kota Medan,4499000
HP OPPO A17 RAM 4/64GB NEW 100% ORI GRS RESMI OPPO INDONESIA TERMURAH,5.0,1,AMOmart,Kota Medan,1999000
Vivo V30e 8/128GB 8/256GB [+8GB Extended RAM] NFC Garansi Resmi,,,Okeshop Official,Kota Jakarta Pusat,4499000
Oppo A60 NFC [8GB/128GB - 8GB/256GB] Extended RAM 8GB - Snapdragon 680 - Military-Grade Shock Resistance - 45W SuperVOOC Garansi Resmi 1 Tahun,5.0,1,Penabur,Kab. Bekasi,2543000
Hp Realme C63 NFC Ram 8GB Internal 128GB Garansi Resmi,,,wwponsel_hangtuah,Kota Pekanbaru,2299000
samsung a72 8/128,,,Istoree,Kota Bandung,5900000
SAMSUNG A53 5G 8/256 GARANSI RESMI,,,Hokky Cell Makassar,Kota Makassar,6199000
Samsung A55 5G 8/256GB & 12/256GB - Garansi Resmi 1 Tahun,3.0,1,Bintang Timur Selindo,Kota Jakarta Barat,5510000
Tecno Spark 20 Pro 12/256GB NFC,,,HapeJOSS,Kota Semarang,2499000
OPPO A60 A18 8/256GB 8/128GB 4/128GB 5000mAh Baterai Gratis Ongkir 100% Original Garansi Resmi,4.425,40,CC  Shop,Kota Jakarta Utara,1799000
Samsung Galaxy A05 4/64GB - Garansi Resmi,5.0,4,Royal Makmur Handphone & Tablet,Kota Jakarta Timur,1225000
Vivo V30 5G 12GB+512GB RAM 12GB+8GB Extended ROM 512GB 80W FlashCharge NFC Garansi Resmi Bisa COD,4.928571428571429,42,DST HP,Kota Jakarta Utara,4999000
Samsung A03 Ram 4\64 Nominus masih mulus second rasa baru garansi resmi indonesia,5.0,3,Rizky Hawers Cell,Kab. Bogor,1000000
Vivo Y16 RAM 4\64 Nominus masih mulus fullshet second rasa baru garansi resmi indonesia,4.5,2,Rizky Hawers Cell,Kab. Bogor,1250000
Vivo y33 Ram 8/128 Camera 50mp second rasa baru,,,CANTIKA AMANAH CELULLER,Kab. Bogor,2275000
Hp realme 9i 4+64GB 6+128GB Handphone | Qualcomm Snapdragon 680 Processor | 33W Dart Charge | 5000mAh Massive Battery | 50MP AI,,,Realme AIoT,Kab. Tangerang,2499000
Samsung A04e 3/32 garansi Resmi,,,FC Cell Phone ,Kota Surakarta (Solo),1200000
OPPO Reno11 Pro 5G 8/256 12/512 GB 8GB 12GB 256GB 512GB HP Reno 11 Original Smartphone Garansi Resmi,5.0,1,Original Link,Kota Jakarta Utara,5239000
hp smartphone TIPE A16 6/128GB FULLSET GARANSI 1 TAHUN/BISA COD,,,FX PhoneStore,Kota Jakarta Barat,769000
VIVO Y56 5G  HP RAM 8GB & ROM 256GB   Camera Garansi 1 Tahun &% BISA COD / Kredit,4.5,8,3SHOP6,Kota Jakarta Barat,5909000
POCO M3 PRO 5G 4/64 & 6/128 GB GARANSI RESMI,5.0,19,SURYA HALIM PONSEL,Kota Medan,2449000
Infinix Smart 8 4/128 GB - Garansi Resmi,5.0,1,Royal Makmur Handphone & Tablet,Kota Jakarta Timur,1249000
Infinix GT 20 Pro 5G 12/256 GB 8/256 GB Garansi Resmi Not,5.0,3,Distributor Ponsel,Kota Jakarta Pusat,4337000
ZTE BLADE A52 4/64GB,,,Alibabastore.id,Kota Malang,1299000
poco m3 4/64 second,,,Trijaya Cellular ID,Kab. Garut,1500000
Xiaomi Redmi 12 8/256GB 8/128GB New Bergaransi Resmi Indonesia Termurah,,,Pusat HaPe Surabaya,Kota Surabaya,1900000
Xiaomi Redmi 12 8GB/256GB MediaTek Helio G88 Garansi Resmi,,,Toko Lasvegas,Kota Surabaya,1999000
Oppo Reno 11F 5G 8/256GB Garansi Resmi,,,GLOBAL TELESHOP OFFICIAL,Kota Jakarta Pusat,4599000
"Samsung Galaxy A14 5G [6GB+128GB] Free Adaptor Original Samsung |  Dimensity 700 | 50MP Triple Camera | 6.6"" PlS LCD | Garansi Resmi Sein 1 Tahun",5.0,5,Penabur,Kab. Bekasi,2693000
infinix gt 20 pro 5G 8/256GB,,,BANTEN PONSEL,Kota Serang,4269000
REDMI NOTE 13 4G 8/256,,,Naga Cell Sidareja,Kab. Cilacap,2799000
OPPO A78 5G 8/128 8/256 GB RAM 8 ROM 128 256 8GB 128GB 256GB Smartphone Android HP Handphone,,,SuperGadget,Kota Jakarta Pusat,2955000
Xiaomi Poco X6 12/2556GB,,,Dukomsel Handphone,Kota Bandung,4299000
OPPO A96 RAM 8/256 GB |OPPO A95 A77s RAM 8/128GB | A17 4/64 | A74 6/128 GARANSI RESMI OPPO INDONESIA,5.0,1,189 CELL,Kota Jakarta Barat,1499900
SAMSUNG GALAXY M54 5G 8/256 NEW!! GARANSI RESMI SEIN,,,1000 Gadget Store,Kota Medan,6315000
Vivo Y28 6/128GB Garansi Resmi Indonesia,,,Apollo Gadget Store,Kota Surabaya,2399000
Samsung Galaxy A25 5G RAM 8/256GB Garansi Resmi,,,Raja Ponsel Bandung,Kota Bandung,4399000
"OPPO A58 RAM 6/128GB CAM 50MP, NFC, BAT 5000MAH, GRS RESMI",,,ANDROID CENTRAL CELL,Kota Makassar,2399000
OPPO A17 4/64 GARANSI RESMI,,,Hokky Cell Makassar,Kota Makassar,2099000
Hp Realme Note 50 Ram 3GB Internal 64GB Garansi Resmi,,,wwponsel_hangtuah,Kota Pekanbaru,1399000
Samsung Galaxy S23 FE 8/256GB Garansi Resmi Indonesia,,,Apollo Gadget Store,Kota Surabaya,8999000
Vivo V30 Pro 5G 12/512GB Garansi Resmi Indonesia,,,Apollo Gadget Store,Kota Surabaya,8999000
Blackview Mini N6000 Display 4.3 Inch,5.0,1,Megaquantum,Kota Bekasi,5300000
Infinix Note 40 Pro 16(8+8)/256GB Garansi Resmi Helio G99 3D Curved Amoled 108MP OIS 5000mAh,,,Adiwerna DevStore,Kab. Tegal,3249000
Samsung  Glx A35 5G Ram 8gb /256gb,,,Dukomsel Handphone,Kota Bandung,4999000
Realme C63 NFC 6/128GB 8/128GB - Garansi Resmi,,,Complete.Selular,Kab. Cirebon,1999000
Samsung Galaxy Z Fold 3 5G Ram 12/512 GB (Second Bergaransi),,,HP SECOND JOSS,Kab. Serang,9950000
iqoo Z9 5G12/256 8/256 Garansi resmi,,,Galeri-Hp 040595,Kota Jakarta Pusat,4599000
XIAOMI REDMI 12 8/256 & 8/128 NEW GARANSI RESMI,4.8201754385964914,227,J3 SHOP,Kota Medan,2029000
"Infinix GT 20 Pro 5G 12/256GB - Up to 24GB Extended RAM - Dimensity 8200 Ultimate - 6.78"" Amoled FHD+ 144Hz - 108MP - NFC",4.875,8,Infinix,Kota Depok,4429000
Oppo A54 ram 6/128 nominus masih mulus fullshet second rasa baru garansi resmi Indonesia,1.0,1,Rizky Hawers Cell,Kab. Bogor,1500000
realme C63 8GB+8GB*|128GB (45W Fast Charge | Air Gestures Control | TÜV Certification | 7.74mm Ultra Slim | NFC),4.0,2,realme,Kota Depok,2299000
Infinix Note 40 8/256 RAM 8GB ROM 256GB 8 256 GB Smartphone Android HP Handphone,4.956521739130435,23,SuperGadget,Kota Jakarta Pusat,2739000
"Samsung A05 4G LTE, 6/128GB | Android 13 Snapdragon | Garansi Resmi Samsung Indonesia",4.6,45,EVOGAD,Kota Jakarta Barat,1288000
Samsung Galaxy A05 4/64GB 4/128GB & 6/128GB - GaransI Resmi 1 Tahun,4.976744186046512,129,Bintang Timur Selindo,Kota Jakarta Barat,1322000
SAMSUNG GALAXY A35 5G - GARANSI RESMI ORIGINAL SAMSUNG,,,Dunia Aneka,Kota Jakarta Utara,5499000
Hp Poco C65 Ram 6GB Internal 128GB Garansi Resmi,,,wwponsel_hangtuah,Kota Pekanbaru,1599000
Samsung Galaxy A05S 6/128GB - Garansi Resmi 1 Tahun,5.0,20,Bintang Timur Selindo,Kota Jakarta Barat,1995000
VIVO Y17S RAM 6GB + 6GB / 128GB | 50MP | HELIO G85 | BERGARANSI RESMI,5.0,6,NISFU GADGET,Kab. Sidoarjo,1799000
INFINIX NOTE 40 RAM 8/256 WIRELESS CHARGING - NEW GARANSI RESMI,4.666666666666667,3,KOTAK KATIK,Kab. Purwakarta,2799000
Xiaomi redmi 10 5G RAM 4/128 GB garansi resmi NO REPACK,,,Ainiyacell2,Kab. Karanganyar,1800000
SAMSUNG GALAXY A55 5G 12/256 GB NEW!! GARANSI RESMI SEIN,,,1000 Gadget Store,Kota Medan,5849000
SAMSUNG GALAXY A73 RAM 8/256 GB GARANSI RESMI,,,AFFORDGADGET,Kota Jakarta Utara,7799999
Infinix Note 40 pro 5G 8/256 GB,,,Alibabastore.id,Kota Malang,3699000
Samsung Galaxy A04e Ram 3/32 GB (Second Bergaransi),5.0,2,HP SECOND JOSS,Kab. Serang,895000
Hp ZTE Blade A72 Ram 3GB Internal 128GB Garansi Resmi,,,wwponsel_hangtuah,Kota Pekanbaru,2049000
Oppo A18 - 4GB/128GB,,,Komunika Sell,Kota Jakarta Selatan,1499000
OPPO A38 6/128 GARANSI RESMI,5.0,1,mtcsuper 03,Kota Makassar,2099000
HP BARU OPPO A38 RAM 4/128GB NEW 100% ORI GRS RESMI INDONESIA TERMURAH,,,AMOmart,Kota Medan,2099000
Tecno Camon 20 Pro 4G - 8GB/256GB,,,Komunika Sell,Kota Jakarta Selatan,2715000
"Hp TECNO POP 5 LTE Ram 3GB Internal 32GB [120+ Quality Test, 5000mAh, 6,5"" HD+, Fingerprint + Face Unlock] Garansi Resmi",,,wwponsel_hangtuah,Kota Pekanbaru,1499000
VIVO Y35 8/128 GARANSI RESMI,,,Hokky Cell Makassar,Kota Makassar,3399000
Realme C51 RAM 4/64GB Garansi Resmi,,,Raja Ponsel Bandung,Kota Bandung,1399000
Infinix GT 20 Pro 5G 12/256GB - 108MP - NFC | Garansi Resmi,,,Toko Lasvegas,Kota Surabaya,4770000
Realme 12 Pro+ 5G 8/256GB Garansi Resmi,,,hacom store surabaya,Kota Surabaya,5999000
samsung a34 5g 8/256 mulus istimewa like new,,,BERKAT COMPUTER,Kota Jakarta Barat,4300000
OPPO A18 RAM 4/128 GB GARANSI RESMI 1 TAHUN BISA KREDIVO / PAYLATER,,,ardyzhn,Kota Surabaya,1475000
Realme C63 NFC 6/128GB & 8/128GB UNISOC T612 Garansi Resmi,,,Ceria Ponsel,Kota Tangerang,1886000
Oppo Find N 5G - 512gb - 256gb - BNIB ORIGINAL OPPO,,,RosanShop,Kota Pekanbaru,17990000
OPPO A98 8/256GB 5G - Camera 68MP - GARANSI RESMI,,,NISFU GADGET,Kab. Sidoarjo,4499000
Oppo A58 8/128 6/128 Garansi Resmi bnib no repack,,,Galeri-Hp 040595,Kota Jakarta Pusat,2399000
OPPO RENO 6 5G [8/128 GB] GARANSI RESMI,,,Top Cellular Makassar,Kota Makassar,6999000
SAMSUNG A21S [6/128 GB] GARANSI RESMI,,,Top Cellular Makassar,Kota Makassar,2899000
"Samsung Galaxy A55 5G [8GB/128GB - 12GB/256GB] Exynos 1480 - IP67 - NFC - 6.6"" OLED - HDR10+ Garansi Resmi 1 Tahun",,,Penabur,Kab. Bekasi,5843000
Oppo Find X5 Pro 5G 12/256GB Garansi Resmi Indonesia,,,Apollo Gadget Store,Kota Surabaya,14999000
Hp Asus Zenfone 11 Ultra Ram 16GB Internal 512GB Garansi Resmi,,,wwponsel_hangtuah,Kota Pekanbaru,13999000
Samsung Galaxy S24+ 12/512GB Garansi Resmi SEIN,,,Apollo Gadget Store,Kota Surabaya,23999000
Redmi 13T 5G ram 12/256 gb garansi resmi original bisa KREDIVO / PAYLATER,,,ardyzhn,Kota Surabaya,7800000
SMARTPHONE A77S RAM 8/128GB FULLSET FAST CHARGER 33WATT,4.785714285714286,56,OneWayCell,Kota Jakarta Barat,869000
Vivo y66 RAM 4gb,,,pugar cell ,Kota Jakarta Barat,499000
HP XIAOMI REDMI 9 4/64 GB - XIAOMI REDMI 9 RAM 4GB 64GB - GARANSI RESMI,,,Wahana Komunikasi,Kota Jakarta Timur,1875000
Handphone Xiaomi Redmi 9 Ram 4/64 second masih mulus garansi resmi ORI Indonesia,4.5,2,Cantika amanah grup,Kab. Bogor,1190000
Xiaomi Redmi Pad SE 4/128GB - Garansi resmi,4.951807228915663,83,Gundala store,Kota Jakarta Pusat,2170000
Samsung Galaxy A35 5G 8/256GB,4.981308411214953,107,Samsung,Kota Depok,4999000
OPPO A18 8/128GB ( 4GB + 4GB EXTENDED RAM ) GARANSI RESMI OPPO,5.0,6,NISFU GADGET,Kab. Sidoarjo,1599000
XIAOMI REDMI A3 4/128 NEW GARANSI RESMI,4.92,25,J3 ID,Kota Medan,1219000
Samsung Galaxy A15 5G 8/256 GB,,,Willsoon_Store,Kota Jakarta Barat,3999000
Handphone A37 - 3/32GB - Garansi 1 Tahun,,,BroO_CeLL,Kab. Bogor,468789
(FREE ADAPTOR) SAMSUNG GALAXY A05 4/64GB 4/128GB 6/128GB- GARANSI RESMI,5.0,4,DiamondCell,Kota Jakarta Barat,1330000
infinix hot 40i NFC 16+256 GB Gaming UNISOG T606 (pengganti hot 30)  (imei terdaftar)  garansi resmi 1 tahun,4.892857142857143,28,Gudang phoncell,Kab. Bogor,1295000
Vivo V30e 5G 8/128GB 8/256GB Garansi Resmi Vivo Indonesia,,,Zabeela Store,Kota Bandung,4549000
Vivo Y27 4G Ram (6+4) GB Rom 128 GB | 50MP Camera | Helio G85 TERMURAH,5.0,2,Mentari Cell,Kab. Madiun,1699000
Xiaomi 13T Leica Camera 12/256 Dimensity 8200 Ultra,,,JS ESTORE,Kota Jakarta Barat,6357000
XIAOMI REDMI NOTE 13 5G 8/256 GB,,,digitalselulargroup,Kota Medan,3130000
SAMSUNG A05 6+128 GB hp Gaming helio G85 fast charging  kamera 50 mp  GRATIS TRAVEL ADAPTOR GARANSI RESMI 1 TAHUN,4.972972972972973,37,Leon_cell99,Kab. Bogor,1395000
Poco F1 Ram 6/128 Gb (Second bergaransi),4.285714285714286,7,HP SECOND JOSS,Kab. Serang,1500000
ZTE BLADE A54 Ram 4+8/64GB *Resmi*,5.0,2,BANTEN PONSEL,Kota Serang,10190000
Samsung Galaxy S23 FE 8/128 8/256 RAM 8 ROM 128 256 GB 8GB 128GB 256GB Smartphone Android HP Handphone,5.0,1,Original Link,Kota Jakarta Utara,7159000
Infinix GT 20 Pro 5G 8/256GB - Garansi Resmi 1 Tahun,1.0,1,Bintang Timur Selindo,Kota Jakarta Barat,4150000
Infinix  Gt 20 Pro 5g 8/256gb Mecha Silver,,,Dukomsel Handphone,Kota Bandung,4699900
Samsung Galaxy A15 5G 8/256GB NEW Garansi Resmi FREE ADAPTER ORIGINAL SAMSUNG,,,OBONG CELL,Kota Surabaya,3480880
Samsung A05,1.0,1,AGUNG CELL TASIKMALAYA,Kota Tasikmalaya,1399000
Samsung Galaxy A04s 4/64GB Garansi Resmi Samsung Indonesia,,,EVOGAD,Kota Jakarta Barat,1720000
XIAOMI REDMI NOTE 11 PRO [6/128 GB] GARANSI RESMI,,,Top Cellular Makassar,Kota Makassar,3449000
Realme 11 Pro 5g 8gb/256gb,,,Dukomsel Handphone,Kota Bandung,4736970
"Oppo Reno 11 5G 8/256GB | Mediatek Dimensity 8200, Garansi Resmi OPPO",,,EVOGAD,Kota Jakarta Barat,5216000
Vivo Y28 4G - 8GB/256GB,,,Komunika Sell,Kota Jakarta Selatan,2885000
OPPO A79 5G 8/256 GB | OPPO A79 5G RAM 8/256 GB GARANSI RESMI OPPO,,,189 CELL,Kota Jakarta Barat,1939900
REALME 8I [4/64GB] GARANSI RESMI,,,Top Cellular Makassar,Kota Makassar,2469000
[BEST SELLER] OPPO HP A53S 5G RAM 8B/ROM 256GB Baterai 5000mAh Android COD / Kredit Camera 13MP Garansi 12 Bulan,,,3SHOP6,Kota Jakarta Barat,2129000
virgie cell Huawei p30 pro ram 8gb internal 256gb ex resmi Indonesia,,,virgie cell,Kota Bandung,6900000
SMARTPHONE OPPO RENO 10 5G 8/256GB BNIB SEGEL GARANSI RESMI,,,JACOM CELL,Kota Metro,5999000
TECNO Pova 5 Pro 5G 8/256GB Garansi Resmi,,,hacom store surabaya,Kota Surabaya,2599000
HP OPPO RENO 10 PRO 5G RAM 12GB ROM 256GB,,,Pelangipelangi Shop,Kab. Bekasi,7999000
Xiaomi Mi 8 Ram 6/128 GB (Second Bergaransi),,,HP SECOND JOSS,Kab. Serang,1850000
Infinix Note 40 [8GB/256GB] Extended RAM 8GB - Helio G99 Ultimate - 108MP Triple Camera - 45W Fast charging Garansi Resmi 1 Tahun,,,Penabur,Kab. Bekasi,2923000
Samsung Galacy S22 Ultra 12/512GB Garansi Resmi SEIN,,,PD Kenari Mas,Kota Bandar Lampung,20725888
Oppo A16 4/64GB Garansi Resmi Indonesia,5.0,1,Apollo Gadget Store,Kota Surabaya,2199000
Sony Xperia 1 Mark iii 12/256GB ALL OPERATOR INDONESIA Istimewa Bergaransi,,,Hapeku Semarang Shop,Kota Semarang,5350000
OPPO A3S RAM 6/128 GB,4.779220779220779,77,Pelapak Murah,Kota Bandung,599000
Redmi 9T Ram 6/128 Nominus masih mulus Fullshet second rasa baru garansi resmi Indonesia,4.6,5,Rizky Hawers Cell,Kab. Bogor,1400000
Infinix Gt 20 Pro 5G 12/256 Garansi Resmi,,,vinzflashsale,Kota Jakarta Utara,4447000
SMARTPHONE ANDROID A31 - RAM 6GB / ROM 128GB - Garansi 1 Tahun,,,BroO_CeLL,Kab. Bogor,688900
"INFINIX NOTE 40 8/256 FREE WIRELESS CHARGING GARANSI RESMI [HELIO G99 6,78 INCH AMOLED 108MP CAMERA 5000MAH BATTERY]",5.0,19,Bintangempat Store,Kota Palembang,2719000
Infinix itel P55 jaringan 5G RAM 12+128 GB mediatek dimensity 6080 (imei terdaftar) garansi resmi 1 tahun,4.9,10,Gudang phoncell,Kab. Bogor,1345000
VIVO Y36 8/256 - SNAPDRAGON 680 - LAYAR FULL HD,5.0,14,Mentari Cell,Kab. Madiun,2099000
infinix note 40 pro 4G 8/256 Garansi resmi,5.0,26,Galeri-Hp 040595,Kota Jakarta Pusat,3299000
OPPO A83 Ram 4/64 GB Murah Fullset Garansi 1 Minggu Distributor Smartphone Android Main Rear Single Selfie Camera 13 Single 8 MP Li-ion 3180 mAh Batrai Harga 1 Jutaan,,,Mungil Smartphone,Kota Blitar,1099000
Infinix Smart 8 3/64GB 4/64GB & 4/128GB - Garansi Resmi 1 Tahun,5.0,28,DiamondCell,Kota Jakarta Barat,1165000
INFINIX GT 20 PRO (8GB+256B) - GARANSI RESMI,4.948979591836735,97,Duniagadgetku,Kota Jakarta Barat,4169000
Xiaomi Poco C40 4/64 GARANSI,4.769230769230769,13,BERKAT COMPUTER,Kota Jakarta Barat,1320000
samsung A05 6+128 GB helio G85 kamera 50mp  GRATIS TRAVEL ADAPTOR garansi resmi samsung 1 tahun (imei terdaftar),4.894736842105263,38,Gudang phoncell,Kab. Bogor,1395000
iTel S23 Plus Ram 8GB Internal 256GB Garansi Resmi,5.0,1,My Phone Shop,Kota Jakarta Pusat,2170000
"Samsung Galaxy A15 LTE 8/128 & 8/256GB, Mediatek Helio G99 | Garansi",4.8,5,EVOGAD,Kota Jakarta Barat,2515000
Oppo A78 4G 8GB/256GB Snapdragon 680 4G - 50MP Dual Camera - AMOLED - 67W SUPERVOOC Garansi Resmi 1 Tahun,4.8125,16,Penabur,Kab. Bekasi,2993000
Samsung Galaxy A03 4/64GB Garansi Resmi,,,jikalaku,Kota Jakarta Pusat,1141000
Vivo Y03 4/64 & 4/128GB - Garansi Resmi 1 Tahun,,,DiamondCell,Kota Jakarta Barat,1209000
C.YOUNG Smartphone,,,YUEER STORE,Kota Jakarta Barat,600000
INFINIX HOT 10 PLAY 2/32 RAM 2GB ROM 32GB GARANSI RESMI,,,MnM Phone,Kota Jakarta Pusat,1190000
Official Xiaomi 14 | Snapdragon 8 Gen 3 Leica 75mm Light Fusion 900 image sensor,5.0,1,Xiaomi,Kota Depok,11999000
"Xiaomi Redmi Note 13 Pro 5G | Snapdragon 7s Gen 2 8+256GB, Garansi Resmi, NEW BNIB,Grandivo",,,Grandivoo,Kab. Sidoarjo,4567321
Hp Infinix Zero 30 Ram 8GB Internal 256GB Garansi Resmi,,,wwponsel_hangtuah,Kota Pekanbaru,3099000
Xiaomi Redmi Note 13 RAM 8/128GB Camera 108MP 120Hz FHD+ NFC Battery 5000mAh Fast Charge 33W,,,Raja Ponsel Bandung,Kota Bandung,2399000
samsung A52 8/128gb black,5.0,3,Yani Market,Kab. Grobogan,6025000
"Realme C63 6/128GB & 8/128GB, NFC LTE 45W 6,74 HD 90Hz Garansi Resmi Realme",,,EVOGAD,Kota Jakarta Barat,1901000
HP OPPO A18 4/128 GARANSI RESMI OPPO EXTENDED RAM 4GB,5.0,1,Star Komsel Store,Kota Makassar,1619000
Samsung Galaxy S24 S24+ Plus 5G 12/256GB 12/512GB AI Smartphone,,,Original Link,Kota Jakarta Utara,12399000
SAMSUNG A23 RAM 6 ROM 128 GARANSI RESMI SAMSUNG IMEI BARU & SEGEL samsung a23 6/128,5.0,1,CELLULAR SURABAYA,Kota Surabaya,1100000
Samsung Galaxy A25 5G 8GB 256GB,,,TOKOPDA store,Kota Jakarta Pusat,4399000
Samsung Galaxy S23 FE 8/256 - Garansi resmi,5.0,2,Gundala store,Kota Jakarta Pusat,8650000
"Oppo Smartphone A58 6/128GB| 8/128GB 6,72Inch Garansi Resmi",,,ANDALAS CELLULAR,Kota Balikpapan,2399000
Samsung Galaxy A55 5G 8GB 256GB,,,TOKOPDA store,Kota Jakarta Pusat,6499000
Samsung A10 ram 2/32gb,,,FR Store Solo,Kab. Sukoharjo,867000
Samsung Galaxy M54 5G 8/256GB Garansi Resmi,,,SMS Shop Online,Kota Semarang,5999000
XIAOMI POCO M4 PRO [8/256 GB] GARANSI RESMI,5.0,1,Top Cellular Makassar,Kota Makassar,3359000
SMARTPHONE SAMSUNG GALAXY A55 5G ORIGINAL GARANSI RESMI,,,JACOM CELL,Kota Metro,5999000
HP OPPO A98 5G 8/256 GARANSI RESMI OPPO EXTENDED RAM 8GB,,,Star Komsel Store,Kota Makassar,4299000
Realme C63 RAM 8/128GB Garansi Resmi,,,Maju hardware Online Shop,Kota Madiun,2299000
Advan Nasa Pro - Ram 2GB Rom 32GB - Dual Kamera 13MP - Battery 3000mAh - Garansi Resmi,4.0,3,ASK CELL,Kota Cimahi,699000
Xiaomi Redmi 10c Ram 6 Rom 128GB,,,Tiga MutiaraOfficial,Kota Surabaya,2025000
Promo HP iCherry C222 Sunshine 3.5 inch Android Kitkat /  hp murah / android murah,,,nangkene_baen,Kota Surabaya,199900
[PROMO] SAMSUNG GALAXY A03 CORE - 2GB/32GB - FULLSET ORIGINAL RESMI  (BISA COD),5.0,16,Mentari Cell,Kab. Madiun,899000
Tecno Spark 20 Pro ( Ram 12GB + Rom 256GB ) Garansi Resmi,,,Bejana,Kota Jakarta Pusat,2499000
Oppo Reno 6 Ram 8/128 Nominus masih mulus Fullshet second rasa baru garansi resmi Indonesia,,,Rizky Hawers Cell,Kab. Bogor,3000000
Samsung Galaxy A03 Core 2GB 32GB Garansi Resmi Samsung Indonesia,5.0,2,Markas Gadget18,Kota Jakarta Timur,1500000
HP Qwerty Icherry C32,5.0,2,GD_ExStore,Kab. Sleman,399000
"vivo Y27s (8/128) - 50MP Camera, 44WFlashCharge, Snapdragon 680, IP54 Water Resistance",4.980295566502463,203,vivo,Kab. Tangerang,2199000
Nokia 5.3 Ram 6GB Internal 64GB Garansi Resmi,5.0,1,RXBIO Store,Kota Jakarta Pusat,1823000
HP VIVO Y17S RAM 4+4GB/64GB | 6+6GB/128GB GARANSI RESMI VIVO,4.872340425531915,47,Rajalaku Store.Id,Kab. Tangerang,1475000
[NEW LAUNCH] vivo Y100 5G (8/128) 80W FlashCharge + Amoled 120Hz + 50MP Wide Angle Camera,5.0,15,vivo,Kab. Tangerang,3599000
"INFINIX ITEL A70 Ram 12+256 GB layar 6.5 inci, charger tipe C garansi resmi 1 tahun (imei terdaftar dikemenprin)",4.82258064516129,62,Gudang phoncell,Kab. Bogor,1155000
"Infinix Smart 8 [ 4GB/128GB] Unisoc T606 - 6.6"" IPS LCD - 5000mAh Garansi Resmi 1 Tahun",5.0,2,Penabur,Kab. Bekasi,1253000
Tehcno Spark 20 Pro Ram 12/256gb Garansi Resmi,,,Cv.Garden Cell,Kota Kediri,2395000
Realme C63 6/128GB Garansi Resmi Indonesia,,,Apollo Gadget Store,Kota Surabaya,2099000
Vivo Y03 4/64GB Garansi Resmi Indonesia,,,Apollo Gadget Store,Kota Surabaya,1299000
INFINIX NOTE 40 PRO 5G NFC 8/256 NEW GARANSI RESMI,5.0,1,J3 ID,Kota Medan,3599000
Infinix Smart 8 Pro 8/128GB Garansi Resmi,5.0,1,Toko Lasvegas,Kota Surabaya,1420000
vivo y15s 3/32,5.0,1,Trijaya Cellular ID,Kab. Garut,950000
SAMSUNG GALAXY A05 4/64GB | 4/128GB | 6/128GB,5.0,1,MARKOM,Kota Surabaya,1499000
SMARTPHONE VIVO Y28 ORIGINAL GARANSI RESMI,,,JACOM CELL,Kota Metro,2350000
Realme Note 50 [4GB/64GB - 4GB/128GB] Garansi Resmi 1 Tahun,,,Penabur,Kab. Bekasi,1283000
"Tecno Camon 20 Premier 5G 8/512GB | Android 13, Mediatek 8050 | Garansi Resmi",,,EVOGAD,Kota Jakarta Barat,5027000
Infinix Note 30 Ram 8/256 GB (Second Bergaransi),,,HP SECOND JOSS,Kab. Serang,1799000
Hp Itel A70 Ram 3GB Internal 128GB Garansi Resmi,,,wwponsel_hangtuah,Kota Pekanbaru,1099000
XIAOMI REDMI A2 RAM 3/32GB | 4/64 | 4/128 GARANSI RESMI 15 BULAN,,,ANDROID CENTRAL CELL,Kota Makassar,1099000
VIVO Y27 4G 6/128GB [Garansi Resmi Vivo Indonesia],,,Planetgadget Store,Kota Jakarta Timur,2299000
"Xiaomi Redmi Note 13 Pro Kamera 200 MP ultra-jernih AMOLED - Forest Green, 8+256GB Garansi Resmi BNIB , Grandivo",,,Grandivoo,Kab. Sidoarjo,3907000
SAMSUNG A05 RAM 6/128GB CAM 50MP HELIO G85 GRS RESMI,,,ANDROID CENTRAL CELL,Kota Makassar,1899000
OPPO A98 5G 8/256GB Garansi Resmi Indonesia,,,Apollo Gadget Store,Kota Surabaya,4299000
Hp Oppo Reno8 Z 5G 8/256 GB Reno 8Z 2nd Resmi,,,Media Com,Kota Jakarta Barat,3075000
OPPO Find N3 5G 16/512GB Garansi Resmi Indonesia,,,Apollo Gadget Store,Kota Surabaya,29999000
REALME 10 PRO 5G (8GB+128GB) - GARANSI RESMI,5.0,1,Duniagadgetku,Kota Jakarta Barat,3049000
Oppo A60 4G NFC Cph2631 8gb/128gb,,,Dukomsel Handphone,Kota Bandung,2599000
ZTE NUBIA REDMAGIC 6 PRO 16/256GB RAM 16 ROM 256GB GARANSI RESMI,,,Honchi Celuller,Kota Tangerang,11675000
Samsung Galaxy A25 5G 8/256GB - Blue Black,,,NISFU GADGET,Kab. Sidoarjo,4000000
OPPO Find N3 Flip 12/256GB Garansi Resmi Indonesia,,,Apollo Gadget Store,Kota Surabaya,15999000
Samsung Galaxy S23 FE - 8GB/128GB,,,Komunika Sell,Kota Jakarta Selatan,7899000
Infinix GT 10 Pro 8/256GB|  MediaTek Dimensity 8050 | 5000 mAh | Garansi Resmi,,,Milano Cell ITC Kuningan,Kota Jakarta Selatan,3799000
Vivo Y100 RAM 8 Original 50MP Kamera 80W FlashCharge Vivo terbaru 2024 Garansi Resmi Bisa COD,4.980694980694981,258,1stLine,Kota Jakarta Utara,2842497
REALME C53 RAM 6/128 SECOND RASA BARU,,,CANTIKA AMANAH CELULLER,Kab. Bogor,1825000
Xiaomi Redmi 10A 4GB + 64GB Garansi Resmi Xiaomi Indonesia,,,MEGA GADGET ELECTRONICS,Kota Jakarta Utara,1463000
Infinix GT 20 Pro 8/256GB Garansi Resmi,,,Cv.Garden Cell,Kota Kediri,4150000
realme C53 6/128GB NFC (33W SUPERVOOC Charge | 50MP AI Camera | 5000 Battery | 6GB Tambahan RAM),,,BandarHpNusantara,Kota Jakarta Utara,1771000
Samsung Galaxy A55 5G 12/256GB NFC,,,HapeJOSS,Kota Semarang,6699000
Redmi 9 Ram 4/64 GB (Second Bergaransi),4.818181818181818,11,HP SECOND JOSS,Kab. Serang,850000
OPPO A58 6/128 & 8/128 NEW GARANSI RESMI,4.862068965517241,58,J3 SHOP,Kota Medan,2469000
Google Pixel 7 PRO 12/128GB Super Istimewa Mulus Seperti Baru Imei Terdaftar,,,Hapeku Semarang Shop,Kota Semarang,8550000
Evercoss Sp5 - Hp Outdoor - 20.000mAh - Garansi Resmi,,,Ucell Cempaka,Kota Jakarta Timur,315000
OPPO A18 4/128GB RAM EXTENDED GARANSI RESMI,5.0,1,Sinar Cemerlang Jaya 88,Kota Palembang,1390000
Apple iPhone 15 Pro,4.94,50,Digimap,Kota Jakarta Barat,18999000
"Redmi 12 Ram 8 + 256 GB (8+8) TRIPLE CAM 50MP ,HELIO G88, 5000MAH ,TERDAFTAR DIKEMENTRIAN garansi resmi 1tahun",5.0,27,Riawan_shop88,Kab. Bogor,1865000
Apple iPhone 15 Pro Max,4.884848484848485,165,iBox,Kab. Tangerang,22499000
vivo v29 Amoled NFC 5G Ram 16+ 256 GB snapdragon 778G kamera 50mp garansi 1 tahun,4.75,8,Gudang phoncell,Kab. Bogor,3875000
Vivo V29E 5G NFC 64MP OIS Night Camera Snapdragon 695 Prosesor Vivo V29E Terbaru 2023 Garansi Resmi,4.964912280701754,114,1stLine,Kota Jakarta Utara,4999000
ITEL P55 5G (6GB+128GB) - Garansi Resmi,,,Duniagadgetku,Kota Jakarta Barat,1499000
SHARP Aquos V6 Plus 4GB 64GB ATAU SHARP Aquos V6 Plus RAM 4GB ROM 64GB,,,METRO GROSIR SELULLER,Kota Cilegon,2299000
VIVO Y100 4G 8/128 & 8/256 NEW GARANSI RESMI,5.0,1,J3 ID,Kota Medan,2699000
Xiaomi Redmi Note 12 Pro 5G RAM 8+5GB GARANSI RESMI 15 BULAN SEGELBOX NO REPACK,,,Diari_Shop,Kota Bandung,4399000
Vivo Y100 8/128 GB Garansi Resmi,,,antaboga phone,Kota Bandung,3070000
Xiaomi Redmi A3 4/128GB - Garansi Resmi 1 Tahun,,,DiamondCell,Kota Jakarta Barat,1184000
VIVO Y17s 4/64GB 6/128GB [Garansi Resmi Vivo Indonesia],5.0,1,Planetgadget Store,Kota Jakarta Timur,1799000
infinix gt 20 pro 5G 8/256 Garansi resmi,,,Galeri-Hp 040595,Kota Jakarta Pusat,4299000
INFINIX ZERO 30 4G 8/256GB - GARANSI RESMI,,,Hapeworld,Kota Banjarmasin,3099000
realme GT Neo 3 150W 12+256GB | 150W UltraDart Charge | Dimensity 8100 5G Processor | Sony IMX766 OIS Camera | Racing Stripe Design | 120Hz Reality Display | Stainless Steel Vapor Cooling System Max |4500mAh Massive Battery,5.0,17,realme,Kota Depok,7199000
REDMI POCO F5 RAM 12/256 GB GARANSI RESMI ORIGINAL BISA KREDIVO / PAYLATER,,,ardyzhn,Kota Surabaya,5925000
SMARTPHONE VIVO V30 5G & V30 PRO ORIGINAL GARANSI RESMI,,,JACOM CELL,Kota Metro,5800000
INFINIX GT 20 PRO 5G RAM 8/256GB MD 8200 ULTIMATE - NEW GARANSI RESMI,,,KOTAK KATIK,Kab. Purwakarta,4249000
Samsung Galaxy A15 LTE RAM 8/256GB Garansi Resmi,,,Raja Ponsel Bandung,Kota Bandung,2999000
Samsung Glx A05s 6gb /128gb,,,Dukomsel Handphone,Kota Bandung,2199000
Samsung Galaxy A15 5G 8/256GB - Blue Black,,,NISFU GADGET,Kab. Sidoarjo,3400000
SAMSUNG A05S 6/128,,,Naga Cell Sidareja,Kab. Cilacap,2199000
Realme 12 Plus 8GB+256GB HP Dimensity 7050 5G Chipset 67W Garansi Resmi,,,Ceria Ponsel,Kota Tangerang,3778000
Oppo A76 Ram 6/128 GB (Second Bergaransi),,,HP SECOND JOSS,Kab. Serang,2150000
"Oppo A18 4G LTE, Android 13, ColorOS 13.1 | Garansi Resmi Oppo Indonesia",4.833333333333333,6,EVOGAD,Kota Jakarta Barat,1471000
Realme C35 4/64GB Garansi Resmi Indonesia,,,Apollo Gadget Store,Kota Surabaya,2299000
VIVO V29 5G 8/256GB Garansi Resmi Indonesia,,,Apollo Gadget Store,Kota Surabaya,5999000
"TECNO POVA 5 Pro 5G – Dimensity 6080 5G, 8+8GB*+256GB, 68W Super Fast Charging",,,Invens Store,Kota Jakarta Utara,2599000
SAMSUNG M54 5G RAM 8/256 GB GARANSI RESMI 1 TAHUN ORIGINAL,,,ardyzhn,Kota Surabaya,6799000
OPPO A3S RAM 6/128gb,5.0,3,Light Sun Store,Kota Jakarta Barat,559000
Xiaomi Mi POCOPHONE POCO M3 NOMINUS MASIH MULUS,4.833333333333333,30,CANTIKA AMANAH CELULLER,Kab. Bogor,1790000
Infinix GT 20 Pro 8/256GB NFC android,,,Yulia Mobilephone,Kota Semarang,4499000
Infinix Note 40 Pro 4G 8/256 GB,,,Willsoon_Store,Kota Jakarta Barat,3299000
REALME C63 RAM 6/128GB GARANSI RESMI,,,Cv.Garden Cell,Kota Kediri,1925000
Xiaomi Redmi Note 13 5G 8/256 GB,,,Willsoon_Store,Kota Jakarta Barat,3999000
hp xiaomi redmi 10 2022 ram 6/128 gb dan 4/64 gb garansi resmi 1 tahun,,,Gadgetstoreofc,Kab. Bojonegoro,1945000
Samsung Galaxy A55 5G 8/128GB Garansi Resmi,,,Bandarhpmurah,Kota Jakarta Utara,5999000
Realme 12 Plus 5G 8/256GB - Garansi Resmi 1 Tahun,5.0,1,Bintang Timur Selindo,Kota Jakarta Barat,3750000
ZTE A54 4/64GB 4/128GB - Garansi resmi,5.0,1,Gundala store,Kota Jakarta Pusat,1040000
Vivo Y27 6+128GB | 50MP | Mediatek MT6769 Helio G85 (12nm) | 5000 mAh [BISA COD],4.9,10,Mentari Cell,Kab. Madiun,1699000
SAMSUNG GALAXY A25 5G 8/128 & 8/256 NEW GARANSI RESMI,4.971014492753623,69,J3 SHOP,Kota Medan,4499000
Samsung Galaxy A05 4/64 GB Garansi Resmi,,,Gudang-HP com,Kota Jakarta Pusat,1394000
SAMSUNG GALAXY A04S - 4GB/64GB - RESMI ORIGINAL TERMURAH,4.8,15,Mentari Cell,Kab. Madiun,1262000
"HP Realme Narzo 30A 4/64,Narzo 20 4/64,Narzo 50i 4/64GB Garansi Resmi Realme Indonesia",,,CORTEX SHOP,Kota Bandung,1635000
OPPO A18 RAM 4GB/128GB Garansi Resmi - Grandivo,5.0,6,Grandivoo,Kab. Sidoarjo,1535000
Xiaomi Poco M6 Pro 8/256GB Garansi Resmi,4.5,2,Distributor Ponsel,Kota Jakarta Pusat,2981000
"Vivo V30 PRO 12/512GB, Android 14, Funtouch 14, 50 MP | Garansi Resmi",,,EVOGAD,Kota Jakarta Barat,7856000
Samsung Galaxy A10 Ram 2/32 GB (Second Bergaransi),4.666666666666667,3,HP SECOND JOSS,Kab. Serang,680000
[PROMO GAJIAN] REALME C53 8/256GB 6/128GB FULLSET MURAH ISTIMEWA,,,GadgetXCom,Kota Jakarta Barat,1746000
ZTE Blade V50 Design 8/128GB - Garansi Resmi 1 Tahun,3.0,2,DiamondCell,Kota Jakarta Barat,1473000
Tecno Spark 20C 4/128 & 8/128 GB Garansi Resmi,5.0,1,MetaCore,Kota Bandung,1215000
VIVO Y28 8/256 NEW GARANSI RESMI,,,KSTORE87,Kota Medan,2650000
C.YOUNG Smartphone,,,YUEER STORE,Kota Jakarta Barat,600000
Realme Note 50 4/128GB Garansi Resmi,,,OBONG CELL,Kota Surabaya,1499000
OPPO Reno10 Pro 5G 12/256GB - Garansi resmi,,,Gundala store,Kota Jakarta Pusat,5610000
Vivo Y03 - 4GB/128GB,,,Komunika Sell,Kota Jakarta Selatan,1499000
Xiaomi Redmi Note 12 Pro,,,Simoncell Technology,Kota Pekanbaru,3299000
XIAOMI POCO F4 5G [6/128 GB] GARANSI RESMI,,,Top Cellular Makassar,Kota Makassar,4979000
"promo hp samsung a04 ram 4/64 gb bonus tempergas - copper, RAM 4/64 GB",4.166666666666667,6,BERKAT COMPUTER,Kota Jakarta Barat,1300000
XIAOMI POCO F2 PRO 8/256 GB GARANSI RESMI,,,SURYA HALIM PONSEL,Kota Medan,7998000
OPPO A18 4/128,,,Naga Cell Sidareja,Kab. Cilacap,1499000
Samsung Galaxy A50s Ram 6/128 GB (Second Bergaransi),5.0,1,HP SECOND JOSS,Kab. Serang,1250000
Realme C51s 6/128GB,,,Gudang Cell Tasikmalaya,Kota Tasikmalaya,1899000
Samsung Galaxy Z Fold 3 5G Snapdragon 888 Garansi Resmi,,,EVOGAD,Kota Jakarta Barat,21368000
Infinix GT 10 Pro 5G 8/256 Garansi Resmi - Cyber Black,3.2,5,BERKAT COMPUTER,Kota Jakarta Barat,3600000
Samsung Galaxy A23 5G 12/128GB (+6 Extended RAM),,,Alibabastore.id,Kota Malang,3999000
Xiaomi Redmi Note 13 ( Ram 8GB + Rom 128GB ) Garansi Resmi,,,Bejana,Kota Jakarta Pusat,2399000
Samsung Galaxy Z Fold4 5G Brand New In Box Garansi Resmi Indonesia,,,FEDOFONE SMARTPHONE,Kota Padang,25500000
"OPPO FIND X3 PRO 12GB/256GB, Snapdragon 888 5G | Garansi Resmi",,,EVOGAD,Kota Jakarta Barat,8347000
OPPO A58 NFC RAM 6GB+6GB/128GB GARANSI RESMI,,,DANcell Resmi,Kab. Nganjuk,2299000
Google Pixel 4a 5G 6/128GB DUAL SIM Super Mulus Like New Bergaransi ALL OPERATOR INDONESIA,5.0,8,Hapeku Semarang Shop,Kota Semarang,2320000
Realme c12 Ram 3/32 nominus masih mulus fullshet second rasa baru garansi resmi Indonesia,,,Rizky Hawers Cell,Kab. Bogor,1050000
Infinix Hot 40 Pro 8/256GB Garansi Resmi,,,GLOBAL TELESHOP OFFICIAL,Kota Jakarta Pusat,2199000
Xiaomi Redmi 13C 6/128GB Garansi Redmi,,,SMS Shop Online,Kota Semarang,1560000
VIVO Y03 4/64 & 4/128 NEW GARANSI RESMI,4.980392156862745,255,J3 ID,Kota Medan,1219000
Asus ROG Phone 7 8/256 & 12/256GB Qualcomm SM8550-AB Garansi Resmi,,,Ceria Ponsel,Kota Tangerang,10515000
SAMSUNG GALAXY A55 5G 8/128GB 8/256GB 12/256GB [Garansi Resmi Samsung Indonesia],,,Planetgadget Store,Kota Jakarta Timur,5999000
HP BARU【BISA COD】VIVO Y56 5G RAM 8GB DAN ROM 256GB S 50MP Camera Garansi 1 martphone,4.830188679245283,106,success9913,Kota Jakarta Barat,5000000
Samsung A35 5G 8/256GB - Garansi Resmi 1 Tahun,5.0,2,Bintang Timur Selindo,Kota Jakarta Barat,4655000
Samsung A15 5G layar Amoled NFC Ram 8+256 GB fast charging 30 menit full (GRATIS TRAVEL ADAPTOR)  gransi 1 tahun (pengganti A14),5.0,24,Gudang phoncell,Kab. Bogor,2235000
Infinix Smart 8,5.0,3,AGUNG CELL TASIKMALAYA,Kota Tasikmalaya,1099000
"OPPO Reno11 F 5G 8GB/256GB [64MP Ultra-Clear Triple Camera, 67W SUPERVOOC Flash Charge, 5000mAh",,,NISFU GADGET,Kab. Sidoarjo,4599000
"Xiaomi Redmi 13C Tiga kamera AI 50 MP NFC 8GB/256GB , Garansi resmi , Grandivo.",4.5,4,Grandivoo,Kab. Sidoarjo,1581000
Itel RS4 8/128GB & 12/256GB - Garansi Resmi 1 Tahun,,,DiamondCell,Kota Jakarta Barat,1819000
Redmi 8 Ram 4/64 GB (Second Bergaransi),5.0,4,HP SECOND JOSS,Kab. Serang,850000
Vivo Y28 6/128GB 8/128GB 8/256GB NFC 44W FlashCharge 6000mAh Baterai Garansi Resmi 100% Original,,,CC  Shop,Kota Jakarta Utara,2195000
VIVO Y28 8/128 NEW GARANSI RESMI,,,KSTORE87,Kota Medan,2302000
XIAOMI POCO X3 GT 5G 8/256 GB GARANSI RESMI,,,Ansori Cell,Kota Medan,4997000
"Samsung Galaxy A15 5G 8/256, Mediatek Dimensity 6100+, Garansi Resmi",,,EVOGAD,Kota Jakarta Barat,3194000
iQOO Z9x 5G [8GB/128GB -8GB/256GB] Extended RAM 8GB - Snapdragon 6 Gen 1 4nm - Layar 1000 nits 120hz eye-care display - Dual Stereo Speaker - 6000mAh Garansi Resmi 2 Tahun,,,Penabur,Kab. Bekasi,3098000
Vivo Y28 8/128GB Garansi Resmi,,,OBONG CELL,Kota Surabaya,2599000
"Samsung Galaxy A15 5G 8/256GB, SUPER AMOLED Garansi Resmi SEIN 1 Tahun",5.0,1,Zabeela Store,Kota Bandung,3399000
Nokia C31 4/64 GB Garansi Resmi TAM,,,Electrics Shop,Kota Palembang,1230000
SMARTPHONE INFINIX HOT 30i 8GB/128GB GARANSI RESMI,,,JACOM CELL,Kota Metro,1499000
Samsung Galaxy Z Fold5 5G 12/256GB,,,TOKOPDA store,Kota Jakarta Pusat,20855000
XIAOMI MI 12 [8/256 GB] GARANSI RESMI,,,Top Cellular Makassar,Kota Makassar,9799000
Tecno Pova Neo 2 - Handphone [ Ram 4GB + Rom 128GB ] - Garansi Resmi,5.0,2,Channel B,Kota Jakarta Pusat,1635000
Hp Itel P55 Ram 8GB Internal 128GB Garansi Resmi,,,wwponsel_hangtuah,Kota Pekanbaru,1599000
HP OPPO A60 8/128GB 8/256GB 5000mAh Baterai 45W Flashcharge Terbaru 100% Original Garansi Resmi,5.0,1,XCI,Kota Jakarta Utara,2573010
Xiaomi Redmi 9C Certified Renewed Unit Only Grade A,3.0,2,EXMI STORE,Kota Jakarta Timur,949000
Samsung Galaxy S23 S23+ Plus RAM 8GB ROM 128GB 256GB 512GB Smartphone SEIN Android HP Handphone,5.0,2,GalleryGadget Store,Kota Jakarta Pusat,11733000
Infinix Note 40 Pro Plus Pro+ 4G 5G 8/256 12/256 RAM 8GB 12GB ROM 256 GB Smartphone Android,,,SuperGadget,Kota Jakarta Pusat,3779000
SAMSUNG GALAXY S24+ 5G RAM 8/256 GB & 8/512 GB GARANSI RESMI NASIONAL,,,indahponseltamora,Kab. Deli Serdang,16573000
Hp Xiaomi Mi 12 5G Ram 8GB Internal 256GB Garansi Resmi,,,wwponsel_hangtuah,Kota Pekanbaru,7999000
Samsung Galaxy A15 LTE 8/256 GB - Garansi Resmi,,,Royal Makmur Handphone & Tablet,Kota Jakarta Timur,2919000
Samsung A15 NFC Ram 8+128 GB layar Amoled garansi resmi samsung 1 tahun (imei terdaftar),5.0,3,Leon_cell99,Kab. Bogor,2265000
Samsung Galaxy A23 6/128GB Garansi Resmi SEIN,,,Apollo Gadget Store,Kota Surabaya,3499000
【HP BARU】【BISA COD】Oppo A54 6/128 PX4 Original 16MP Selfie Camera 5000mAh Battery 18W Fast Charging Hp OPPO Murah,,,success9913,Kota Jakarta Barat,1998000
Samsung Galaxy M54 5G 8/256GB Garansi Resmi SEIN,,,Apollo Gadget Store,Kota Surabaya,6499000
Hp Asus ROG 6 RAM 8GB Internal 256GB Gaming Phone Garansi Resmi,5.0,1,wwponsel_hangtuah,Kota Pekanbaru,8499000
Infinix Hot 30i 8/128,5.0,8,Indah's Cell,Kota Semarang,1550000
Tecno Pova 5 Pro 5G Ram 8+8GB Internal 256GB I Up To 16GB Extended Ram I NFC I Dimensity 6080  I Fast Charging 68W I  50MP I Garansi Resmi,5.0,10,ASK CELL,Kota Cimahi,2599000
Samsung a04e ram 3/32 nominus masih mulus fullshet second rasa baru garansi resmi Indonesia,5.0,3,Rizky Hawers Cell,Kab. Bogor,1000000
Infinix Smart 8 3/64GB - Up to 6GB RAM - 6.6 Magic Ring - 5000 mAh,,,Invens Store,Kota Jakarta Utara,1099000
Samsung Galaxy A05s 6/128GB - Snapdargon 680 [BONUS ADAPTER 25W] Garansi resmi,4.891566265060241,166,Gundala store,Kota Jakarta Pusat,2001000
Xiaomi Poco C65 Ram 8 Rom 256GB,,,Tiga MutiaraOfficial,Kota Surabaya,1675000
Vivo Y100 5G 8/128GB - Garansi Resmi,,,MetaCore,Kota Bandung,3533000
"TECNO SPARK 20 Pro+ NFC – 8GB+256GB, 3D Curved 6,78 AMOLED FHD + 120Hz",,,Invens Store,Kota Jakarta Utara,2699000
hp Android 4G C205 Stream 5.0 inch ROM 16GB RAM 1GB (silahkan di lihat gambarnya),1.0,1,iCherry Indonesia,Kab. Deli Serdang,298740
FREE ADAPTER 25watt Original Samsung Galaxy A05 4/128GB Garansi Resmi,4.0,3,OBONG CELL,Kota Surabaya,1546480
Infinix GT 20 Pro,,,jikalaku,Kota Jakarta Pusat,4120000
itel P55 5G,,,jikalaku,Kota Jakarta Pusat,1456000
INFINIX HOT 11 PLAY 4/64 GB NEW GARANSI RESMI,,,Ansori Cell,Kota Medan,1543000
SAMSUNG GALAXY A05 (4GB+128GB) - GARANSI RESMI,5.0,3,Duniagadgetku,Kota Jakarta Barat,1525000
TECNO Camon 20 Pro 8/256GB Garansi Resmi,,,OBONG CELL,Kota Surabaya,2799000
Xiaomi 12 5G Ram 8/256 GB (Second Bergaransi),,,HP SECOND JOSS,Kab. Serang,7500000
Samsung Galaxy A05 4/128GB Garansi Resmi SEIN,,,Apollo Gadget Store,Kota Surabaya,1599000
Oppo Reno 11F 5G NFC 8/256GB 67W Garansi Resmi Oppo Indonesia,4.0,1,Zabeela Store,Kota Bandung,4399000
Xiaomi Redmi Note 13 5G  RAM 8/256GB Triple Camera 108 MP FHD+ Amoled,,,Raja Ponsel Bandung,Kota Bandung,3175000
HP REALME 11 8/256 GARANSI RESMI REALME,5.0,1,Star Komsel Store,Kota Makassar,3299000
VIVO Y28 RAM 8/256 GB GARANSI RESMI ORIGINAL BISA KREDIVO / PAYLATER,,,ardyzhn,Kota Surabaya,2799000
virgie cell Huawei p40 pro 8/256 desember 2021,,,virgie cell,Kota Bandung,8950000
INFINIX HOT 40 PRO 8/256GB - GARANSI RESMI,,,Hapeworld,Kota Banjarmasin,2199000
Vivo Y100 4G - 8GB/128GB,,,Komunika Sell,Kota Jakarta Selatan,2965000
Vivo X80 5G Ram 12/256 GB (Second Bergaransi),,,HP SECOND JOSS,Kab. Serang,6499000
Hp Itel P55 5G Ram 6GB Internal 128GB Garansi Resmi,,,wwponsel_hangtuah,Kota Pekanbaru,1899000
HP SAMSUNG A24 8/128 NFC GARANSI RESMI TAM SEIN,,,Star Komsel Store,Kota Makassar,3499000
Samsung Galaxy A35 5G 8GB 256GB,,,TOKOPDA store,Kota Jakarta Pusat,5499000
HP OPPO A38 4/128 (GARANSI RESMI),5.0,1,Star Komsel Store,Kota Makassar,1999000
SAMSUNG GALAXY S24 5G 8/512 NEW!! GARANSI RESMI SEIN,,,1000 Gadget Store,Kota Medan,13699000
Asus ROG Phone 7 5G RAM 8GB/256GB 8/256 GB - Garansi Resmi,,,SUPER LARIS_IT,Kota Makassar,11099000
SAMSUNG GALAXY A73 [8/256 GB] GARANSI RESMI,,,Top Cellular Makassar,Kota Makassar,7799000
SAMSUNG GALAXY A33 [8/256GB] GARANSI RESMI,,,Top Cellular Makassar,Kota Makassar,5499000
Samsung Galaxy Z Flip4 5G | Z Flip 4 5G Snapdragon 8+ Garansi Resmi,5.0,1,EVOGAD,Kota Jakarta Barat,10797000
Oppo A78 4G 8/256GB [Garansi Resmi Oppo],,,Planetgadget Store,Kota Jakarta Timur,3399000
Huawei Mate 30 Pro 8/256GB Garansi Resmi,,,YouEndMe,Kota Jakarta Selatan,10000000
Samsung Galaxy A53 5G 8/256GB Garansi Resmi SEIN,,,Apollo Gadget Store,Kota Surabaya,6299000
SAMSUNG A52 RAM 8 ROM 256GB 8/128GB GARANSI RESMI SAMSUNG INDONESIA SEIN,,,Honchi Celuller,Kota Tangerang,5199000
"PROMO SAMSUNG A12 6/128 RAM 4/128 bonus anti gores - Hitam, RAM 4/128GB",,,BERKAT COMPUTER,Kota Jakarta Barat,1700000
SMARTPHONE 12C RAM 6/128GB & 4/128GB Dual Camera Garansi 1 thn,4.821428571428571,28,StarPonsel.id,Kota Jakarta Utara,939000
Redmi 12 Ram 8/128 ori masih mulus kumplit,,,CANTIKA AMANAH CELULLER,Kab. Bogor,1950000
Realme c53 ram 6/128 fulset ori masih mulus,,,CANTIKA AMANAH CELULLER,Kab. Bogor,2050000
SMARTPHONE F1S RAM 4/64GB FULLSET,5.0,1,OneWayCell,Kota Jakarta Barat,417000
Infinix GT 20 Pro 5G 8/256GB RAM 8 ROM 256 8GB 256GB GT20 Pro HP Gaming Smartphone Android,5.0,10,SuperGadget,Kota Jakarta Pusat,4219000
VIVO V9 / Y85 RAM 6/128 GB,4.333333333333333,12,penjual laku aja,Kota Bandung,595000
"OPPO A57 2022 - 4GB/64GB - 5000 mAh battery ,Fast charging 33W, 50% in 30 min - BISA COD",4.8933333333333335,75,Mentari Cell,Kab. Madiun,1349000
Samsung Galaxy A52s 5G 8/128GB Garansi Sein - Hitam,3.2857142857142856,7,BERKAT COMPUTER,Kota Jakarta Barat,3000000
INFINIX GT 20 PRO 5G 8/256 GB (+8GB Extended RAM) GARANSI RESMI,,,Invens Store,Kota Jakarta Utara,4449000
OPPO F5 RAM 6/128 GB,4.733333333333333,150,Pelapak Murah,Kota Bandung,539000
Apple iPhone 15,4.9818181818181815,55,Digimap,Kota Jakarta Barat,14249000
Xiaomi Redmi Note 12 Pro 5G 8/256GB,5.0,14,jikalaku,Kota Jakarta Pusat,3519000
"vivo V29 5G (12+8GB Extended RAM/512GB ROM) - 50MP OIS Ultra-Sensing Camera, Aura Light Portrait, 80W FlashCharge",5.0,13,vivo,Kab. Tangerang,6499000
INFINIX NOTE 40 PRO 5G (8GB+256GB) - GARANSI RESMI,4.857142857142857,14,Duniagadgetku,Kota Jakarta Barat,3549000
Xiaomi Redmi Note 11 Pro 5G 8/128GB - Snapdragon 695 - Triple Camera 108MP - Baterai 5000mAh Fast Charging 67W - Garansi Resmi,4.935483870967742,31,Gundala store,Kota Jakarta Pusat,2830000
Infinix Hot 40 pro NFC 12GB/256GB Garansi Resmi - Grandivo,4.8,10,Grandivoo,Kab. Sidoarjo,2158000
VIVO Y100 5G (8GB+128GB) (8GB+256GB) - GARANSI RESMI,5.0,3,Duniagadgetku,Kota Jakarta Barat,3375000
SAMSUNG GALAXY A05 4/64 & 4/128 & 6/128 NEW GARANSI RESMI,4.9743589743589745,39,J3 ID,Kota Medan,1429000
Oppo A60 8/128GB & 8/256GB Snapdragon 680 Garansi Resmi OPPO,,,EVOGAD,Kota Jakarta Barat,2483000
"HP OPPO A58 (NFC) TERBARU RAM ( 8+8 16GB+128GB ) ,DUAL CAM 50MP ,5000MAH, 33W SUPER VOOC ,DUAL STEREO SPEKER ,GARANSI RESMI OPPO",5.0,9,Riawan_shop88,Kab. Bogor,1545000
Realme 12 5G 8/256GB - Garansi Resmi 1 Tahun,,,Bintang Timur Selindo,Kota Jakarta Barat,3290000
Infinix Hot 40 Pro 8/256GB Garansi Resmi,,,SMS Shop Online,Kota Semarang,2443000
TECNO SPARK 20C NFC Ram 16GB (8GB+8GB) / 128GB - Garansi Resmi,5.0,1,NISFU GADGET,Kab. Sidoarjo,1499000
OPPO A38 RAM 4GB / 128GB - 33W Fast Charging -  Garansi resmi,,,NISFU GADGET,Kab. Sidoarjo,1699000
SAMSUNG A14 NFC ram 6+128 GB  GRATIS TRAVEL ADAPTOR  GARANSI RESMI 1 TAHUN,5.0,35,Leon_cell99,Kab. Bogor,2295000
XIAOMI REDMI NOTE 11 PRO 5G SMARTPHONE RAM 8/128 GB - Atlantic Blue,,,UFO ELEKTRONIKA DAN FURNITURE,Kota Surabaya,3925000
Xiaomi Redmi A3 4/128GB Garansi Resmi Xiaomi Indonesia TAM,,,Honchi Celuller,Kota Tangerang,999000
INFINIX HOT 30 PLAY RAM 4/64 GB GARANSI RESMI BISA KREDIVO / PAYLATER,,,ardyzhn,Kota Surabaya,1395000
handphone / smartphone vivo Y27 (Y 27) ram 6/128 [6gb 128gb] 50MP - garansi resmi,,,Wahana Komunikasi,Kota Jakarta Timur,1950000
VIVO Y100 5G NFC 8/256GB 8/128GB (+8GB EXTENDED RAM) GARANSI RESMI,,,Zabeela Store,Kota Bandung,3740000
VIVO V29 5G RAM 8GB+8GB / 256GB | SNAPDROGON 778G 5G | BERGARANSI RESMI,5.0,1,NISFU GADGET,Kab. Sidoarjo,5999000
VIVO V23E 8/128 GB | GARANSI RESMI,,,Top Cellular Makassar,Kota Makassar,3999000
XIAOMI REDMI 10 2022 6/128,,,Naga Cell Sidareja,Kab. Cilacap,1799000
Samsung Galaxy Z Fold5 Thom Browne Edition,,,jikalaku,Kota Jakarta Pusat,52047000
VIVO Y28 RAM 6/128 GB GARANSI RESMI ORIGINAL  BISA KREDIVO / PAYLATER,,,ardyzhn,Kota Surabaya,2150000
Xiaomi 12 8/256GB - Garansi Resmi,,,Ucell Cempaka,Kota Jakarta Timur,9945000
Samsung Galaxy M31 Ram 6/128 GB (Second Bergaransi),5.0,1,HP SECOND JOSS,Kab. Serang,1699000
INFINIX NOTE 30 PRO RAM 8/256 GB GARANSI RESMI BISA KREDIVO / PAYLATER,,,ardyzhn,Kota Surabaya,2950000
"infinix Hot 40i 8gb/256gb IPS LCD 6,56'' inc New Original Garansi Resmi - NO REPACK",,,TJSTORE Surabaya,Kota Surabaya,1689000
SAMSUNG S24 PLUS 5G 12/256GB - GARANSI RESMI,,,Hapeworld,Kota Banjarmasin,16999000
OPPO A5s Ram 3/32 4/64 GB Murah Fullset Garansi Smartphone Android Main Selfie Camera Dual 13 Single 8 MP Fast Charging Li-ion 4230 mAh Batrai Harga 1 Jutaan,,,Mungil Smartphone,Kota Blitar,1299000
OPPO A37 RAM 3/32 GB,4.769230769230769,13,Pelapak Murah,Kota Bandung,379000
Samsung Galaxy A25 5G 8/128 8/256 8 128 256 GB HP Smartphone Android Original Garansi Resmi Handphone,5.0,16,Original Link,Kota Jakarta Utara,3849000
Handphone oppo a53 ram 4/64 second masih mulus gransi ori indonesia,,,Cantika amanah grup,Kab. Bogor,1430000
Infinix Hot 40 Pro 8/256GB - Up to 16GB Extended RAM - Helio G99,5.0,2,Invens Store,Kota Jakarta Utara,2129000
"OPPO A60 8/128GB 8/256GB 5000mAh Baterai 45W FlashCharge 6,67 inci Garansi Resmi 100% Original",5.0,1,CC  Shop,Kota Jakarta Utara,2562094
XIAOMI REDMI NOTE 13 5G / 4G 8/256 NEW GARANSI RESMI,4.9523809523809526,42,J3 ID,Kota Medan,2449000
OPPO RENO 11F 5G 8/256 NEW GARANSI RESMI,5.0,1,J3 SHOP,Kota Medan,3999000
Infinix Hot 40 Pro Ram 12 Rom 256GB,,,Tiga MutiaraOfficial,Kota Surabaya,2275000
Xiaomi Redmi 13C 6/128 & 8/256 GB Garansi Resmi,,,MetaCore,Kota Bandung,1525000
Vivo V29e V30e 5G 8/256GB 44W FlashCharge 4800mAh Baterai 64 MP Kamera 100% Original Garansi Resmi,5.0,25,XCI,Kota Jakarta Utara,4155000
INFINIX HOT 40i NFC - 16GB / 256GB - 90Hz Display 18W Fast Charge - Baterai 5.000mAh Garansi Resmi,5.0,9,NISFU GADGET,Kab. Sidoarjo,1799000
oppo A38 Ram 6+128 GB garansi resmi oppo 1 tahun (imei terdaftar),5.0,25,JIU_PHONCELL,Kab. Bogor,1445000
Xiaomi Redmi Note 13 Pro 8/256GB Garansi Resmi,,,OBONG CELL,Kota Surabaya,3799000
Xiaomi Redmi Note 13 8/128GB Garansi Resmi,,,hacom store surabaya,Kota Surabaya,2499000
Infinix GT 20 Pro 5G 8/256GB RAM 8 ROM 256 8GB 256GB GT20 Pro 20Pro HP Smartphone Android,,,GalleryGadget Store,Kota Jakarta Pusat,4239000
Vivo Y22 Ram 4/128 GB (Second Bergaransi),,,HP SECOND JOSS,Kab. Serang,1200000
XIAOMI REDMINOTE 12 PRO 5G 8/256,,,Naga Cell Sidareja,Kab. Cilacap,3799000
REDMI 12 RAM 8/256 GB GARANSI RESMI ORIGINAL BISA KREDIVO / PAYLATER,,,ardyzhn,Kota Surabaya,2299000
XIAOMI REDMI NOTE 13 PRO + PLUS 12/512 NEW GARANSI RESMI,,,J3 ID,Kota Medan,6049000
Redmi 8a Pro 2/32 GB & 3/32 GB,,,SURYA HALIM PONSEL,Kota Medan,1719000
Xiaomi Poco X6 5G 12/256 Garansi Resmi,,,INDIGO CELLULER,Kota Jakarta Pusat,3825000
REALME 9 4G [8/128GB] GARANSI RESMI,,,Top Cellular Makassar,Kota Makassar,3599000
Vivo Y100 4G 8/256GB Garansi Resmi,,,Okeshop Official,Kota Jakarta Pusat,3699000
REALME C63 RAM 8/128 GB | REALME C 63 RAM 6/128 GB GARANSI RESMI REALME INDONESIA,,,189 CELL,Kota Jakarta Barat,1249900
infinix note 12i 6/128,,,Naga Cell Sidareja,Kab. Cilacap,2199000
HP OPPO A58 RAM 6GB ROM 128GB,5.0,1,Pelangipelangi Shop,Kab. Bekasi,2399000
"Oppo A98 5G, Android 13, ColorOS 13.1, 8/256GB, Garansi Resmi Oppo Indonesia",5.0,2,EVOGAD,Kota Jakarta Barat,3725000
Samsung Galaxy A70 Ram 8/128 GB (Second Bergaransi),4.2,4,HP SECOND JOSS,Kab. Serang,1650000
Samsung A15 5G Ram 8/256 Super Amoled NFC Cam 50MP Fast Charging GRS RESMI,,,ANDROID CENTRAL CELL,Kota Makassar,3599000
REDMI NOTE 12 Pro 5G RAM 8/256 GB GARANSI RESMI BISA KREDIVO / PAYLATER,,,ardyzhn,Kota Surabaya,4425000
REALME C35 4/64 SECOND FULLSET,,,BERKAT COMPUTER,Kota Jakarta Barat,1500000
OPPO A98 5G Support NFC RAM 8GB/256GB Garansi Resmi - Grandivo,5.0,2,Grandivoo,Kab. Sidoarjo,3999000
XIAOMI REDMI NOTE 11 6/128 ram 6 rom 128 garansi resmi xiaomi imei terdaftar kemenprin BARU & SEGEL,5.0,2,CELLULAR SURABAYA,Kota Surabaya,2280000
Samsung Galaxy A55 5G 12/256GB NFC Garansi Resmi,,,Toko Lasvegas,Kota Surabaya,6899000
Realme 11 NFC 4G 8/256GB Garansi Resmi Realme Indonesia Original,,,Honchi Celuller,Kota Tangerang,2499000
OPPO Reno8 T 5G 8/128GB - Garansi resmi,,,Gundala store,Kota Jakarta Pusat,3450000
Samsung Galaxy Z Fold 5 5G 12/256GB Garansi Resmi SEIN,,,Apollo Gadget Store,Kota Surabaya,23499000
"infinix note 40 pro 8gb/256gb AMOLED 6,78'' inc - New Original Garansi Resmi 1 Tahun - No Repack",,,TJSTORE Surabaya,Kota Surabaya,3269000
Samsung Galaxy S21 Plus 5G Ram 8/256 GB (Second Bergaransi),5.0,1,HP SECOND JOSS,Kab. Serang,5900000
Hp Prince PC 3 Pro Hp Bisa Karaoke 3 SIM Card Bisa Powerbank Baterai 20000mAh,5.0,1,wwponsel_hangtuah,Kota Pekanbaru,400000
SAMSUNG GALAXY A35 5G,,,Diamond Cell,Kota Bandung,4999000
Infinix Zero 30 4G Hp Infinix Zero 30 4G 8/256GB - Up to 16 GB Extended RAM - 120Hz  - 3D Curved  Amoled Screen – 50MP Front Vlog Camera - 45W Super Charge Garansi Resmi,5.0,3,ASK CELL,Kota Cimahi,3099000
Vivo Y03 4/128GB RAM 4GB+4GB ROM 128GB Hp Murah Vivo Terbaru 2024 100% Original Garansi Resmi,4.924242424242424,66,DST HP,Kota Jakarta Utara,1289000
Xiaomi Redmi 12 ram 8/256gb Garansi resmi,5.0,27,Cv.Garden Cell,Kota Kediri,1935000
Tecno pova 5 pro ram 8/256gb garansi resmi,,,Cv.Garden Cell,Kota Kediri,2465000
HP F11 6/128GB SECONDHAND 99 % LIKE A NEW TERJAMIN BERGARANSI DISTRIBUTOR  TERPERCAYA,,,Spark Phonestore,Kota Jakarta Barat,757000
Infinix Note 40 Pro 5G Smartphone 256GB+8GB(UP TO 16GB),,,Invens Store,Kota Jakarta Utara,3799000
OPPO A3S RAM 6/128,4.572519083969466,131,penjual laku aja,Kota Bandung,599000
Samsung Galaxy A05s 6/128 RAM 6 ROM 128 GB 6GB 128GB Smartphone Android HP Handphone,5.0,6,SuperGadget,Kota Jakarta Pusat,2049000
Vivo Y17S 6/128 GB 4/64 GB Garansi Resmi Y17 S Not Y16 Y22 Y27 Y36,4.853932584269663,89,Distributor Ponsel,Kota Jakarta Pusat,1656000
Vivo V29 5G 12/512 GB 8/256 GB Garansi Resmi Not V27 5G V27e v29e,4.857142857142857,7,Distributor Ponsel,Kota Jakarta Pusat,4909000
OPPO A60 8/128 & 8/256 NEW GARANSI RESMI OPPO,4.6,15,J3 SHOP,Kota Medan,2449000
Redmi 12 Ram 8+256GB GARANSI RESMI 1 TAHUN (NEW),4.828571428571428,35,Leon_cell99,Kab. Bogor,1875000
itel IT2173N Dual SIM Feature Phone,,,jikalaku,Kota Jakarta Pusat,174000
【Bisa COD】hp terbaru 2023  IQOO 11 PRO Handphone Asli 7.5Inci 8GB RAM+256GB ROM HD Kamera Dual SIM Dual 5G WiFi Smartphone Siswa Belajar Ponsel dual card dual standby gaming phone hp murah,4.7560975609756095,41,SUNNY MALL-1,Kota Jakarta Barat,1199000
SAMSUNG A15 4G NFC (8GB+128GB) - GARANSI RESMI,5.0,5,Duniagadgetku,Kota Jakarta Barat,2493000
VIVO V30 5G RAM 12/512 GB GARANSI RESMI ORIGINAL BISA KREDIVO / PAYLATTER,,,ardyzhn,Kota Surabaya,6599000
MAXTRON ANTENA P12 BOMBA NEW GARANSI RESMI,,,KSTORE87,Kota Medan,299000
handphone / smartphone Realme C51 (C 51) ram 4/64  4/128 [4gb 64gb / 128gb] NFC garansi resmi,5.0,1,Wahana Komunikasi,Kota Jakarta Timur,1350000
"Oppo A38, 4/128GB (Micro SD 1TB), 5000mAh, 33W SuperVOOC",5.0,1,EVOGAD,Kota Jakarta Barat,1732000
Xiaomi Redmi 4A ram 2 16GB,,,Lucky phonee,Kota Medan,470000
HP REALME NOTE 50 4/68 GARANSI RESMI REALME,,,Star Komsel Store,Kota Makassar,1399000
vivo v23e 8/128,,,Trijaya Cellular ID,Kab. Garut,3100000
Xiaomi Redmi Note 13 Pro 4G 8/256,,,SOLID CELLULAR MEDAN,Kota Medan,3720000
Samsung Galaxy A54 5G 8/128 Garansi Resmi SEIN,,,Gadget Point,Kota Surabaya,5559000
OPPO A38 RAM 4/128GB | 33W SUPERVOOC | Kamera AI 50MP | Layar Sunlight 90Hz | Expansion RAM 4GB,,,I-Store,Kab. Tangerang,1829000
INFINIX GT 10 PRO 8/256GB GARANSI RESMI,,,GALERI NASIONAL,Kota Jakarta Pusat,3975000
SAMSUNG GALAXY NOTE 20 ULTRA 5G - 256GB RAM 12GB - EXYNOS & SNAPDRAGON - Garansi 1 tahun - Original SAMSUNG,5.0,1,RosanShop,Kota Pekanbaru,7990000
Realme 11 4G 8/256GB - Garansi Resmi 1 Tahun,4.666666666666667,3,Bintang Timur Selindo,Kota Jakarta Barat,2899000
OPPO A95 8/128 GARANSI RESMI,,,Arep shop,Kab. Sidoarjo,3500000
Oppo A74 Ram 6GB / 128GB Garansi Resmi,5.0,1,Jagad Phone,Kota Surabaya,3399000
TERLARIS!! SAMSUNG A52S 5G RAM 8/256 GARANSI RESMI SAMSUNG INDONESIA,,,Borneocell88,Kota Bogor,6250000
Hp Pova Neo 3 Ram 8GB Internal 128GB Garansi Resmi,,,wwponsel_hangtuah,Kota Pekanbaru,1999000
Vivo V29 5G RAM 12GB/256GB | 12GB/256GB Garansi Resmi - Grandivo,,,Grandivoo,Kab. Sidoarjo,5999000
Realme 12 Pro+ 5G 8/256GB Garansi Resmi,,,OBONG CELL,Kota Surabaya,5999000
SAMSUNG GALAXY A25 5G 8/128 & 8/256 NEW GARANSI RESMI,,,J3 ID,Kota Medan,4299000
REALME 11 PRO+ 5G 12+12 | 512 GB GARANSI RESMI,5.0,1,mtcsuper 03,Kota Makassar,6899000
HP OPPO A58 8/128 GARANSI RESMI OPPO EXTENDED RAM 16GB,,,Star Komsel Store,Kota Makassar,2699000
OPPO RENO 10 PRO 5G 12/256GB - GARANSI RESMI,,,Hapeworld,Kota Banjarmasin,7999000
Hp Vivo Y100 5G 8/256GB 80W FlashCharge 5000mAh Snapdragon 4 Gen 2 Vivo Terbaru 2024 Garansi Resmi,5.0,66,1stLine,Kota Jakarta Utara,2960513
Samsung a03s ram 4/64 nominus masih mulus fullshet second rasa baru,4.444444444444445,9,Rizky Hawers Cell,Kab. Bogor,1100000
OPPO F9 Ram 6/128 GB Murah Fullset Garansi 1 Minggu Distributor Smartphone Android Main Rear Dual Camera 16 Fast Charging Li-ion 3500 mAh Batrai Harga 1 Jutaan,,,Mungil Smartphone,Kota Blitar,1399000
HP VIVO Y17 RAM 6/128GB  GARANSI 1 TAHUN,,,wincelluler,Kota Jakarta Barat,889000
itel P55 5G 12GB 6+6GB/128GB Garansi Resmi Indonesia,5.0,1,GLOBAL TELESHOP OFFICIAL,Kota Jakarta Pusat,1749000
REDMI 13C RAM 8/256 GB GARANSI 1 TAHUN,,,Light Sun Store,Kota Jakarta Barat,1289000
Sharp Aquos Sense 8 8/256 Resmi Segel,,,vinzflashsale,Kota Jakarta Utara,5197000
[SECOND LIKE NEW] SAMSUNG GALAXY A13 - 6+128 vs 4+128 vs 4+64 GB - RESMI TERMURAH - [BISA COD],4.936619718309859,142,Mentari Cell,Kab. Madiun,1649000
Oppo A98 5G ram 8/256gb Garansi Resmi,,,Cv.Garden Cell,Kota Kediri,4299000
Xiaomi Redmi Note 13 Pro 4G 8/256GB - Garansi Resmi 1 Tahun,,,Bintang Timur Selindo,Kota Jakarta Barat,3685000
Samsung Galaxy A05 6/128GB Garansi Resmi FREE ADAPTER 25watt Original Samsung,4.916666666666667,12,OBONG CELL,Kota Surabaya,1768000
REALME NOTE 50 4/64 & 4/128 NEW GARANSI RESMI,,,KSTORE87,Kota Medan,1250000
OPPO A38 6/128 vs 4/128 - AMOLED 90Hz SUNLIGH DISPLAY - 33W SUPERVOOC,5.0,2,Mentari Cell,Kab. Madiun,1499000
SHARP Aquos V6 3GB 32GB ATAU SHARP Aquos V6 RAM 3GB ROM 32GB,,,METRO GROSIR SELULLER,Kota Cilegon,1799000
Samsung Galaxy A35 ( 8/256 ) Garansi Resmi Sein,5.0,6,initokobudi shop,Kota Jakarta Selatan,4575000
Itel P55 5G 6/128 GB RAM 6GB ROM 128GB Smartphone Android Garansi Resmi,,,GalleryGadget Store,Kota Jakarta Pusat,1575000
Redmi 12C Ram 4/128 GB (Second Bergaransi),,,HP SECOND JOSS,Kab. Serang,888000
NEW Samsung Galaxy A05s 6/128GB Garansi Resmi FREE ADAPTER 25watt Original Samsung,4.833333333333333,6,OBONG CELL,Kota Surabaya,2126800
"Vivo Y28 NFC 6/128 GB, 8/128 GB & 8/256 GB, Mediatek Helio G85, Garansi Resmi VIVO",,,EVOGAD,Kota Jakarta Barat,2164000
SAMSUNG A15 8/128 & 8/256 NEW GARANSI RESMI,,,KSTORE87,Kota Medan,2640000
C.YOUNG Smartphone,,,YUEER STORE,Kota Jakarta Barat,600000
handphone / smartphone vivo Y17s (Y 17s) ram 4/64 4/128 6/128 [4gb 6gb / 64gb 128gb] garansi resmi,,,Wahana Komunikasi,Kota Jakarta Timur,1500000
Realme 12 Pro plus,,,AGUNG CELL TASIKMALAYA,Kota Tasikmalaya,5999000
"Luna V6 6/128GB, Android 12 Fingerprint Garansi Resmi",,,EVOGAD,Kota Jakarta Barat,1410000
[PROMO] HP BARU SAMSUNG A04s RAM 4/64 GB NEW 100% ORI GRS RESMI INDONESIA TERMURAH,,,AMOmart,Kota Medan,1999000
HP REALME C53 6/128 GARANSI RESMI REALME,5.0,1,Star Komsel Store,Kota Makassar,1999000
Samsung Galaxy A03s 3/32GB Garansi Resmi SEIN,5.0,3,Apollo Gadget Store,Kota Surabaya,1599000
HP REDMI NOTE 12 PRO 4G 8/256 NFC GARANSI RESMI XIAOMI,,,Star Komsel Store,Kota Makassar,3799000
Vivo Y100 4G,,,Gudang Cell Tasikmalaya,Kota Tasikmalaya,3399000
SAMSUNG A05S RAM 6GB + 6GB / 128GB | SNAPDRAGON 680 | 50MP | 25W FAST,,,NISFU GADGET,Kab. Sidoarjo,2299000
Hp Infinix Smart 8 Pro Ram 8GB Internal 128GB Garansi Resmi,,,wwponsel_hangtuah,Kota Pekanbaru,1499000
SAMSUNG GALAXY M12 3/32 GB & 4/64 GB GARANSI RESMI,5.0,4,SURYA HALIM PONSEL,Kota Medan,1799000
HP OPPO A77S RAM 8/128GB NEW 100% ORI GRS RESMI OPPO INDONESIA TERMURAH,,,AMOmart,Kota Medan,3499000
HP OPPO RENO 10 5G RAM 8GB ROM 256GB,,,Pelangipelangi Shop,Kab. Bekasi,5999000
Asus Rog Phone 6 8GB/256GB - Garansi Resmi,,,Ucell Cempaka,Kota Jakarta Timur,9299000
Samsung Galaxy S24 Ultra 12/256 12/512 12/1TB RAM 12 ROM 256 512 GB 1TB 12GB 256GB 512GB HP Smartphone Android,,,SuperGadget,Kota Jakarta Pusat,21999000
HP OPPO A58 6/128 GARANSI RESMI OPPO EXTENDED RAM 16GB,,,Star Komsel Store,Kota Makassar,2399000
OPPO A77s 8+8Gb/128Gb GARANSI RESMI,,,RJcell ,Kota Surabaya,2699000
OPPO A17 4/64 GARANSI RESMI,,,Jagad Phone,Kota Surabaya,1925000
Realme C55 8/256GB 6/128GB Garansi Resmi Realme Indonesia Original,,,Honchi Celuller,Kota Tangerang,1999000
"【Produk Baru HP】Ponsel Pintar Baru Phone i14 Pro Max 7,5 inch HD Ponsel asli resmi Kamera Ponsel Android RAM 16GB + ROM 512GB Siswa Belajar Ponsel dual card dual standby gaming phone hp murah Baru Asli Smartphone",4.764705882352941,85,Smart Phone Sale,Kota Jakarta Utara,1040000
XIAOMI REDMI A2 RAM 3GB ROM 32GB KAMERA 8MP TERMURAH BISA COD,5.0,6,Mentari Cell,Kab. Madiun,924000
Handphone Samsung a12 Ram 4/128 Second masih mulus garansi resmi ORI Indonesia,5.0,1,Cantika amanah grup,Kab. Bogor,1650000
Infinix Hot 30i Ram 8/128 masih mulus ori kumplit,,,CANTIKA AMANAH CELULLER,Kab. Bogor,1550000
Oppo A58 NFC second masih mulus ori resmi di buat di Indonesia,,,CANTIKA AMANAH CELULLER,Kab. Bogor,2145000
Oppo Reno 7z 5G 8/128 fulset rasa baru garansi resmi ori,,,CANTIKA AMANAH CELULLER,Kab. Bogor,3100000
Hp Oppo A60 NFC Ram 8GB Internal 128GB Garansi Resmi,,,wwponsel_hangtuah,Kota Pekanbaru,2599000
ITEL A70 4/256 & 4/128 & 4/64 NEW GARANSI RESMI,4.851063829787234,94,J3 SHOP,Kota Medan,1119000
VIVO Y17S RAM 6/128 GB | VIVO Y 17S RAM 4/64 GB GARANSI RESMI VIVO,4.962962962962963,27,189 CELL,Kota Jakarta Barat,1099900
"vivo Y17s 6/128GB Dual Camera 50MP, IP54 Splash Waterproof - Garansi resmi",5.0,2,Gundala store,Kota Jakarta Pusat,1585000
OPPO F1S RAM 4/64 GB,4.648648648648648,148,berkah amanah shops,Kota Bandung,449000
REALME C67 (8GB+128GB) - GARANSI RESMI,4.857142857142857,14,Duniagadgetku,Kota Jakarta Barat,2199000
Xiaomi Redmi A3 4/128GB Garansi Resmi,5.0,4,OBONG CELL,Kota Surabaya,1199000
INFINIX GT 20 PRO 5G 8/256 NEW GARANSI RESMI,,,J3 SHOP,Kota Medan,4329000
Vivo Y17s 4/64GB | Vivo Y17s 6/128GB Mediatek Helio G85 Garansi Resmi Vivo Indonesia 1 Tahun,5.0,2,EVOGAD,Kota Jakarta Barat,1449000
itel A70 ROM 64/128/256GB - 13MP Super HDR Camera Garansi Resmi Itel Indonesia,5.0,2,Zabeela Store,Kota Bandung,1149000
itel A70 4+8/256gb Garansi resmi New,,,Galeri-Hp 040595,Kota Jakarta Pusat,1299000
VIVO Y100 4G RAM 8/256 GB | VIVO Y 100 4G RAM 8/128 GB GARANSI RESMI,,,189 CELL,Kota Jakarta Barat,1799900
REDMI NOTE 13 5G 8/256 GARANSI RESMI,,,mtcsuper 03,Kota Makassar,3249000
Realme C65 8/128GB Garansi Resmi Indonesia,,,Apollo Gadget Store,Kota Surabaya,2399000
HP REDMI 12 8/128 GARANSI RESMI XIAOMI INDONESIA HELIO G88,,,Star Komsel Store,Kota Makassar,2019000
Xiaomi Poco C65 Garansi Resmi,,,GorillaTech Store,Kota Jakarta Barat,1652400
Xiaomi Redmi Note 13 5G | Tiga kamera 108 MP super jernih Layar 120 Hz FHD+ AMOLED Prosesor MediaTek Dimensity 6080,,,NISFU GADGET,Kab. Sidoarjo,2399000
Vivo Y35 8/128GB Garansi Resmi Indonesia,,,Apollo Gadget Store,Kota Surabaya,3299000
VIVO Y21S [4/128 GB] GARANSI RESMI,,,Top Cellular Makassar,Kota Makassar,2549000
SAMSUNG GALAXY S10 SNAPDRAGON - 128GB - RAM 8GB - 16MP - BNIB - Original Samsung,,,RosanShop,Kota Pekanbaru,4690000
OPPO RENO 8Z 5G 8/256 FULLSET GARANSI RESMI SECOND,,,BERKAT COMPUTER,Kota Jakarta Barat,3900000
Vivo Y02 3/32GB [Garansi Resmi Vivo Indonesia],,,Planetgadget Store,Kota Jakarta Timur,1399000
Samsung Galaxy A15 8/128GB - Blue Black,,,NISFU GADGET,Kab. Sidoarjo,2700000
Samsung Galaxy Z Fold 5 5G 12/512GB Garansi Resmi SEIN,,,Apollo Gadget Store,Kota Surabaya,24999000
Tecno Camon 20 Pro 5G - 8GB/256GB,,,Komunika Sell,Kota Jakarta Selatan,3830000
HP OPPO A78 4G 8/256 GARANSI RESMI OPPO,,,Star Komsel Store,Kota Makassar,3399000
Xiaomi 11T Pro 5G Ram 12/256 GB (Second Bergaransi),4.5,2,HP SECOND JOSS,Kab. Serang,3800000
[COD] Original i14 Pro hp murah 4G/5G SmartPhone 6.1 inci handphone 6800mAh (8GB/256GB) RAM HD Kamera Dual SIM Dual WiFi gaming phone Android hp phone,,,SUNNY MALL-1,Kota Jakarta Barat,1099000
Oppo Reno 8T 5G 8/128GB Garansi Resmi Indonesia,,,Apollo Gadget Store,Kota Surabaya,5999000
Smartphone SAMSUNG GALAXY Z FLIP 4 8/256GB NEW GARANSI RESMI,,,hacom store surabaya,Kota Surabaya,10999000
POCO F4 8/256 GB GARANSI RESMI,,,SURYA HALIM PONSEL,Kota Medan,5699000
Realme C65 4G - 8GB/256GB,,,Komunika Sell,Kota Jakarta Selatan,2770000
OPPO Reno 11F 5G RAM 8/256GB Garansi Resmi,,,Raja Ponsel Bandung,Kota Bandung,4399000
SAMSUNG S24 5G 8/256GB - GARANSI RESMI,,,Hapeworld,Kota Banjarmasin,13999000
Hp Samsung Zold 5 Ram 12GB Internal 1TB Garansi Resmi,,,wwponsel_hangtuah,Kota Pekanbaru,29999000
Infinix Smart 8 4/128 GB 3/64 GB Garansi Resmi,4.91044776119403,67,Distributor Ponsel,Kota Jakarta Pusat,1117000
"Samsung Galaxy M54 5G 8/256GB l Camera 108 MP l 6000mAh 25W Super Fast Charging l  6,7 inch super AMOLED+ Display l",4.922077922077922,77,Samsung,Kota Depok,4499000
"[PROMO] OPPO A57 4GB/64GB [5000mAh, 33W SuperVOOC, RAM Expansion, Ultra-Linear Stereo Speaker, OPPO Glow]",4.733333333333333,30,Mentari Cell,Kab. Madiun,1349000
"Redmi A1 2022 - Black, PROMO 2/32GB free gif",5.0,1,BERKAT COMPUTER,Kota Jakarta Barat,850000
Hp Poco M4 Pro Ram 6GB Internal 128GB Garansi Resmi,,,wwponsel_hangtuah,Kota Pekanbaru,2999000
Hp Realme C51S Ram 6GB Internal 128GB Garansi Resmi,,,wwponsel_hangtuah,Kota Pekanbaru,1899000
REALME NOTE 50 RAM 4+4/128GB GARANSI RESMI,,,Sinar Cemerlang Jaya 88,Kota Palembang,1230000
Samsung Galaxy Tab S9 FE Plus (Wifi) ram 8/128gb Garansi Resmi,,,Cv.Garden Cell,Kota Kediri,8155000
Infinix Note 40 8/256 GB Garansi Resmi,,,antaboga phone,Kota Bandung,2800000
"HP SAMSUNG A05 RAM 6GB+6GB /128GB HELIO G85 CAM  50MP, BATRAI 5000MAH, GARANSI RESMI 1TAHUN",5.0,15,Riawan_shop88,Kab. Bogor,1385000
OPPO A18 4/128 NEW GARANSI RESMI,,,KSTORE87,Kota Medan,1410000
MAXTRON S10 PLAY 2 8 GARANSI RESMI / MAXTRON S10 PLAY RAM 2GB ROM 8GB,,,METRO GROSIR SELULLER,Kota Cilegon,719000
REALME C53 NFC 6/128 | C33 4/128 | C30S 4/64 GARANSI RESMI REALME INDONESIA,5.0,7,189 CELL,Kota Jakarta Barat,1299900
INFINIX HOT 40I 8/256 NEW GARANSI RESMI,,,KSTORE87,Kota Medan,1650000
Vivo Y16 Ram 4/128 GB (Second Bergaransi),,,HP SECOND JOSS,Kab. Serang,950000
Samsung Galaxy A35 5G 8/128 8/256 GB 8GB 128GB 256GB Garansi Resmi SEIN HP Android,5.0,1,GalleryGadget Store,Kota Jakarta Pusat,4999000
"Oppo A98 5G [8GB/256GB] Expansion RAM 8GB - Snapdragon 695 5G - 64MP Triple Camera - 6.72"" IPS LCD - Li-Po 50000mAh Garansi Resmi 1 Tahun",,,Penabur,Kab. Bekasi,3523000
SAMSUNG A05 RAM 6GB / 128GB -  CAMERA 50 MP - HELIO G85 - GARANSI RESMI,,,NISFU GADGET,Kab. Sidoarjo,1499000
Realme 10 8/256GB NEW Garansi Resmi,,,OBONG CELL,Kota Surabaya,3399000
VIVO V30 PRO 12/512 NEW GARANSI RESMI,,,KSTORE87,Kota Medan,8150000
TECNO SPARK 20 PRO (12GB+256GB) - GARANSI RESMI,,,Duniagadgetku,Kota Jakarta Barat,2415000
"Tecno Camon 20 Pro 8/256GB | Android 13, Helio G99 | Garansi Resmi",4.4,5,EVOGAD,Kota Jakarta Barat,2568000
oppo A18 ram 4+128 GB helio g85 batrai 5000 mah garansi resmi 1 tahun,5.0,7,Leon_cell99,Kab. Bogor,1395000
Realme Note 50 4/128GB Garansi Resmi Indonesia,,,Apollo Gadget Store,Kota Surabaya,1549000
"Tecno Camon 20 Pro 8/256GB 6,67 Inch Garansi Resmi",,,ANDALAS CELLULAR,Kota Balikpapan,3099000
VIVO V27 5G RAM 8GB EXTENDED 8GB ROM 256GB GARANSI RESMI BISA PAYLATTER,,,Jagad Phone,Kota Surabaya,5725000
Samsung Galaxy Z Flip5 5G | Z Flip 5 5G Android 13 Garansi Resmi,,,EVOGAD,Kota Jakarta Barat,15753000
Samsung Galaxy Z Fold 5 5G 12/256 12/512 12/1TB RAM 12 ROM 256 512 12GB 256GB 512GB 1TB HP Fold5 ZFold5 HP Smartphone Android Handphone,,,SuperGadget,Kota Jakarta Pusat,26999000
VIVO Y28 6/128 NEW GARANSI RESMI,,,KSTORE87,Kota Medan,2125000
Vivo V29e 5G 8/256GB [Garansi Resmi Vivo Indonesia],,,Planetgadget Store,Kota Jakarta Timur,4399000
ASUS ROG PHONE 5S 12/256GB (BARU BUKAN SECOND / REKONDISI),,,DiamondCell,Kota Jakarta Barat,8325000
Samsung Galaxy A05 6/128GB Garansi Resmi,,,BandarHpNusantara,Kota Jakarta Utara,1899000
Samsung Galaxy A14 5G Garansi Resmi,,,Istana 928 Ponsel,Kota Balikpapan,2999000
VIVO V29 5G 12/512GB 8/256GB Garansi Resmi VIVO Indonesia,,,Honchi Celuller,Kota Tangerang,5999000
Oppo Reno 8 Z 5G 8/256GB Garansi Resmi Indonesia,,,Apollo Gadget Store,Kota Surabaya,5999000
Samsung Galaxy M33 5G Ram 8GB/128GB  6GB/128GB Garansi Resmi - Grandivo,5.0,1,Grandivoo,Kab. Sidoarjo,3206000
OPPO Find N2 Flip 8GB/256GB - GARANSI RESMI,,,Maju hardware Online Shop,Kota Madiun,13499000
Samsung Galaxy Z Fold5 5G Smartphone lipat 12GB RAM 256GB l Handphone AI |Android dual sim lFree Youtube Premium 4 bulan,5.0,1,Samsung,Kota Depok,24999000
Zero 30 4G 8/256 Garansi Resmi,,,Galeri-Hp 040595,Kota Jakarta Pusat,2899000
SAMSUNG GALAXY A52S RAM 8/128 GB GARANSI RESMI,,,AFFORDGADGET,Kota Jakarta Utara,4999999
VIVO Y100 4G 5G 8 128 8 256 GB RAM 8GB 256GB 128GB,5.0,2,Original Link,Kota Jakarta Utara,2819000
Xiaomi Redmi 5 Plus 3/32Gb Bergaransi 1 Tahun,5.0,2,My Phone Shop,Kota Jakarta Pusat,660000
"Samsung Galaxy A05 RAM 6GB INTERNAL 128GB 50MP Camera, Helio G85 Garansi Resmi",5.0,3,ASK CELL,Kota Cimahi,1499000
Samsung galaxy a15 5G ram 8/256gb garansi resmi,,,Cv.Garden Cell,Kota Kediri,3220000
ITEL A70 4/64 & 4/128 NEW GARANSI RESMI,5.0,1,KSTORE87,Kota Medan,1070000
XIAOMI REDMI NOTE 13 5G / 4G 8/256 NEW GARANSI RESMI,4.864406779661017,59,J3 SHOP,Kota Medan,2449000
Hp Vivo Y28 Ram 6GB Internakl 128GB Garansi Resmi,,,wwponsel_hangtuah,Kota Pekanbaru,2399000
VIVO Y36 5G RAM 8 ROM 256 - NFC MULTIFUNCTIONS - 44W FLASH CHARGE,,,Mentari Cell,Kab. Madiun,2399000
Infinix Zero 8 8/128GB Garansi Resmi,,,Dailytek,Kota Jakarta Barat,3249000
"vivo V29 5G (8+8GB Extended RAM/256GB ROM) - 50MP OIS Ultra-Sensing Camera, Aura Light Portrait, 80W FlashCharge",4.947368421052632,19,vivo,Kab. Tangerang,5499000
[BEST SELLER] HP VIVO Y16 RAM 8GB/256GB  & Y56 5G RAM 8/256GB Glow Design ORI  Camera Garansi 12 Bulan COD,4.894736842105263,19,3SHOP6,Kota Jakarta Barat,1978000
XIAOMI REDMI 13C 8/256 NEW GARANSI RESMI,5.0,2,KSTORE87,Kota Medan,1740000
Vivo Y17s RAM 6 ROM 128 - 5000mAh Battery - Helio G85 Gaming Processor - 50MP 1080P TERMURAH,,,Mentari Cell,Kab. Madiun,1549000
Tecno Spark 20 Pro 12/256 GB Garansi Resmi,,,MetaCore,Kota Bandung,2410000
NOKIA 105 2023 LEIDA NEW GARANSI RESMI,,,KSTORE87,Kota Medan,279000
REALME C53 6/128 NFC | REALME C 53 6/128 | REALME C33 4/128 GARANSI RESMI REALME INDONESIA,,,Grandstore Cell,Kota Jakarta Barat,1409000
Tecno Pova 5 Pro 5G 8/256 GB Garansi Resmi,,,antaboga phone,Kota Bandung,2485000
Samsung Galaxy M33 5G 8/128 Garansi Resmi SEIN new,,,HAMDALAH99,Kota Surabaya,3449000
redmi note 9 4/64 second,3.0,2,Trijaya Cellular ID,Kab. Garut,1100000
virgie cell Huawei nova 5t agustus istimewa super,,,virgie cell,Kota Bandung,3750000
samsung m12 4/64 second,5.0,1,Trijaya Cellular ID,Kab. Garut,1100000
OPPO A58 NFC 6/128 | 8/128GB  GARANSI RESMI,,,mtcsuper 03,Kota Makassar,2399000
OPPO Find N2 Flip 5G 12/256GB 5G Handphone Dimensity9000 Garansi 1Tahun,,,EVOGAD,Kota Jakarta Barat,11476000
Xiaomi Redmi Note 12 Pro 5G 8+5/256GB,,,Gudang Cell Tasikmalaya,Kota Tasikmalaya,3999000
Samsung A13 4/128Gb Garansi Resmi,,,Dbest Cell,Kota Jambi,2499000
REALME 12+ 5G RAM 8/256 GB & 12/512 GB GARANSI RESMI NASIONAL,,,indahponseltamora,Kab. Deli Serdang,3839000
Realme 10 Ram 8/256 GB (Second Bergaransi),5.0,2,HP SECOND JOSS,Kab. Serang,1900000
oppo A54 4/128 second,5.0,1,Trijaya Cellular ID,Kab. Garut,1700000
HP SAMSUNG A05s 6/128 GARANSI RESMI SAMSUNG (GARANSI SOFTWARE GRATIS),5.0,3,Star Komsel Store,Kota Makassar,2299000
"OPPO A38 128GB SUPER VOOC, CAM 50MP,  BAT 5000MAH, GRS RESMI",,,ANDROID CENTRAL CELL,Kota Makassar,1899000
[PROMO 6.6] Infinix Note 40 8/256GB [8GB+8GB] - Garansi Resmi,,,Complete.Selular,Kab. Cirebon,3799000
Vivo T1 5G 8/256GB 8/128GB Garansi Resmi Vivo Indonesia,,,Honchi Celuller,Kota Tangerang,2999000
(FREE BAJU+HF) XIAOMI POCO F4 GT 5G 12/256 GARANSI RESMI,,,Hokky Cell Makassar,Kota Makassar,8999000
OPPO RENO 8Z RAM 8/256 GB GARANSI RESMI ORIGINAL BISA KREDIVO / PAYLATER,,,ardyzhn,Kota Surabaya,5250000
OPPO RENO 8 8/256GB GARANSI FULLSET SECOND LIKE NEW,,,BERKAT COMPUTER,Kota Jakarta Barat,3400000
REDMI NOTE 11 PRO 5G 8/128 GB GARANSI RESMI,,,SURYA HALIM PONSEL,Kota Medan,3899000
VIVO V29 5G 12/512GB Garansi Resmi Indonesia,,,Apollo Gadget Store,Kota Surabaya,6999000
SAMSUNG GALAXY S21+ / S21 Plus 5G SNAPDRAGON - 256gb & 128GB BNIB Original Samsung,3.0,2,RosanShop,Kota Pekanbaru,7590000
"[FREE MINI BAG] TECNO PHANTOM V Flip 5G - 8+8GB*+256GB, 64MP Ultra-clear Cam, 120Hz Screen, 4000mAh+45W Flash Charging, NFC, The Planet Cover Screen, 32MP Dual-flash Selfie, Android 13, Garansi 12+1 Bulan",5.0,1,TECNO,Kota Jakarta Utara,8999999
Xiaomi redmi 4x ram 2gb 3gb 4gb bergaransi,5.0,1,pugar cell ,Kota Jakarta Barat,429000
Realme c31 ram 4/64 masih mulus nominus ori garansi resmi Indonesia,5.0,5,CANTIKA AMANAH CELULLER,Kab. Bogor,1389000
Oppo a57 Nominus masih mulus fulset ori,5.0,15,CANTIKA AMANAH CELULLER,Kab. Bogor,1950000
Samsung A10S Ram 2/32 second Rasa baru,4.75,12,Rizky Hawers Cell,Kab. Bogor,850000
Itel P55 (4G) ram 8/128gb Garansi Resmi,5.0,5,Cv.Garden Cell,Kota Kediri,1260000
Vivo V30e 5G 8/256GB RAM 8GB+8GB ROM 256GB 5500mAh 100% Original Vivo Terbaru 2024 Garansi Resmi,,,VinsonTK,Kota Jakarta Utara,3949000
redmi 12 Baru gransi resmi,,,Cantika amanah grup,Kab. Bogor,2700000
SMARTPHONE Y20S RAM 6/128GB 8/256GB FULLSET GARANSI 1 TAHUN,4.75,4,Best Phone,Kota Jakarta Barat,857000
Xiaomi Redmi Note 13 Pro 5G Ram 8 Rom 256GB,,,Tiga MutiaraOfficial,Kota Surabaya,4399000
Xiaomi Redmi Note 11 Pro 5G Ram 8 Rom 128GB,,,Tiga MutiaraOfficial,Kota Surabaya,2949000
Oppo A18 4/128GB - Garansi Resmi 1 Tahun,5.0,5,Bintang Timur Selindo,Kota Jakarta Barat,1433000
INFINIX GT 20 PRO 5G 8/256 NEW GARANSI RESMI,,,J3 ID,Kota Medan,4329000
Vivo Y17s RAM/ROM 4/128 - 5000mAh Battery - Helio G85 Gaming Processor - 50MP 1080P TERMURAH,,,Mentari Cell,Kab. Madiun,1399000
Vivo V30e 5G ROM 256GB Original 44W FlashCharge Snapdragon 6 Gen 1 Vivo terbaru 2024 Garansi Resmi,4.826086956521739,23,DST HP,Kota Jakarta Utara,4155000
Vivo Y17S 6GB+128GB Garansi Resmi 1 Tahun,5.0,4,DiamondCell,Kota Jakarta Barat,1511000
OPPO A77s RAM 8/128GB | 50MP CAM | 33W SUPERVOOC l 5000mAh | TERBARU l BISA CICILAN & COD,4.862068965517241,29,I-Store,Kab. Tangerang,3179000
Oppo A18 Ram 4/128gGB Garansi Resmi,,,Cv.Garden Cell,Kota Kediri,1499000
Samsung Galaxy A25 5G 8/256GB Garansi Resmi,4.705882352941177,10,OBONG CELL,Kota Surabaya,4179760
Xiaomi Redmi 12 8GB/128GB MediaTek Helio G88 Garansi Resmi,,,Toko Lasvegas,Kota Surabaya,1799000
Tecno Spark 10 [NFC] [8GB+128GB] Garansi Resmi 1 Tahun,,,DiamondCell,Kota Jakarta Barat,1509000
Vivo iQoo Z7 5G RAM 12/256GB Garansi Resmi,,,DF Phone,Kota Tegal,3899000
hp vivo y35 ram 8gb 128gb garansi resmi 1 tahun,,,Gadgetstoreofc,Kab. Bojonegoro,3175000
samsung A13 6/128 new/ baru,,,Trijaya Cellular ID,Kab. Garut,2500000
SAMSUNG GALAXY NOTE 20 5G - 128GB SNAPDRAGON - Garansi 1 tahun - Original SAMSUNG,,,RosanShop,Kota Pekanbaru,6290000
SAMSUNG A25 5G 8/128 & 8/256 NEW GARANSI RESMI,,,KSTORE87,Kota Medan,3999000
HP REDMI 12 8/256 GARANSI RESMI XIAOMI INDONESIA HELIO G88,,,Star Komsel Store,Kota Makassar,2219000
infinix note 40 4G 8gb/256gb NFC AMOLED 6.78'' inc New Original Garansi Resmi - NO REPACK,5.0,1,TJSTORE Surabaya,Kota Surabaya,2799000
Samsung Galaxy A04S Garansi Resmi,,,Istana 928 Ponsel,Kota Balikpapan,1899000
OPPO A18 RAM 4GB/128GB GARANSI RESMI NASIONAL,,,indahponseltamora,Kab. Deli Serdang,1573000
OPPO A55 4/64GB | GARANSI RESMI,,,Top Cellular Makassar,Kota Makassar,2699000
Realme Note 50 - 4GB/64GB,,,Komunika Sell,Kota Jakarta Selatan,1380000
REDMI NOTE 13 PRO 8/256 SERIES BERGARANSI,,,WIRAFONE KEDIRI,Kota Kediri,3799000
REALME GT MASTER EDITION 5G 8/128GB (NFC) GARANSI RESMI,5.0,1,Studio Gadget Jkt,Kota Jakarta Utara,4999000
VIVO V29 5G RAM 8+8/256 GB GARANSI RESMI 1 TAHUN BISA KREDIVO / PAYLATER,,,ardyzhn,Kota Surabaya,5795000
【Aurora888】Vivo Y21s RAM 6GB+128GB 18W FastCharge 6.51 inches 4G 5000mAh,5.0,1,Aurora888,Kota Jakarta Barat,1280000
Samsung Galaxy Note 9 Ram 6/128 GB (Second Bergaransi),5.0,1,HP SECOND JOSS,Kab. Serang,2699000
redmi note 12 pro 5G 8/256,,,Naga Cell Sidareja,Kab. Cilacap,4399000
virgie cell Huawei p50 kondisi terbaik alias spt baru pemakaian baru 1 bulan,,,virgie cell,Kota Bandung,12750000
SAMSUNG GALAXY S22 5G 128gb 256gb Garansi Resmi 100% ORI,,,GadgetOn Cell,Kota Bandar Lampung,12999000
Asus Zenfone 4 Selfie Pro 64GB ZD552KL Garansi Resmi,,,PD Kenari Mas,Kota Bandar Lampung,1500888
VIVO Y19 Ram 8/256GB / Full Set /COD /Bayar di Tempat,5.0,7,Moon Phonestore,Kota Jakarta Barat,735000
Vivo Y12 ram 3 32 nominus masih mulus fullshet second rasa baru garansi resmi Indonesia,4.0,9,Rizky Hawers Cell,Kab. Bogor,990000
realme Narzo 50 4GB+64GB [MediaTek Helio G96 Gaming Processor | 120Hz Ultra SMooth Display | 33W Dart Charge | 5000mAh Massive Battery | 50MP AI Triple Camera],4.97459584295612,1732,realme,Kota Depok,2099000
[PROMO] Infinix Hot 40i 8/256GB Fulset Murah Istimewa Like-NEW,5.0,1,GadgetXCom,Kota Jakarta Barat,1764582
Itel A70 Ram 4/128Gb Garansi Resmi,5.0,6,Cv.Garden Cell,Kota Kediri,1125000
Infinix Smart 8 3/64GB,5.0,1,Gudang Cell Tasikmalaya,Kota Tasikmalaya,1199000
Tecno Camon 20 Pro ( Ram 8GB + Rom 256GB ) Garansi Resmi,,,Bejana,Kota Jakarta Pusat,2695000
XIAOMI REDMI NOTE 5 6/64GB GARANSI 1 TAHUN,,,My Phone Shop,Kota Jakarta Pusat,935000
Oppo Reno10 5G 8/256GB NFC 67W SUPERVOOC 32MP Kamera OPPO Reno 10 5G Terbaru 2023 Garansi Resmi,5.0,3,1stLine,Kota Jakarta Utara,4499000
xiaomi redmi note 13 5g ram 8/256 garansi resmi,,,Cv.Garden Cell,Kota Kediri,2890000
"HP ITEL TERBARU S23+ RAM 16GB + 256GB ,NFC , 18W CHARGER,LAYAR AMOLED ,CAM 50MP ,ANDROID 13 ,GARANSI RESMI 1TAHUN DAN TERDAFTAR DIKEMENTRIAN",5.0,11,Riawan_shop88,Kab. Bogor,2285000
Xiaomi Redmi 13C (8/256 6/128) Garansi Resmi,5.0,3,initokobudi shop,Kota Jakarta Selatan,1485000
"[NEW] iQOO Z9x Snapdragon 6 Gen 1 4nm (ANTUTU 570,456+), 6000 mAH, 1000 nits 120hz eye-care display, Dual Stereo Speaker",5.0,3,vivo,Kab. Tangerang,2999000
poco x3 nfc 6/64 second,4.666666666666667,6,Trijaya Cellular ID,Kab. Garut,1800000
XIAOMI REDMI NOTE 13 PRO + PLUS 12/512 NEW GARANSI RESMI,,,J3 SHOP,Kota Medan,6049000
Sharp Aquos V6 Handphone 3GB/32GB (SHC03),,,UFO ELEKTRONIKA DAN FURNITURE,Kota Surabaya,1050000
Samsung Galaxy A35 5G RAM 8/128GB Garansi Resmi,,,Raja Ponsel Bandung,Kota Bandung,4699000
Samsung Galaxy A50 Ram 6/128 GB (Second Bergaransi),4.428571428571429,7,HP SECOND JOSS,Kab. Serang,1250000
OPPO A58 6/128GB Garansi Resmi,5.0,2,Alibabastore.id,Kota Malang,2399000
"Y03 (4+4/128) - IP54 Tahan Air, 3 Tahun Proteksi Baterai, Layar Sunlight 90Hz, Al Dual",,,NISFU GADGET,Kab. Sidoarjo,1399000
Samsung Galaxy A14 5G Ram 6/128 GB (Second Bergaransi),,,HP SECOND JOSS,Kab. Serang,1950000
samsung A21s 6/64,,,Trijaya Cellular ID,Kab. Garut,1350000
Samsung Galaxy A20s Ram 4/64 GB (Second Bergaransi),4.333333333333333,3,HP SECOND JOSS,Kab. Serang,895000
Samsung Galaxy S23 FE,,,jikalaku,Kota Jakarta Pusat,7007000
SAMSUNG GALAXY A05 RAM (4/64GB) | (4/128GB) | (6/128GB) SMARTPHONE GARANSI RESMI,5.0,1,UFO ELEKTRONIKA DAN FURNITURE,Kota Surabaya,1348000
Samsung Galaxy S23 Ultra 5G Smartphone (12/256Gb) Garansi Resmi,,,GLOBAL TELESHOP OFFICIAL,Kota Jakarta Pusat,17999000
Samsung Galaxy A55 5G Handphone Garansi Resmi,,,UFO ELEKTRONIKA DAN FURNITURE,Kota Surabaya,5999000
"TECNO SPARK 20 Pro+ Plus NFC 8/256GB Garansi Resmi, 3D Curved 6,78"" AMOLED FHD+ 120Hz Helio G99 Gaming",,,Adiwerna DevStore,Kab. Tegal,2620000
POCO F3 6/128 GB GARANSI RESMI,,,SURYA HALIM PONSEL,Kota Medan,4949000
Phone 14 Plus RAM 512GB  256GB  128GB Garansi Resmi - Grandivo,,,Grandivoo,Kab. Sidoarjo,15967070
"Samsung A25 5G SUPER AMOLED, NFC, CAM 50MP, FAST CHARGING, GARANSI RESMI",,,ANDROID CENTRAL CELL,Kota Makassar,3999000
Samsung Galaxy M30 Ram 4/64 GB (Second Bergaransi),,,HP SECOND JOSS,Kab. Serang,1150000
ONEPLUS 10 PRO 5G - 512Gb & 256Gb & 128GB - BNIB - ORIGINAL - 256gb ram 12gb,,,RosanShop,Kota Pekanbaru,12850000
Xiaomi Redmi Note 13 Pro+ 5G 12/512GB Garansi Resmi Xiaomi Indonesia TAM,,,Honchi Celuller,Kota Tangerang,3799000
"Oppo Reno 10 5G 8/256GB | Mediatek MT6877V, Android 13 | Garansi Resmi",,,EVOGAD,Kota Jakarta Barat,5258000
XIAOMI NOTE 12 PRO/XIAOMI 12 4G/5G - 6/128 & 8/256 - FULLSET - SECOND,2.0,2,BERKAT COMPUTER,Kota Jakarta Barat,2200000
REALME 11 RAM 8/256 NFC | REALME11 8/256 4G GARANSI RESMI,,,189 CELL,Kota Jakarta Barat,2119900
OPPO,,,D2shop,Kota Makassar,3999000
OPPO A60 RAM 8/256 GB GARANSI RESMI ORIGINAL BISA KREDIVO / PAYLATER,,,ardyzhn,Kota Surabaya,2999000
Xiaomi Mi10T Mi 10T Pro 5G Ram 8GB Rom 256GB Resmi No Mi 10 Pro Ultra,,,Jaya Solusi Teknik,Kota Surabaya,5800000
"[New POVA Series] TECNO POVA 5  Ram 8+8GB Internal 256GB, Mediatek Helio G99, 6000mAh +45W Flash Charge",4.9772727272727275,39,ASK CELL,Kota Cimahi,1999000
INFINIX SMART 7,,,Diamond Cell,Kota Bandung,1049000
XIAOMI REDMI NOTE 10 PRO RAM 8/128 GB GARANSI RESMI,,,AFFORDGADGET,Kota Jakarta Utara,3799999
INFINIX HOT 30i,,,Diamond Cell,Kota Bandung,1525000
Vivo Y91C Ram 2/32 nominus masih mulus fullshet second rasa baru garansi resmi Indonesia,4.714285714285714,7,Rizky Hawers Cell,Kab. Bogor,800000
"realme 9 4G 8/128 GB (108MP ProLight Camera, 90Hz AMOLED Display, Snapdragon 680 , 5000 battery)",,,Realme AIoT,Kab. Tangerang,3099000
Oppo A18 4/128 GB Garansi Resmi 4 128 GB not a17,4.927835051546392,194,Distributor Ponsel,Kota Jakarta Pusat,1464000
Hp Samsung A15 Ram 8GB Internal 128GB Garansi Resmi Edisi Ramadhan,,,wwponsel_hangtuah,Kota Pekanbaru,2799000
vivo Y17s,4.823529411764706,17,jikalaku,Kota Jakarta Pusat,1575000
REALME C67 8/128 & 8/256 NEW GARANSI RESMI,4.948717948717949,117,J3 ID,Kota Medan,2199000
REDMI 12 (8GB+128GB) - GARANSI RESMI,4.9625,80,Duniagadgetku,Kota Jakarta Barat,1795000
Realme C35 4/128GB - 4/64GB Garansi Resmi 1 Tahun,4.921739130434783,115,Bintang Timur Selindo,Kota Jakarta Barat,1495000
infinix hot 30i  ram 16+128 GB extended ram 8+8 gb 90hz layar 6.82 garansi 1 tahun imei terdaftar,4.764705882352941,34,Gudang phoncell,Kab. Bogor,1185000
virgie cell Samsung J7 plus ram 4gb internal 32gb ex resmi Indonesia,,,virgie cell,Kota Bandung,1625000
realme C65 8GB+8GB*|128GB (TUV SUD 4 Tahun Lag-free | 45W Fast Charge | 5000mAh Massive Battery | 7.64mm Ultra Slim ),5.0,2,NISFU GADGET,Kab. Sidoarjo,2399000
HP infinix hot 10 play 2/32GB - 3/32GB-4/64gb fullset,,,Media Com,Kota Jakarta Barat,880000
Fold 5 5G - Samsung Galaxy Z Fold5 SEIN RESMI BNIB - 1TB/512gb/256gb,,,RosanShop,Kota Pekanbaru,19490000
Smartphone 12 RAM 8/256 GB Full Set Bayar Di tempat,,,Moon Phonestore,Kota Jakarta Barat,1375000
XIAOMI REDMI NOTE 13 PRO RAM 8GB/256GB GARANSI RESMI NASIONAL,,,indahponseltamora,Kab. Deli Serdang,3733000
Realme 12 5G 8/256 GB Garansi resmi,,,Distributor Ponsel,Kota Jakarta Pusat,3216000
Xiaomi Mi 10T Ram 8/128 GB (Second Bergaransi),,0,HP SECOND JOSS,Kab. Serang,2730000
Samsung Galaxy A14 Ram 4/128 GB (Second Bergaransi),,,HP SECOND JOSS,Kab. Serang,1650000
Xiaomi Redmi Note 11 4/128GB Garansi Resmi - Twilight Blue,,,BERKAT COMPUTER,Kota Jakarta Barat,1600000
HP REALME C65 8/256 GARANSI RESMI REALME INDONESIA,5.0,0,Star Komsel Store,Kota Makassar,2799000
VIVO V30 5G 8/256GB - GARANSI RESMI,,,Hapeworld,Kota Banjarmasin,5999000
Vivo Y17s - 6GB/128GB,,,Komunika Sell,Kota Jakarta Selatan,1775000
ADVAN G5 4/32,5.0,1,Naga Cell Sidareja,Kab. Cilacap,1399000
Oppo Reno 11F 5G RAM 8 Original 64MP Kamera 67W SUPERVOOC terbaru 2024 Garansi Resmi 100% Original,,,XCI,Kota Jakarta Utara,4299000
Samsung Galaxy A34 5G Ram 8/256 GB (Second Bergaransi),,,HP SECOND JOSS,Kab. Serang,3450000
OPPO A78 NFC RAM 8+8GB/256GB Garansi Resmi,,,Toko Lasvegas,Kota Surabaya,3399000
HP BARU VIVO Y16 | Y02 3GB/32GB - 4GB/128GB  GARANSI RESMI 100% ORIGINAL,,,INOVATIF STOCK,Kota Medan,1399000
HUAWEI MATEPAD R 10.4 [4/128 GB] GARANSI RESMI,,,Top Cellular Makassar,Kota Makassar,3999000
POCO F4 6/128 GB GARANSI RESMI,,,SURYA HALIM PONSEL,Kota Medan,5199000
Realme 10 Pro Plus Hyperspace RAM 12GB/256GB Garansi Resmi - Grandivo,,,Grandivoo,Kab. Sidoarjo,5946880
REALME GAMING PHONE X2 PRO 12/256GB GARANSI RESMI ORIGINAL FULL BONUS,,,Honchi Celuller,Kota Tangerang,6499000
"Samsung Galaxy A54 5G SM-A546E/DS 8|128GB 8|256GB 6,4 Inch Garansi  Resmi",,,ANDALAS CELLULAR,Kota Balikpapan,5999000
realme 8 8/128 second,,,Trijaya Cellular ID,Kab. Garut,2500000
Xiaomi Note 13 Pro Plus 5G 12/512GB - Garansi Resmi 1 Tahun,5.0,1,Bintang Timur Selindo,Kota Jakarta Barat,5795000
Poco M3 6/128GB Mulus Bergaransi,,,FR Store Solo,Kab. Sukoharjo,1428000
OPPO RENO 10 5G RAM 8/256 GB GARANSI RESMI ORIGINAL BISA KREDIVO / PAYLATER,,,ardyzhn,Kota Surabaya,5845000
INFINIX HOT 30 RAM 8 ROM 128GB | SUPER BRIGH DISPLAY,5.0,23,Mentari Cell,Kab. Madiun,1499000
HP SAMSUNG GALAXY A51 RAM 6/128 GB & 8/128 (SAMSUNG A51 RAM 6GB & 8GB ROM 128GB) - GARANSI RESMI,5.0,1,Wahana Komunikasi,Kota Jakarta Timur,3579000
SMARTPHONE A54S RAM6 INTERNAL 128GB GARANSI 1TAHUN/BISA COD,5.0,1,Sun Phonestore,Kota Jakarta Utara,769000
HP rekber bukan buat umum,,,SembariStore,Kota Bandung,1200000
Smartphone / handphone samsung galaxy A05s (A 05s) ram 6/128 [ 6gb 128gb ] + adaptor - Snapdragon 680 - Garansi Resmi,,,Wahana Komunikasi,Kota Jakarta Timur,2040000
Realme C2 RAM 3/32 nominus masih mulus fullshet second rasa baru garansi resmi Indonesia,4.375,8,Rizky Hawers Cell,Kab. Bogor,750000
Xiaomi Redmi Note 12 Pro 4G,,,Gudang Cell Tasikmalaya,Kota Tasikmalaya,3299000
Google Pixel 6A 6/128GB Super Istimewa Mulus Seperti Baru Imei Terdaftar BERGARANSI AMAN,,,Hapeku Semarang Shop,Kota Semarang,3565000
Xiaomi Redmi Note 12 Pro 5G 8/256 Garansi Resmi,,,MetaCore,Kota Bandung,3930000
Infinix Hot 40i Ram 8 Rom 256GB,,,Tiga MutiaraOfficial,Kota Surabaya,1749000
Redmi 12,4.962025316455696,79,jikalaku,Kota Jakarta Pusat,1928000
REALME C51 4/128 NFC | REALME C 51 4/64 | C30S 3/32 GARANSI RESMI,4.928571428571429,28,189 CELL,Kota Jakarta Barat,1249900
[PROMO]  OPPO A16 - Ram 3gb / Rom 32gb  - FULLSET ORIGINAL - BISA COD,4.821428571428571,28,Mentari Cell,Kab. Madiun,1081000
Infinix Hot 10s Ram 6/128 GB (Second Bergaransi),4.571428571428571,7,HP SECOND JOSS,Kab. Serang,950000
TECNO POVA 5 PRO 5G 8/256GB GARANSI RESMI,,,GALERI NASIONAL,Kota Jakarta Pusat,2559000
Samsung Galaxy A20 Ram 3/32 GB (Second Bergaransi),4.9,10,HP SECOND JOSS,Kab. Serang,950000
Xiaomi Redmi 12 Smartphone (8/256Gb) Garansi Resmi,,,GLOBAL TELESHOP OFFICIAL,Kota Jakarta Pusat,1989000
Samsung A54 5G Ram 8 Rom 128GB,5.0,1,Tiga MutiaraOfficial,Kota Surabaya,4775000
Smartphone Vivo V29e 8/256GB NEW GARANSI RESMI,,,OBONG CELL,Kota Surabaya,4399000
Lenovo A7000 2/16GB Garansi Resmi,,,PD Kenari Mas,Kota Bandar Lampung,1550888
Samsung Galaxy A55 5G ( Ram 12GB + Rom 256GB ) Garansi Resmi,5.0,1,Bejana,Kota Jakarta Pusat,6499000
oppo A78 ram 8 rom 128gb 256gb garansi resmi,,,Gadgetstoreofc,Kab. Bojonegoro,3599000
OPPO A38 4/128GB GARANSI RESMI,,,OBONG CELL,Kota Surabaya,1999000
Xiaomi Redmi 12 8/128 & 8/256 GB Garansi Resmi,,,MetaCore,Kota Bandung,1793000
Samsung Galaxy A34 5G 8/128GB 8/256GB,,,Gadget Point,Kota Surabaya,4799000
Realme Note 50 Garansi Resmi Realme,,,Gudang HP Tangerang,Kab. Tangerang,1170000
Infinix Hot 40 Pro [ Ram 12GB + Rom 256GB ] - Garansi Resmi,,,Channel B,Kota Jakarta Pusat,2479000
Hp Oppo A15S Ram 4GB Internal 128GB Android Garansi Resmi murah,,,Jagad Phone,Kota Surabaya,2299000
XIAOMI POCO F2 PRO 5G 6/128GB NEW GARANSI RESMI RAM 6GB INTERNAL 128GB - neon blue,,,NMX STORE,Kota Bandung,5899000
VIVO V30 5G 8/256 GB | VIVO V30 PRO 5G 12/512 | VIVO V 30 5G 12/512 GB GARANSI RESMI,,,189 CELL,Kota Jakarta Barat,5149900
SAMSUNG GALAXY A04 4/64 GB NEW,,,Ansori Cell,Kota Medan,1580000
Samsung A23 5G Ram 8 Rom 128GB,,,Tiga MutiaraOfficial,Kota Surabaya,2850000
Vivo V27E 8/256 GB Garansi Resmi,,,MetaCore,Kota Bandung,3377000
virgie cell Asus rog 3 ram 8gb internal 128gb garansi april 2022 taun depan,,,virgie cell,Kota Bandung,6750000
OPPO Reno10 5G Reno10 Pro Plus 12/256 RAM 12GB ROM 256GB Reno 10 Pro+ Smartphone Android,,,Original Link,Kota Jakarta Utara,5609000
HP SAMSUNG A14 5G 6/128 GARANSI RESMI SAMSUNG (GARANSI SOFTWARE GRATIS),,,Star Komsel Store,Kota Makassar,2999000
Samsung Galaxy A21s Ram 6/128 GB (Second Bergaransi),2.6666666666666665,3,HP SECOND JOSS,Kab. Serang,1150000
Samsung Galaxy A54 5G Smartphone (8/256GB) Garansi Resmi,5.0,2,Okeshop Official,Kota Jakarta Pusat,6199000
Hp Samsung A05 Ram 4GB Internal 128GB Garansi Resmi Edisi Ramadhan,,,wwponsel_hangtuah,Kota Pekanbaru,1599000
Samsung Galaxy A34 5G 8/256GB Gaming Edition - Garansi Resmi,,,JS ESTORE,Kota Jakarta Barat,5253000
Asus Zenfone 8 8/128GB - Garansi Resmi,,,Ucell Cempaka,Kota Jakarta Timur,10725000
VIVO Y16 3/32GB NOMINUS MASIH MULUS,4.690476190476191,42,CANTIKA AMANAH CELULLER,Kab. Bogor,1110000
realme 9i ram 4/64 [4gb 64gb] | 6/128 [6gb 128gb] garansi resmi,,,Wahana Komunikasi,Kota Jakarta Timur,2225000
PROMO HP INFINIX HOT 12 i RAM 4/64 GB BONUS TEMPER GLAS,5.0,9,BERKAT COMPUTER,Kota Jakarta Barat,1100000
Xiaomi REDMI NOTE 13 Pro+ 5G 12/512 GB - Garansi Resmi,,,Royal Makmur Handphone & Tablet,Kota Jakarta Timur,5880000
itel RS4 Gaming NFC ram 16+256 garansi resmi 1 tahun,,,Gudang phoncell,Kab. Bogor,1855000
HP BARU COD & OPPO  A93s 5G RAM 8GB/256GB Original HP OPPO 48MP Batt 5000mAh Garansi 1 Tahun,4.72,75,success9913,Kota Jakarta Barat,2399000
OPPO A58 6/128 8/128 GB RAM 6 8 ROM 128 6GB 8GB 128GB Smartphone Android HP Handphone,4.880281690140845,142,GalleryGadget Store,Kota Jakarta Pusat,2385000
OPPO A78 RAM 8GB ROM 256GB 6.43inci Kamera 50MP Baterai 5000mAh 67W SUPERVOOC hp terbaru 2023 oppo,5.0,1,DST HP,Kota Jakarta Utara,3365010
Advan XTAB 4/64GB 4000mAh - Garansi resmi,5.0,7,Gundala store,Kota Jakarta Pusat,1105000
POCO X5 5G,5.0,8,jikalaku,Kota Jakarta Pusat,2311000
"HP VIVO Y02T  RAM 8GB (4+4GB)/64GB, ANDROID 13 ,5000 MAH GARANSI RESMI 1TAHUN",5.0,41,Riawan_shop88,Kab. Bogor,1225000
Realme 11 NFC [8GB/256GB] - Extended RAM 8GB - 108Mp ProLight Camera - Helio G99 - 67W SuperVOOC 5000mAh Garansi Resmi 1 Tahun,,,Penabur,Kab. Bekasi,2823000
Xiaomi Mi Pad 6 8/256 GB 8/128 GB Mi Pad 6 Pro Garansi Resmi Not Mi 5,,,Distributor Ponsel,Kota Jakarta Pusat,4978000
VIVO Y100 4G 8/256 NEW GARANSI RESMI,,,KSTORE87,Kota Medan,3135000
Tecno Pova 5 Pro 8/256 New Garansi Resmi,,,GadgetXpert,Kab. Purwakarta,2599000
Xiaomi Redmi Note 12 Pro (6GB/128GB) | (8GB/256GB) - NFC - Garansi Resmi,,,MEDIKOM_88,Kab. Cirebon,3099000
Realme C65 8/256GB Garansi Resmi,,,OBONG CELL,Kota Surabaya,2799000
Infinix Note 40 Pro 5G 8/256 GB Garansi Resmi,,,ARSENTO 99,Kota Malang,3649000
SAMSUNG A05S 6+128 GB  extensi ram 6+6 GB  kmaera 50 mp  GRATIS TRAVEL ADAPTOR GARANSI RESMI 1 tahun imei sudah terdaftar,4.944444444444445,36,Leon_cell99,Kab. Bogor,1385000
Oppo A16 Ram 4/64 GB (Second Bergaransi),,,HP SECOND JOSS,Kab. Serang,1350000
Vivo V30e 5G 8/256GB Garansi Resmi,,,hacom store surabaya,Kota Surabaya,4999000
oppo A95 8/128 JAMINAN garansi resmi oppo indonesia 1 Tahun,,,CELLULAR SURABAYA,Kota Surabaya,3434999
Tecno Spark 20 Pro 12/256GB - Garansi Resmi 1 Tahun,,,Bintang Timur Selindo,Kota Jakarta Barat,2399000
HP BARU Vivo Y27 4G RAM 6/128GB NEW 100% ORI GRS RESMI INDONESIA TERMURAH,,,AMOmart,Kota Medan,2299000
INFINIX HOT 11S NFC [4/64 GB] GARANSI RESMI,,,Top Cellular Makassar,Kota Makassar,1999000
INFINIX NOTE 11 6/128GB | GARANSI RESMI,,,Top Cellular Makassar,Kota Makassar,2699000
REALME 8I [ 6/128GB] GARANSI RESMI,,,Top Cellular Makassar,Kota Makassar,2649000
Oppo A16 3/32GB Garansi Resmi Oppo Indonesia,,,ARSENTO 99,Kota Malang,1349000
REALME NOTE 50 3/64GB | 4/64GB & 4/128GB GARANSI RESMI REALME INDONESIA,,,Rajalaku Store.Id,Kab. Tangerang,1189000
OPPO A79 5G 8/256,,,Naga Cell Sidareja,Kab. Cilacap,3799000
SAMSUNG S22 PLUS 5G [8/128 GB] | GARANSI RESMI,,,Top Cellular Makassar,Kota Makassar,14999000
POCO M4 PRO 6/128GB|8/256GB Helio G96 64MP Triple Kamera Super Amoled - 6/128GB,,,Alibabastore.id,Kota Malang,2999000
Realme Note 50 4gb/64gb 4gb/128gb IPS LCD 6.7 inc New Original Garansi Resmi 1 Tahun,,,TJSTORE Surabaya,Kota Surabaya,1469000
REALME C63 NFC RAM 6/128GB & 8/128GB GARANSI RESMI INDONESIA,,,indahponseltamora,Kab. Deli Serdang,2128000
OPPO RENO 6 4G [8/128 GB] GARANSI RESMI,5.0,1,Top Cellular Makassar,Kota Makassar,4999000
Samsung Galaxy A51 8/128GB Garansi Resmi SEIN,,,PD Kenari Mas,Kota Bandar Lampung,4945888
HP BARU VIVO Y36 5G | Y36 4G 8/128GB RAM Up to 16GB  GARANSI RESMI 100% ORIGINAL,,,INOVATIF STOCK,Kota Medan,3049000
Samsung Galaxy Z Flip 5 8/512GB Garansi Resmi,,,Maju hardware Online Shop,Kota Madiun,17999000
Samsung Galaxy A25 5G 8/256GB Garansi Resmi SEIN,,,Apollo Gadget Store,Kota Surabaya,4399000
INFINIX GT 10 PRO 5G 8/256GB - GARANSI RESMI,,,Hapeworld,Kota Banjarmasin,3499000
SAMSUNG GALAXY Z FLIP 5 F731B 8/512 GB - GARANSI RESMI,,,Dunia Aneka,Kota Jakarta Utara,17999000
HP VIVO Y20S RAM 8/128 - VIVO Y20S RAM 8GB 128GB GARANSI RESMI,5.0,16,Wahana Komunikasi,Kota Jakarta Timur,2450000
ADVAN Nasaplus 2GB 16GB Smartphone Android10 Quadcore - Deep Blue,,,Start Go,Kab. Tangerang,699000
SAMSUNG GALAXY A25 5G,,,Diamond Cell,Kota Bandung,3779000
Xiaomi Poco X5 5G Ram 6 Rom 128GB,,,Tiga MutiaraOfficial,Kota Surabaya,2599000
Infinix Zero 5G 8+5/256GB,,,Gudang Cell Tasikmalaya,Kota Tasikmalaya,3099000
【HP BARU】【BISA COD】OPPO A78 5G 8/256GB RAM 8GB ROM  NEW CPU MediaTek  Baterai 5000mAh Original 100% New,5.0,3,success9913,Kota Jakarta Barat,2505000
Vivo V30e 8/256GB 8/128GB RAM 8+8GB Extended 5500mAh Battery 4-Year Durability Garansi Resmi,,,CC  Shop,Kota Jakarta Utara,4155000
POCO Xiaomi M6 Pro 8/256GB Garansi Resmi POCO Indonesia TAM,,,Honchi Celuller,Kota Tangerang,2305000
"Hp realme note 50 RAM 8GB  {4+4}/ 64GB ,cam 13mp ,batrai 5000mah, 90hz ,garansi resmi imei terdaftar",4.94300518134715,193,Riawan_shop88,Kab. Bogor,1315000
EVERCOSS M60 2/16 GB GARANSI RESMI,,,MetaCore,Kota Bandung,450000
REDMI NOTE 12 PRO 4G (8GB+256GB) - GARANSI RESMI,5.0,27,Duniagadgetku,Kota Jakarta Barat,3699000
VIVO Y100 8/128 4G NEW GARANSI RESMI,,,KSTORE87,Kota Medan,2890000
vivo y30i 4/64 second,,,Trijaya Cellular ID,Kab. Garut,1250000
Tecno Pova 5 8/256GB NFC - Helio G99 - 45W Flash Charging 6000mAh - 120Hz - Hard Gyroscope -  Garansi Resmi,,,BandarHpNusantara,Kota Jakarta Utara,2099000
Realme 12 5g Ram 8/256Gb Garansi Resmi,,,Cv.Garden Cell,Kota Kediri,3520000
Samsung Galaxy S23 Ram 8/256 GB (Second Bergaransi),,,HP SECOND JOSS,Kab. Serang,9500000
Xioami Redmi Note 13,,,AGUNG CELL TASIKMALAYA,Kota Tasikmalaya,2799000
OPPO A58 6/128 & 8/128 NEW GARANSI RESMI,5.0,1,KSTORE87,Kota Medan,2125000
Smartphone A31 RAM 6/128 GB Full Set Bayar di Tempat Garansi 12 Bulan,,,Moon Phonestore,Kota Jakarta Barat,659000
Vivo S1 Pro Ram 8/128 GB (Second Bergaransi),1.0,1,HP SECOND JOSS,Kab. Serang,1350000
REALME 9 PRO [8/128 GB] GARANSI RESMI,,,Top Cellular Makassar,Kota Makassar,3799000
OPPO RENO 8T 5G 8/128 8/256 GB RAM 8 ROM 128 256 8GB 128gb 256GB HP Smartphone Android Handphone,,,SuperGadget,Kota Jakarta Pusat,3775000
Tecno Pova Neo 2 NFC 4gb/ 128gb,,,Dukomsel Handphone,Kota Bandung,1799000
Samsung Galaxy A55 5G 8/256GB Garansi Resmi (FREE Upgrade 128GB to 256GB),,,OBONG CELL,Kota Surabaya,5999000
virgie cell Huawei p30 lite ram 6gb internal 128gb garansi resmi Indonesia,,,virgie cell,Kota Bandung,2550000
Samsung Galaxy A05 6/128GB Garansi Resmi SEIN,5.0,1,Apollo Gadget Store,Kota Surabaya,1899000
(FREE BAJU+HF) XIAOMI 11T PRO 12/256 GARANSI RESMI,,,Hokky Cell Makassar,Kota Makassar,6499000
hp handphone NFC murah Alcatel 1S 5028Y ram 3gb,,,pugar cell ,Kota Jakarta Barat,1699000
Samsung Galaxy Z Flip 3 5G Ram 8/256 GB (Second Bergaransi),5.0,1,HP SECOND JOSS,Kab. Serang,5400000
Hp Vivo Iqoo 12 5G Ram 16GB Internal 512GB Garansi Resmi,,,wwponsel_hangtuah,Kota Pekanbaru,11300000
VIVO V29 5G RAM 12/512 GB GARANSI RESMI ORIGINAL BISA KREDIVO / PAYLATER,,,ardyzhn,Kota Surabaya,6395000
"Vivo Smartphone V27 5G 8/256GB 6,78 Inch Garansi Resmi",5.0,1,ANDALAS CELLULAR,Kota Balikpapan,5999000
Realme 12 Pro Plus 5G 12/512GB NFC,,,HapeJOSS,Kota Semarang,6999000
GOOGLE PIXEL 6 PRO 5G - 512gb & 256gb & 128GB Garansi 1thn - ORIGINAL,,,RosanShop,Kota Pekanbaru,11390000
HP BARU SAMSUNG GALAXY A35 5G | A55 5G 8/128GB - 12/256GB IP67 Water Resistance 100% ORI GARANSI RESMI,5.0,1,INOVATIF STOCK,Kota Medan,4999000
Vivo S1 RAM 4/128 GB (Second Bergaransi),5.0,1,HP SECOND JOSS,Kab. Serang,1350000
Vivo X100 5G 12/256GB Garansi Resmi Indonesia,,,Apollo Gadget Store,Kota Surabaya,11999000
"Reno 11 5G 8+256 GB NFC, super Amoled kamera 50 mp Garansi 1 tahun oppo Resmi",,,JIU_PHONCELL,Kab. Bogor,4599000
HP SAMSUNG M02 2/32 - GARANSI RESMI SAMSUNG - 100% ORIGINAL,,,Hapeworld,Kota Banjarmasin,1365000
OPPO A60 8/128 8/256 Qualcomm Snapdragon 680 45W SUPERVOOC Splash OPPO Terbaru 2024 Garansi Resmi Bisa COD,4.873563218390805,87,DST HP,Kota Jakarta Utara,2588084
smartphone / handphone oppo a58 ram 8/128 [8gb + 128gb] nfc + kamera 50 MP - Garansi resmi,,,Wahana Komunikasi,Kota Jakarta Timur,2425000
Google Pixel 5 8/128GB DUAL SIM Super Mulus Like New Bergaransi,5.0,9,Hapeku Semarang Shop,Kota Semarang,2300000
Xiaomi Redmi Note 13 NFC 8/256GB | Layar 120 Hz | Camera 108MP | Garansi Resmi BNIB - Grandivo,,,Grandivoo,Kab. Sidoarjo,2857290
Sharp Aquos V6 Plus NFC Free Earphone Antigores,4.963636363636364,55,vinzflashsale,Kota Jakarta Utara,974000
Infinix Hot 10 Play 2/32 3/32GB & 4/64GB - 6.000 mAh - Helio G35 - 13MP Camera - Bisa Cicilan Paylater,4.823529411764706,17,redacell,Kota Banjar,1499000
OPPO A15S RAM 8/256 GB,,,Pejuang Amanah,Kota Bandung,759000
Infinix Note 40 8/256 RAM 8GB ROM 256GB 8 256 GB HP Smartphone Original,,,Original Link,Kota Jakarta Utara,2819000
Vivo V9 Ram 4/64 GB Garansi 1 Tahun,4.708333333333333,24,My Phone Shop,Kota Jakarta Pusat,665000
"[New POVA Series] TECNO Pova NEO 3 Ram 8+8GB Rom 128GB, 7000mAh+18W Flash Charging, Helio G85, 90Hz+6,82"" HD+, 6W Reverse Charging, NFC, Android 13",5.0,23,ASK CELL,Kota Cimahi,1799000
SAMSUNG GALAXY A05S 6/128 & NEW GARANSI RESMI,4.818181818181818,11,J3 ID,Kota Medan,2219000
"Samsung Galaxy S23 FE 8/128GB, Handphone Ai",4.636363636363637,10,Samsung,Kota Depok,7999000
NOKIA 150 2023 NEW GARANSI RESMI,,,KSTORE87,Kota Medan,455000
XIAOMI REDMI 12 8/128GB & 8/256GB GARANSI RESMI,,,GALERI NASIONAL,Kota Jakarta Pusat,1985000
Infinix Hot 40i 8/256GB Garansi Resmi,,,hacom store surabaya,Kota Surabaya,1699000
Oppo Reno10 5G 8/256GB NFC 67W SUPERVOOC 32MP Kamera Baterai 5000mAh Garansi Resmi Bisa COD,,,1stLine,Kota Jakarta Utara,4499000
Realme C35 4GB + 128GB Garansi Resmi Realme Indonesia,,,MEGA GADGET ELECTRONICS,Kota Jakarta Utara,1400000
Samsung Galaxy A35 5G - Garansi resmi,5.0,1,Gundala store,Kota Jakarta Pusat,4560000
Samsung Galaxy A55 5G,,,jikalaku,Kota Jakarta Pusat,5426000
Oppo Reno 4 Ram 8/128 GB (Second Bergaransi),4.8125,16,HP SECOND JOSS,Kab. Serang,2000000
VIVO Y27 RAM 6+6/128 GB GARANSI RESMI ORIGINAL BISA KREDIVO / PAYLATER,,,ardyzhn,Kota Surabaya,1895000
OPPO A38 4/128 6/128 GB RAM 4 6 ROM 128 4GB 6GB 128GB Smartphone Android HP Handphone,,,Original Link,Kota Jakarta Utara,1705000
"Xiaomi Pad 6s Pro 8/256GB 12.4"" SD 8 Gen 2 Mi Pad Garansi Resmi",,,Distributor Ponsel,Kota Jakarta Pusat,8289000
Tecno Pova 5 Pro 5g,,,AGUNG CELL TASIKMALAYA,Kota Tasikmalaya,2599000
Samsung Galaxy A25 5G 8/256GB Garansi Resmi SEIN &gt;&gt; Brave Black,,,Pc Smartphone,Kota Jakarta Pusat,4030000
VIVO Y36 5G - RAM 8+8/256GB GARANSI RESMI,,,ANDROID CENTRAL CELL,Kota Makassar,3499000
Samsung Galaxy Tab A9 Plus 8/128GB Garansi Resmi,5.0,1,Okeshop Official,Kota Jakarta Pusat,4499000
REDMI A3 RAM 4/128 GB GARANSI RESMI ORIGINAL BISA KREDIVO / PAYLATER,,,ardyzhn,Kota Surabaya,1350000
Samsung A14 4G RAM 6\128 Nominus masih mulus fullshet second rasa baru garansi resmi indonesia,,,Rizky Hawers Cell,Kab. Bogor,1900000
REDMAGIC 6S Pro Garansi Resmi,,,PT DutaPonsel,Kota Pekanbaru,12998000
Xiaomi Redmi 13C 6/128GB - 8/256GB Garansi resmi xiaomi indonesia,,,lucky-drichdrew,Kota Medan,1788888
OPPO A60 8/128 8/256 RAM 8GB ROM 128GB 256GB Original Smartphone Android Garansi,,,Original Link,Kota Jakarta Utara,2365000
HP BARU XIAOMI REDMI 13 | REDMI 12 8/128GB - 8/256GB Helio G91 ultra  GARANSI RESMI 100% ORIGINAL,,,INOVATIF STOCK,Kota Medan,1999000
HP SAMSUNG A25 5G 8/256 NFC GARANSI RESMI SAMSUNG (GARANSI SOFTWARE GRATIS),,,Star Komsel Store,Kota Makassar,4399000
OPPO A17 RAM 4/64 GB GARANSI RESMI ORIGINAL BISA KREDIVO / PAYLATER,,,ardyzhn,Kota Surabaya,1755000
Hp advan tab A8 ram 3GB internal 32GB garansi resmi,,,wwponsel_hangtuah,Kota Pekanbaru,1350000
POCO F5 (8/256) Garansi Resmi,,,Alzifa_Olshop,Kota Surakarta (Solo),5600000
Hp Samsung A23 5G Ram 6GB Internal 128GB Garansi Resmi,,,wwponsel_hangtuah,Kota Pekanbaru,3599000
Vivo X80 Pro 5G Brand New In Box Garansi Resmi Indonesia,,,FEDOFONE SMARTPHONE,Kota Padang,16099000
Realme 5 Pro 4/128 garansi resmi,,,Galaxy Plaza,Kota Bandung,2850000
infinix Hot 30 Play 4GB/64GB - Garansi Resmi,,,Ucell Cempaka,Kota Jakarta Timur,1359000
OPPO F9 RAM 8/256 GB,4.660919540229885,174,berkah amanah shops,Kota Bandung,709000
Xiaomi Redmi A3 4/128GB,,,Gudang Cell Tasikmalaya,Kota Tasikmalaya,1199000
INFINIX HOT 11 PLAY 4/64GB-GARANSI RESMI,,,Hapeworld,Kota Banjarmasin,1749000
.Tecno Pova 5 Pro 5G 8/256GB NFC,,,HapeJOSS,Kota Semarang,2599000
Realme 11 PRO 5G - Ram 8+8GB / Rom 256GB - Camera 100MP OIS - GARANSI RESMI,,,NISFU GADGET,Kab. Sidoarjo,5249000
SMARTPHONE A54 RAM 6/6128GB FULLSET BISA COD,,,Sun Phonestore,Kota Jakarta Utara,839000
Realme C15 Ram 4/64GB Fullset,5.0,9,CANTIKA AMANAH CELULLER,Kab. Bogor,1423000
Vivo V30e V29e 5G NFC 8/128GB 8/256GB 100% Original 5500 mAh Baterai 60W Flashcharge Garansi Resmi,,,XCI,Kota Jakarta Utara,4155000
OPPO A18 4/128 NEW GARANSI RESMI,4.919871794871795,312,J3 ID,Kota Medan,1469000
FREE ADAPTER 25watt Original Samsung Galaxy A05 4/64GB Garansi Resmi NEW,4.912087912087912,45,hacom store surabaya,Kota Surabaya,1306500
"infinix itel S23 plus 16+256 GB layar Amoled NFC kamera 50mp resmi 1 tahun, IMEI SUDAH TERDAFTAR",4.926829268292683,82,JIU_PHONCELL,Kab. Bogor,1285000
NOKIA 105 SIMBA (2022) NEW GARANSI RESMI,,,KSTORE87,Kota Medan,239000
Xiaomi Redmi 13C NFC Ram 8+256 GB helio G85 kamera 50 mp (imei terdaftar ) garansi resmi 1 tahun (pengganti Redmi 10),5.0,13,JIU_PHONCELL,Kab. Bogor,1595000
REDMI 10 4/64 GB GARANSI RESMI,4.931034482758621,29,SURYA HALIM PONSEL,Kota Medan,1735000
"Vivo V30e 8/128GB Ultra Slim 120Hz 3D Curved Screen, Qualcomm Snapdragon 6 Gen 1 | Garansi Resmi VIVO",,,EVOGAD,Kota Jakarta Barat,4069000
"Samsung Galaxy A05 [4GB/64GB - 4GB/128GB - 6GB/128GB] Mediatek Helio G85 - 50MP Dual Camera - 6.7"" PLS LCD - Li-Po 5000mAh Garansi Resmi Sein 1 Tahun",5.0,2,Penabur,Kab. Bekasi,1393000
Xiaomi Redmi Note 7 Ram 4GB Internal 64GB Garansi 1 Tahun,4.8,5,My Phone Shop,Kota Jakarta Pusat,970000
oppo reno 11 5G NFC Ram 16 +128 GB layar amoled 6.7 inci garansi resmi 1 tahun (imei terdaftar),5.0,6,Gudang phoncell,Kab. Bogor,4599000
Oppo Reno 11F 5G 8/256GB [+8GB Extended Ram] | Garansi Resmi OPPO,4.0,1,EVOGAD,Kota Jakarta Barat,4132000
OPPO A58 NFC - RAM 8+8GB / ROM 128GB - GARANSI RESMI,5.0,4,NISFU GADGET,Kab. Sidoarjo,1599000
Xiaomi Redmi 13C 8/256GB Garansi Redmi,,,SMS Shop Online,Kota Semarang,1870000
Infinix Note 40 Pro 5G 8/256Gb Garansi Resmi,,,Cv.Garden Cell,Kota Kediri,3545000
VIVO Y02 3/32 NEW GARANSI RESMI,,,KSTORE87,Kota Medan,1125000
"Infinix Hot 40 Pro [8GB/256GB] Extended RAM 16GB - Helio G99 - NFC - 108MP Triple Camera  - 6.78"" FHD+ Garansi Resmi 1 Tahun",5.0,2,Penabur,Kab. Bekasi,2243000
REALME 11 PRO+ PLUS 5G 12/512 | REALME 11 PRO 8/256 | X50 PRO X3 12/256 | 9 PRO 8/256 GARANSI RESMI,5.0,1,189 CELL,Kota Jakarta Barat,3769900
"Spesial Package Ramadhan, Samsung A15 4G | Mediatek Helio G99",5.0,1,EVOGAD,Kota Jakarta Barat,2768000
SAMSUNG GALAXY NOTE 10 5G - 256GB / 12GB - BNIB - ORIGINAL - Note10,,,RosanShop,Kota Pekanbaru,5490000
VIVO V29 5G 8/256 GARANSI RESMI VIVO GRATIS SOFTWARE EXTENDED RAM 16GB,,,Star Komsel Store,Kota Makassar,5999000
Realme 12 Plus 5G 8/256GB - MediaTek Dimensity 7050 5G Garansi Resmi,,,Complete.Selular,Kab. Cirebon,4199000
Oppo A17K 3/64GB GARANSI RESMI 1 TAHUN,5.0,1,Captain Gadget Store,Kota Tasikmalaya,1649000
XIAOMI POCO X5 5G 6/128 & 8/256 GB GARANSI RESMI,,,SURYA HALIM PONSEL,Kota Medan,2930000
Vivo V30e 5G - 8GB/256GB,,,Komunika Sell,Kota Jakarta Selatan,4790000
Samsung Galaxy A35 5G 8/128GB NFC - Garansi Resmi,,,Toko Lasvegas,Kota Surabaya,4999000
virgie cell oppo find x3 pro 5g,,,virgie cell,Kota Bandung,11250000
OPPO RENO 5 5G RAM 8GB ROM 128GB 8/128GB GARANSI RESMI OPPO INDONESIA,,,Honchi Celuller,Kota Tangerang,4750000
XIAOMI POCO F4 GT 12/256 GB GARANSI RESMI XIAOMI POCO INDONESIA TAM,,,Honchi Celuller,Kota Tangerang,4999000
OPPO A31 4/128GB RAM 4GB INTERNAL 128GB SECOND MULUS FULLSET,,,NMX STORE,Kota Bandung,1550000
HP BARU VIVO V30 5G | V29 5G | V30 Pro 5G 8/256GB - 12/512GB RAM upto 24GB GARANSI RESMI 100% ORIGINAL,,,INOVATIF STOCK,Kota Medan,5799000
Xiaomi Redmi Note 12 Pro 5G 8/256GB - 50MP Camera - MediaTek Dimensity 1080 - 5000 mAh [BISA COD],5.0,4,Mentari Cell,Kab. Madiun,3299000
smartphone/ handphone samsung galaxy A24 (A 24) 8/128 [8gb 128gb] NFC + adaptor - garansi resmi,,,Wahana Komunikasi,Kota Jakarta Timur,2950000
Google Pixel 5 8/128GB Super Istimewa Mulus Seperti Baru Imei Terdaftar,5.0,1,Hapeku Semarang Shop,Kota Semarang,2300000
Realme c53 Ram 6/128 Nominus masih mulus fullshet,5.0,4,Rizky Hawers Cell,Kab. Bogor,1850000
Hp Vivo Y100 4G NFC 50MP Kamera 80W FlashCharge 5000mAh Vivo Hp Murah 100% Original Garansi Resmi,4.931818181818182,44,1stLine,Kota Jakarta Utara,3019000
OPPO A18 4/128 NEW GARANSI RESMI OPPO,4.934393638170974,1006,J3 SHOP,Kota Medan,1469000
HP / HANDPHONE NOKIA 1280 GRADE A NEW / BARU,4.666666666666667,3,Fanz Accessories,Kota Jakarta Pusat,105000
Tecno Phantom V Flip 5G 8/256 GB Garansi Resmi,,,MetaCore,Kota Bandung,7852000
Luna G9 4/32 GB Garansi Resmi,5.0,4,antaboga phone,Kota Bandung,1333000
VIVO V30 Pro 5G 8/256 12/512 RAM 8GB 12GB ROM 256GB 512GB 8 256 512GB Smartphone Original Garansi Resmi,,,Original Link,Kota Jakarta Utara,5283000
Vivo Y75 5G Ram 8/128 GB (Second Bergaransi),,,HP SECOND JOSS,Kab. Serang,1750000
OPPO RENO 11F 5G 8/256 NEW GARANSI RESMI,5.0,34,J3 ID,Kota Medan,3999000
Realme C67 4G - 8GB/128GB,,,Komunika Sell,Kota Jakarta Selatan,2380000
REDMI 13C RAM 6+6/128 GB GARANSI RESMI 1 TAHUN ORIGINAL,,,ardyzhn,Kota Surabaya,1695000
Samsung Galaxy A55 5G 8/128 8/256 12/256 GB,,,Willsoon_Store,Kota Jakarta Barat,9999000
Xiaomi Redmi 12 8/256GB MediaTek Helio G88 IP53 Garansi Resmi,,,BandarHpNusantara,Kota Jakarta Utara,1999000
Xioami Redmi 13C Ram 8gb 256gb 6gb 128gb Garansi Resmi 1 Tahun,,,mustika cellular,Kab. Blora,1799000
Asus Rog Phone 8 Ram 12/256gb Garansi Resmi,,,Cv.Garden Cell,Kota Kediri,10465000
XIAOMI REDMI NOTE 10 5G [8/128 GB] GARANSI RESMI,,,Top Cellular Makassar,Kota Makassar,2899000
Realme C21Y Ram 4/64 GB (Second Bergaransi),5.0,1,HP SECOND JOSS,Kab. Serang,840000
VIVO T1 PRO 5G 8/128 GB GARANSI RESMI INDONESIA,,,Honchi Celuller,Kota Tangerang,5199000
Vivo X60 8GB + 128GB Garansi Resmi Vivo Indonesia,,,MEGA GADGET ELECTRONICS,Kota Jakarta Utara,5999000
Vivo Y28 4G V2352 Garansi Resmi,,,Dukomsel Handphone,Kota Bandung,2599000
SAMSUNG A03 [4/128 GB] GARANSI RESMI,,,Top Cellular Makassar,Kota Makassar,1999000
VIVO Y27 5G RAM 6/128GB GARANSI RESMI,,,ANDROID CENTRAL CELL,Kota Makassar,2599000
REALME X3 SUPERZOOM 12/256GB GARANSI RESMI ORIGINAL FULL BONUS,,,Honchi Celuller,Kota Tangerang,5999000
Realme GT Master Ram 8/256 GB (Second Bergaransi),,,HP SECOND JOSS,Kab. Serang,2999000
Samsung Galaxy S23 Plus 5G Ram 8/256 GB (Second Bergaransi),,,HP SECOND JOSS,Kab. Serang,11000000
REALME GT NEO 2 12/256GB RAM 8/256GB 12GB ROM 256GB GARANSI RESMI REALME INDONESIA,,,Honchi Celuller,Kota Tangerang,9999000
OPPO Reno10 5G Reno10 Pro Plus 8/256 12/256 GB RAM 8GB 12GB ROM 128GB 256GB Reno 10 Pro+ Smartphone Android,,,GalleryGadget Store,Kota Jakarta Pusat,5599000
Infinix Hot 40 Pro 8/256GB Garansi Resmi,,,OBONG CELL,Kota Surabaya,2399000
Oppo Reno 10 Pro+ 5g   12gb/256gb Garansi Resmi,,,Dukomsel Handphone,Kota Bandung,10999000
Tecno SPARK 10 NFC 8/128 RAM 8GB ROM 128GB GARANSI RESMI,,,D2shop,Kota Makassar,1799000
SAMSUNG S21 5G 8/256 GB [DEMO UNIT],,,Top Cellular Makassar,Kota Makassar,8000000
XIAOMI REDMI NOTE 13 PRO+ 5G 12/512 GB,,,digitalselulargroup,Kota Medan,5855000
Infinix Hot 40 Pro 8/256GB Garansi Resmi,,,hacom store surabaya,Kota Surabaya,2399000
Samsung Flip 5 8/512GB 8/256GB Garansi Resmi Samsung Z Flip 5,,,Distributor Ponsel,Kota Jakarta Pusat,14111000
HP BARU OPPO RENO11 F 5G | RENO 11F 8/256GB Ram Upto 16GB - 64MP Ultra Clear GARANSI RESMI 100% ORIGINAL,,,INOVATIF STOCK,Kota Medan,4599000
OPPO RENO 6 PRO 5G [12/256 GB] GARANSI RESMI,,,Top Cellular Makassar,Kota Makassar,10999000
SAMSUNG A35 5G RAM 8/256 GB GARANSI RESMI ORIGINAL BISA KREDIVO / PAYLATER,,,ardyzhn,Kota Surabaya,4999000
Vivo Y03 4/128GB RAM 4GB+4GB ROM 128GB Helio G85 Prosesor 5000mAh Baterai 100% Ori Garansi Resmi,4.901960784313726,306,VinsonTK,Kota Jakarta Utara,1234000
SAMSUNG GALAXY A03 CORE - 2GB/32GB - Hp Smartphone Murah (BISA COD),4.728813559322034,59,Mentari Cell,Kab. Madiun,899000
Hp Vivo V30 Pro 5G 12/512 ZEISS Professional Portrait 5000mAh Battery Dimensity 8200 Garansi Resmi,4.9491525423728815,59,DST HP,Kota Jakarta Utara,5229000
OPPO A16  3/32 GB - FULLSET RESMI TERMURAH - SECOND MULUS,5.0,23,Mentari Cell,Kab. Madiun,1081000
Vivo Y100 5G 8/256GB NFC 80W FlashCharge 5000mAh Snapdragon 4 Gen2 VIVO Y100 Terbaru 2024 Garansi Resmi,5.0,92,1stLine,Kota Jakarta Utara,3406000
Oppo A38 (4/128GB) Garansi Resmi,,,Okeshop Official,Kota Jakarta Pusat,1899000
OPPO Reno10 5G,5.0,1,jikalaku,Kota Jakarta Pusat,4001000
Itel A70 3/128 GB Garansi Resmi,,,antaboga phone,Kota Bandung,1122000
infinix Hot 40i NFC Ram  16+256 GB (Xboost Gaming ) garansi resmi 1 tahun resmi (imei terdaftar),4.882978723404255,94,JIU_PHONCELL,Kab. Bogor,1175000
LG G3 Beat D724 Smartphone ( Ram 1GB / Rom 8GB ),,,Bejana,Kota Jakarta Pusat,858500
Poco F3 5G Ram 8/256 GB (Second Bergaransi),5.0,14,HP SECOND JOSS,Kab. Serang,3150000
Tecno Spark 10 Pro 8/128 & 8/256 GB Garansi Resmi,,,antaboga phone,Kota Bandung,1705000
Tecno Pova 5 8/256 New Garansi Resmi,,,GadgetXpert,Kab. Purwakarta,2199000
INFINIX HOT 40i RAM 8/256 GB GARANSI RESMI ORIGINAL BISA KREDIVO / PAYLATER,,,ardyzhn,Kota Surabaya,1735000
Samsung Galaxy A52 8/128GB 8/128 Gb 8GB/128GB Garansi Resmi SEIN,,,nextheace,Kota Medan,4820000
XIAOMI REDMI NOTE 13 PRO PLUS 5G 12/512 NEW GARANSI RESMI,5.0,1,KSTORE87,Kota Medan,5750000
Samsung Galaxy A33 5G RAM 8/128GB Garansi Resmi SEIN,,,hacom store surabaya,Kota Surabaya,3899000
ZTE BLADE V50 RAM 8GB/128GB GARANSI RESMI NASIONAL,,,indahponseltamora,Kab. Deli Serdang,1396000
Handphone Samsung Galaxy S20FE Ram 8GB/256GB - Garansi Resmi,,,Channel B,Kota Jakarta Pusat,7999000
OPPO A58 RAM 8/128GB | Dual Kamera AI 50MP | 33W SUPERVOOC | Layar Besar FHD+ | Speaker Stereo Besar,5.0,5,I-Store,Kab. Tangerang,2179000
Hp Xiaomi Pad 6s Pro Ram 8G Internal 256GB Garansi Resmi,,,wwponsel_hangtuah,Kota Pekanbaru,7999000
Poco M3 Pro 5G Ram 6/128 GB (Second Bergaransi),5.0,3,HP SECOND JOSS,Kab. Serang,1400000
Xiaomi Redmi Note 13 Pro - 8/256GB - GARANSI RESMI PT. XIAOMI INDONESIA,,,Smile Mobile Phone Shop,Kota Bandung,3799000
Samsung Galaxy A05S 6/128GB Garansi Resmi,5.0,1,Toko Lasvegas,Kota Surabaya,2200000
realme c33 4/64,,,Trijaya Cellular ID,Kab. Garut,1100000
Samsung Galaxy A15 LTE 8/128GB | 8/256GB 6.5 Inch Garansi Resmi,,,ANDALAS CELLULAR,Kota Balikpapan,2899000
Realme C65 8/128GB Garansi Resmi,,,OBONG CELL,Kota Surabaya,2399000
REALME C65,,,Naga Cell Sidareja,Kab. Cilacap,2399000
Realme 8i 6/128Gb Garansi Remi,,,Dbest Cell,Kota Jambi,2799000
SAMSUNG GALAXY S20 Ultra 5G SNAPDRAGON 256GB - BNIB Original Samsung,5.0,1,RosanShop,Kota Pekanbaru,7750000
Oppo Reno 10 Pro 5g 12gb/256gb Garansi Resmi,,,Dukomsel Handphone,Kota Bandung,7999000
REALME C53 6/128 | 8/256 GARANSI RESMI,,,mtcsuper 03,Kota Makassar,1999000
HP BARU REALME C51s | NOTE 50 4/64GB - 6/128GB Dynamic RAM Upto 12GB GARANSI RESMI 100% ORIGINAL,,,INOVATIF STOCK,Kota Medan,1349000
Hp Realme C65 Ram 8GB Internal 256GB Garansi Resmi,,,wwponsel_hangtuah,Kota Pekanbaru,2799000
【HP BARU】【BISA COD】Vivo Y21s 6/128 Original 50MP Night Camera  Helio G80 HP Vivo Murah,,,success9913,Kota Jakarta Barat,1958000
Samsung Galaxy S23 FE - 8GB/256GB,,,Komunika Sell,Kota Jakarta Selatan,8885000
Realme 11 Pro+ Plus 5G 12/512GB Garansi Resmi Realme Indonesia,,,Honchi Celuller,Kota Tangerang,5399000
Samsung Galaxy A55 5G ( Ram 8GB + Rom 256GB ) Garansi Resmi,,,Bejana,Kota Jakarta Pusat,6499000
Samsung Galaxy S23 Ultra 5G 12/256GB Garansi Resmi SEIN,,,Apollo Gadget Store,Kota Surabaya,16999000
Hp Asus Zenfone 10 Ram 8GB Internal 128GB Garansi Resmi,5.0,1,wwponsel_hangtuah,Kota Pekanbaru,8999000
XIAOMI POCO X5 5G  8/256GB - GARANSI RESMI,,,Hapeworld,Kota Banjarmasin,3699000
REALME C51 4/128 vs 4/64 GB NFC - 33W CHAMPION CHARGE - 50MP AI CAMERA - BISA COD,5.0,3,Mentari Cell,Kab. Madiun,1299000
Tecno Spark 20 Pro+ 8GB + 256GB Garansi Resmi Tecno Indonesia,,,MEGA GADGET ELECTRONICS,Kota Jakarta Utara,2610000
VIVO V15 6/64GB,,,Diamond Cell,Kota Bandung,3499000
HP VIVO  vivo  & SMARTPHONE Y56 5G RAM 8/256GB Glow Design 50MP Camera Garansi 1 Tahun COD,4.595505617977528,89,3SHOP6,Kota Jakarta Barat,2099000
Xiaomi Redmi Note 12 Pro 5G 8/256 Garansi Resmi,,,antaboga phone,Kota Bandung,3999000
Tecno Pova 5 Pro 5G 8/256 GB Garansi Resmi,5.0,1,MetaCore,Kota Bandung,2503000
XIAOMI REDMI A3 4/128 NEW GARANSI RESMI,5.0,3,KSTORE87,Kota Medan,1150000
ZTE BLADE A54 (4GB+64GB) (4GB+128GB) - GARANSI RESMI,5.0,18,Duniagadgetku,Kota Jakarta Barat,1195000
TECNO POVA NEO 3 RAM 8GB / 128GB - HELIO G85 - Battrai 7000Mah - Garansi Resmi,4.666666666666667,3,NISFU GADGET,Kab. Sidoarjo,2199000
Apple iPhone 15 Pro Max,4.91358024691358,81,Digimap,Kota Jakarta Barat,22999000
oppo A18 Ram 4+128 GB helio g85garansi resmi 1 tahun oppo resmi (imei terdaftar),4.897435897435898,39,Gudang phoncell,Kab. Bogor,1299000
"Hp infinix smart 8 Ram( 4GB+4GB )8GB/128GB ,5000MAH, 13MP , android 13 ,garansi resmi imei terdaftar , ( penganti A3s )",4.923404255319149,235,Riawan_shop88,Kab. Bogor,1275000
Realme Not 50 ram 4+128 GB unisog T612 garansi resmi Realme 1 tahun,5.0,18,Gudang phoncell,Kab. Bogor,1215000
INFINIX SMART 8 3/64 & 4/128 NEW GARANSI RESMI,,,KSTORE87,Kota Medan,1199000
Maxtron C35 ROCKER - Dual Sim - Powerbank - Bluetooth Speaker - Big Speaker / Fm Radio / hp murah / hp keren,,,nangkene_baen,Kota Surabaya,359000
OPPO F1S RAM 4/64,,,Pejuang Amanah,Kota Bandung,449000
HP Original 12C hp terbaru 2023 Ram 6GB/128GB hp murah HD Kamera handphone 5G termurah Smartphone promo cod asli baru android,,,SUNNY MALL-1,Kota Jakarta Barat,1319000
Infinix Note 40 Pro 5G RAM 8/256GB Garansi Resmi,,,DF Phone,Kota Tegal,3499000
Xiaomi Redmi 12 8/128GB Garansi Resmi Xiaomi,,,OBONG CELL,Kota Surabaya,1999000
XIAOMI REDMI NOTE 11 6/128GB | GARANSI RESMI,,,Top Cellular Makassar,Kota Makassar,2849000
"infinix itel s23 16+128  GB 6,5 inci kamera 50 mp garansi 1 tahun (imei terdaftar)",5.0,9,Leon_cell99,Kab. Bogor,1195000
Samsung Galaxy A55 5G 8/128GB 8/256GB 12/256GB Garansi Resmi,,,GLOBAL TELESHOP OFFICIAL,Kota Jakarta Pusat,5999000
Xiaomi Redmi Note 13 5G 8/256,,,SOLID CELLULAR MEDAN,Kota Medan,2935000
virgie cell Huawei nova 5t ram 8gb internal 128gb agustus 2021,,,virgie cell,Kota Bandung,3750000
OPPO A58 8GB/128GB (Garansi Resmi),,,Toko Lasvegas,Kota Surabaya,2799000
"XIAOMI SMARTPHONE REDMI 9A 2/32GB 6,53 INCH GARANSI RESMI",5.0,1,ANDALAS CELLULAR,Kota Balikpapan,999000
Xiaomi Redmi Note 13 5G Note 13 4G 8GB 256GB - Garansi Resmi,,,Complete.Selular,Kab. Cirebon,2799000
HP Realme C35 2022 4/128GB & 4/64GB Original Realme Toko Hp Murah Surabaya [Garansi Resmi],5.0,2,Surya Jaya Celluler,Kota Surabaya,2300000
PROMO HANDPHONE INFINIX NEW TYPE BERGARANSI RESMI,5.0,2,BandarHpNusantara,Kota Jakarta Utara,2999000
Realme 8 pro 8/128,,,Naga Cell Sidareja,Kab. Cilacap,4299000
Tecno Spark 10 NFC 8/128 GB - Resmi,,,Mitra Aneka Store,Kab. Bekasi,1438000
"Oppo A77s [8GB+128GB] Snapdragon 680 | 50MP Dual Camera | 6.56"" IPS LCD | 5000mAh Garansi Resmi Oppo 1 Tahun",5.0,2,Penabur,Kab. Bekasi,2593000
SAMSUNG GALAXY A32 8/128GB | GARANSI RESMI,,,Top Cellular Makassar,Kota Makassar,3799000
REDMI NOTE 12 PRO RAM 8/256 GB GARANSI RESMI BISA KREDIVO / PAYLATER,,,ardyzhn,Kota Surabaya,3995000
SAMSUNG GALAXY S23 FE RAM 8/256 GB & 8/128 GB GARANSI RESMI NASIONAL,,,indahponseltamora,Kab. Deli Serdang,8999000
INFINIX ZERO ULTRA 5G 8/256GB GARANSI RESMI,,,GALERI NASIONAL,Kota Jakarta Pusat,6379000
OPPO A57 4/64 GARANSI RESMI,,,Hokky Cell Makassar,Kota Makassar,2399000
OPPO A98 5G NFC RAM 8/256 | OPPO A 98 5G NFC 8/256 GARANSI RESMI,,,189 CELL,Kota Jakarta Barat,1959900
Samsung Galaxy A15 5G 8/256GB Garansi Resmi Samsung Indonesia SEIN,,,Honchi Celuller,Kota Tangerang,2899000
"Samsung Galaxy J2 Prime vs Xcover 4 Ram 2/16GB | Mediatek MT6737T (28 nm) | 8 MP, f/2.2, AF | Bisa WA BAYAR DI TEMPAT",4.229166666666667,48,Mentari Cell,Kab. Madiun,449000
Samsung Galaxy S9+ S9 Plus NOMINUS MASIH MULUS ORI RESMI,5.0,3,CANTIKA AMANAH CELULLER,Kab. Bogor,2750000
Infinix Smart 7 Ram 4 Rom 64GB,,,Tiga MutiaraOfficial,Kota Surabaya,1099000
Realme C65 8/256 GB - Garansi Resmi,,,Royal Makmur Handphone & Tablet,Kota Jakarta Timur,2799000
Samsung Galaxy A23 6/128 New Garansi Resmi Samsung Indonesia,5.0,1,Pragusta Store,Kota Surabaya,3499000
Handphone OPPO A78/A78 5G 8/256GB 8/128GB 8GB Extended NFC 67WSUPERVOOCI Garansi Resmi Terbaru 2023,5.0,5,CC  Shop,Kota Jakarta Utara,3583884
OPPO A58 6/128 8/128 GB RAM 6 8 ROM 128 6GB 8GB 128GB Smartphone Android HP Handphone,4.882352941176471,17,SuperGadget,Kota Jakarta Pusat,2375000
XIAOMI REDMI NOTE 7 PRO 6/128GB GARANSI 1 TAHUN,,,wincelluler,Kota Jakarta Barat,1150000
Samsung Galaxy A14 4/128 & 6/128 GB Garansi Resmi,,,antaboga phone,Kota Bandung,2107000
Itel P55 5G 6/128 GB Garansi Resmi,,,MetaCore,Kota Bandung,1545000
Vivo V30 5G 12/512GB NFC RAM 12GB+12GB ROM 512GB 100% Original Vivo Terbaru 2024 ori Garansi Resmi,4.862994350282486,708,XCI,Kota Jakarta Utara,5309000
XIAOMI Redmi 13C 6/128 Garansi Resmi,,,NPDJY_NAPIDOJ,Kota Malang,1485000
VIVO Y03 4/128 NEW GARANSI RESMI,,,KSTORE87,Kota Medan,1371000
OPPO A58 NFC (8GB+128GB) - GARANSI RESMI,5.0,3,Duniagadgetku,Kota Jakarta Barat,2449000
PROMO HP INFINIX HOT 20i RAM 4/64 BONUS TEMPER GLAS MULUS - RAM 4/64 GB,4.375,8,BERKAT COMPUTER,Kota Jakarta Barat,1350000
ITEL A70 4+8/256 NEW GARANSI RESMI,,,KSTORE87,Kota Medan,1210000
Vivo V30 5G - 8GB/256GB,,,Komunika Sell,Kota Jakarta Selatan,5720000
Tecno Spark 20 NFC 8/256GB Garansi Resmi Tecno Indonesia,,,Zabeela Store,Kota Bandung,1749000
VIVO Y100 5G 8GB + 8GB / 256GB | SNAPDRAGON 4 GEN 2 | 5000 MAH | 80 WATT FAST CHARGING | 50 MP,,,NISFU GADGET,Kab. Sidoarjo,3899000
Oppo Reno 11 5G Ram 8/256gb Garansi Resmi,,,Cv.Garden Cell,Kota Kediri,5599000
Xiaomi Poco F4 8/256Gb Garansi Resmi,,,Dbest Cell,Kota Jambi,5700000
"Oppo A78 4G 8+8/256GB | Amoled, Snapdragon 680 4G | Garansi Resmi",,,EVOGAD,Kota Jakarta Barat,3026000
Infinix hot 12 6/128gb,,,Adisan_store,Kota Depok,2500000
Vivo V30 5G 12/512GB Garansi Resmi,,,OBONG CELL,Kota Surabaya,6999000
infinix smart 8 4+4/128 garansi resmi infinix,,,Sinar Ponsel,Kab. Bekasi,1250000
HP OPPO A57 4/128 (GARANSI RESMI),,,Star Komsel Store,Kota Makassar,2599000
"HP Tecno Pova Neo 2 Ram 4GB Internal 128GB [Helio G85, 6.82"" HD+ 90Hz, NFC, 7000mAh 18W, Android 12] Garansi Resmi",,,wwponsel_hangtuah,Kota Pekanbaru,1699000
OPPO A78 NFC RAM 8GB + 8GB Expansion / 256GB,5.0,1,NR_MOBILE,Kota Bekasi,3000000
Samsung Galaxy A54 5G 8/128GB NFC,,,HapeJOSS,Kota Semarang,5799000
OPPO RENO 11 5G 8/256 | OPPO RENO11 PRO 5G RAM 12/512 GB GARANSI RESMI,,,189 CELL,Kota Jakarta Barat,3579900
Samsung Galaxy S23 5G 8/256GB Garansi Resmi,5.0,1,Toko Lasvegas,Kota Surabaya,11200000
Asus ROG Phone 7 8/256GB & 12/256GB | Snapdragon 8 Gen 2 Garansi Resmi,,,EVOGAD,Kota Jakarta Barat,11349000
"Hp oppo A18 Ram { 4+4 }8GB/128GB , HELIO G85 ,5000MAH ,GARANSI RESMI IMEI TERDAFTAR",5.0,1,Riawan_shop88,Kab. Bogor,1545000
SAMSUNG A21s 3/32GB 6/64GB GARANSI RESMI SAMSUNG INDONESIA ORIGINAL FULL BONUS,,,Honchi Celuller,Kota Tangerang,1950000
HP BARU REALME C65 | C67 8/128GB - 8/256GB RAM Upto 16GB GARANSI RESMI 100% ORIGINAL,,,INOVATIF STOCK,Kota Medan,2399000
Samsung J4 + Plus ORIGINAL SEIN BARU DAN SEGEL,,,vinzflashsale,Kota Jakarta Utara,1797000
Samsung Galaxy S20 Plus Ram 8/128 GB (Second Bergaransi),,,HP SECOND JOSS,Kab. Serang,3800000
Redmi K20 Pro Ram 8/256 GB (Second Bergaransi),,,HP SECOND JOSS,Kab. Serang,2999000
SAMSUNG A72 RAM 8GB ROM 256GB GARANSI RESMI SAMSUNG INDONESIA,,,Honchi Celuller,Kota Tangerang,5499000
Samsung Galaxy S24 Ultra 12/256GB Garansi Resmi SEIN,,,Apollo Gadget Store,Kota Surabaya,21999000
Samsung Galaxy Z Flip5 5G Online Exclusive 512GB,5.0,2,Samsung Exclusive,Kab. Tangerang,15999000
Realme Note 50 4GB + 64GB Garansi Resmi Realme Indonesia,5.0,3,MEGA GADGET ELECTRONICS,Kota Jakarta Utara,1250000
Xiaomi REDMI A3 4/128 GB - Garansi Resmi,5.0,0,Royal Makmur Handphone & Tablet,Kota Jakarta Timur,1188000
oppo a57 ram 4/128 [4gb + 128gb] garansi resmi oppo - smartphone,,,Wahana Komunikasi,Kota Jakarta Timur,1775000
Google Pixel 6 PRO 12/128GB Super Mulus Like New Bergaransi Original TERMURAH,,,Hapeku Semarang Shop,Kota Semarang,4494000
Samsung Galaxy A05s 6/128Gb Garansi Resmi,,,GLOBAL TELESHOP OFFICIAL,Kota Jakarta Pusat,2179000
Itel S23 Plus S23+ 4/128 8/128 8/256 GB RAM 4 8 ROM 128 256 4GB 8GB 128GB 256GB HP Smartphone Android Handphone Infinix,4.8231292517006805,147,GalleryGadget Store,Kota Jakarta Pusat,2159000
Infinix Note 40 8/256GB ANDROID,,,Yulia Mobilephone,Kota Semarang,2899000
infinix Smart 8 PRO ram 16GB+128GB  (8+8gb) GARANSI RESMI 1 TAHUN,4.922388059701492,335,Leon_cell99,Kab. Bogor,1165000
XIAOMI REDMI NOTE 5 RAM 4/64GB & 6/64GB & 6/128GB Smartphone 4G LTE Garansi Distributor HP,4.885245901639344,61,3SHOP6,Kota Jakarta Barat,1249000
"Realme C51S Ram 6+128 GB layar 6,7 in unisog T612 kamera 50 mp, fast charging  garansi 1 tahun resmi (imei terdaftar)",4.7272727272727275,11,JIU_PHONCELL,Kab. Bogor,1455000
Infinix Itel A26 2/32GB 2 32GB Garansi Resmi New100%,,,CORTEX SHOP,Kota Bandung,990000
"Infinix Smart 8 4/128 GB Android 13, IPS LCD | Garansi Resmi Infinix",3.0,4,EVOGAD,Kota Jakarta Barat,1190000
Vivo Y100 4G 8/128GB - Garansi Resmi,,,MetaCore,Kota Bandung,3066000
Hp Infinix Hot 12 Play Ram 4GB Internal 64GB – Up to 7GB Extended RAM – 6.82” 90Hz Rapid Refresh Rate Display – 6000 mAh Garansi Resmi,,,wwponsel_hangtuah,Kota Pekanbaru,1299000
HP XIAOMI REDMI A3 4/128 GARANSI RESMI XIAOMI,,,Star Komsel Store,Kota Makassar,1229000
Infinix Note 30 8/256,,,17Phone Semarang,Kota Semarang,2599000
SMARTPHONE VIVO V30E 5G ORIGINAL GARANSI RESMI,,,JACOM CELL,Kota Metro,4850000
INFINIX NOTE 40 PRO 5G 8/256 NEW GARANSI RESMI,,,KSTORE87,Kota Medan,3565000
Realme 5i Ram 4/64 GB (Second Bergaransi),5.0,5,HP SECOND JOSS,Kab. Serang,1100000
Samsung Galaxy A51 8/128GB Garansi Resmi SEIN,,,Dailytek,Kota Jakarta Barat,4357000
Oppo A38 Ram 4/128 GB (Second Bergaransi),,,HP SECOND JOSS,Kab. Serang,1450000
Samsung Galaxy A33 5G 8/128GB,,,Ori Selular,Kota Bekasi,4490000
Oppo Reno 11 F Ram 8/256gb Garansi Resmi,,,Cv.Garden Cell,Kota Kediri,4399000
Infinix Hot 40 Pro ( Ram 8GB + Rom 256GB ) Garansi Resmi,,,Bejana,Kota Jakarta Pusat,2179000
Tecno Camon 20 Pro 5G 8/256GB | Mediatek Dimensity 8050 | Garansi Resmi,,,EVOGAD,Kota Jakarta Barat,3639000
OPPO A78 4G 8/256 FREE ENCOBUDS2  GARANSI RESMI,,,mtcsuper 03,Kota Makassar,3399000
"Samsung Galaxy A54 5G | 8GB+128GB - 8GB+256GB | Exynos 1380 | 50MP Triple Camera | IP67 | 6.4"" Super AMOLED | Li-Po 50000mAh | Garansi Resmi Sein 1 Tahun",,,Penabur,Kab. Bekasi,4973000
Oppo Reno 11 Pro 5G 12+512GB [+12GB Extended RAM] Garansi Resmi 1 Thn,,,Ceria Ponsel,Kota Tangerang,8383000
Smartphone OPPO RENO 8 Z 8/256GB GARANSI RESMI NEW ORIGINAL,,,hacom store surabaya,Kota Surabaya,3299000
REDMI 10C 4/128 GB GARANSI RESMI,,,SURYA HALIM PONSEL,Kota Medan,1599000
Samsung Galaxy A35 5G RAM 8/256GB Garansi Resmi,,,Raja Ponsel Bandung,Kota Bandung,4999000
virgie cell Huawei p30 lite 6/128 ex resmi Indonesia,,,virgie cell,Kota Bandung,2550000
OPPO A78 5G RAM 8/128 GB GARANSI RESMI ORIGINAL BISA KREDIVO / PAYLATER,,,ardyzhn,Kota Surabaya,3885000
Samsung A05 4GB 64GB - 4GB 128GB - 6GB 128GB - Garansi Resmi,,,GorillaTech Store,Kota Jakarta Barat,1348200
Realme C65 RAM 8/128GB Garansi Resmi,,,Raja Ponsel Bandung,Kota Bandung,2399000
OPPO A58 RAM 6/128 GB GARANSI RESMI 1 TAHUN ORIGINAL BISA KREDIVO / PAYLATER,,,ardyzhn,Kota Surabaya,2295000
Oppo A78 5G 8/128GB [Garansi Resmi Oppo],,,Planetgadget Store,Kota Jakarta Timur,3999000
virgie cell Asus rog 5 8/128 garansi juli 2022 tahun depan like new,,,virgie cell,Kota Bandung,9300000
NOKIA G10 3/32 GARANSI RESMI,,,Hokky Cell Makassar,Kota Makassar,1600000
VIVO Y20S (6/128GB) (8/128) GARANSI RESMI,,,Hapeworld,Kota Banjarmasin,2799000
OPPO A31 RAM 8/256 GB,4.782608695652174,46,Pelapak Murah,Kota Bandung,779000
VIVO Y17S 4/128 4/64 6/128 RAM 4 6 ROM 64 128 GB 4GB 6GB 64GB 128GB Smartphone Android HP Handphone,5.0,6,Original Link,Kota Jakarta Utara,1635000
Sony Xperia 5 6/64GB Super Mulus Like New All Operator Indonesia,4.615384615384615,26,Hapeku Semarang Shop,Kota Semarang,2349000
Handphone Murah A97 12/512GB HP androit termurah Promo Cuci Gudang Android Ponsel Baru Original 6.5Inci 4G/5G HD Screen Mobile Phone,,,Yinjieindonesia,Kota Jakarta Utara,966084
Google Pixel 7 8/128GB Seperti Baru Like New Murah Bergaransi All Operator Indonesia,,,Hapeku Semarang Shop,Kota Semarang,4365000
Xiaomi Redmi 13C NFC 6/128 GB 8/256 GB Garansi Resmi,5.0,3,Willsoon_Store,Kota Jakarta Barat,1499000
REALME 11 4G RAM 8GB+8GB / 256GB - 100MP HELIO G99 AMOLED 90HZ - NFC - BERGARANSI RESMI,,,NISFU GADGET,Kab. Sidoarjo,3399000
SAMSUNG GALAXY A14 SECONDHAND LIKE A NEW GARANSI DISTRIBUTOR TERPERCAYA,,,Spark Phonestore,Kota Jakarta Barat,1249000
Xiaomi Redmi 9A ram 4gb rom 128gb GARANSI 1 TAHUN,,,Super iPhone,Kota Jakarta Barat,850000
Redmi A2 Ram 3/64 GB (Second Bergaransi),5.0,1,HP SECOND JOSS,Kab. Serang,800000
infinix smart 8 pro 4/256GB no repack,,,belian store BRG,Kota Malang,1399000
oppo A31 4/128,,,Trijaya Cellular ID,Kab. Garut,1350000
OPPO A38 RAM 4/128 | OPPO A 38 4/128 GARANSI RESMI OPPO INDONESIA,5.0,1,189 CELL,Kota Jakarta Barat,1449900
"Infinix Smartphone Smart 8 Pro 8/128GB 6,6 Inch Garansi Resmi",,,ANDALAS CELLULAR,Kota Balikpapan,1375000
INFINIX HOT 11S 4/64 GB NFC NEW GARANSI RESMI,,,Ansori Cell,Kota Medan,1920000
HP OPPO A58 RAM 8GB ROM 128GB NFC,4.0,1,Pelangipelangi Shop,Kab. Bekasi,2799000
Poco F4 5G RAM 8/256 GB (Second Bergaransi),5.0,3,HP SECOND JOSS,Kab. Serang,3500000
Samsung Galaxy A31 RAM 8/128 GB (Second Bergaransi),4.833333333333333,6,HP SECOND JOSS,Kab. Serang,1500000
Samsung Galaxy A54 5G Ram 8/256 GB (Second Bergaransi),5.0,2,HP SECOND JOSS,Kab. Serang,4250000
REDMI NOTE 13 RAM 8/256 GB GARANSI RESMI ORIGINAL BNIB BISA KREDIVO / PAYLATER,,,ardyzhn,Kota Surabaya,2999000
Infinix Note 40 Pro 5G ( Ram 8GB + Rom 256GB ) Garansi Resmi,,,Bejana,Kota Jakarta Pusat,3779000
Infinix Hot 10 Play 4/64GB 3/32GB 2/32GB Garansi Resmi Infinix Indonesia Original,,,Honchi Celuller,Kota Tangerang,1299000
Xiaomi Redmi 13C RAM 6/128GB Garansi Resmi,,,Raja Ponsel Bandung,Kota Bandung,1549000
Realme 12 Pro Plus 5G 8/256GB 12/512GB - Garansi Resmi,,,Complete.Selular,Kab. Cirebon,5999000
Infinix Note 40 8/256GB Garansi Resmi,,,OBONG CELL,Kota Surabaya,2899000
OPPO RENO 8T 5G 8/128 | 8/256 GARANSI RESMI,,,mtcsuper 03,Kota Makassar,5499000
SAMSUNG A05S 6/128GB GARANSI RESMI,5.0,1,Captain Gadget Store,Kota Tasikmalaya,2199000
Xiaomi Redmi 12 8/256GB Garansi resmi xiaomi indonesia,,,lucky-drichdrew,Kota Medan,2128888
Xiaomi redmi note 11 pro Ram 8/128GB - Grade A,,,BERKAT COMPUTER,Kota Jakarta Barat,2800000
SAMSUNG GALAXY A15 LTE RAM 8/128 GB & 8/256 GB GARANSI RESMI NASIONAL,,,indahponseltamora,Kab. Deli Serdang,2567000
oppo Reno 11 Ram 8+256 GB 5G layar Amoled processor dimensity 7050 kamera 50 mp garansi 1 tahun (imei terdaftar oppo resmi),5.0,1,Gudang phoncell,Kab. Bogor,4599000
Samsung Galaxy A04s RAM 4/64GB 50MP Camera 90Hz Battery 5000mAh,5.0,1,Raja Ponsel Bandung,Kota Bandung,1649000
OPPO A57 4/64 GARANSI RESMI,,,Hokky Cell Makassar,Kota Makassar,2399000
Samsung Galaxy A01 Ram 2/16 GB (Second Bergaransi),5.0,1,HP SECOND JOSS,Kab. Serang,750000
Hp Samsung A73 5G Ram 8GB Internal 256GB Garansi Resmi,,,wwponsel_hangtuah,Kota Pekanbaru,7799000
SAMSUNG A14 5G 6/128 SECOND FULLSET - GRADE A,5.0,3,BERKAT COMPUTER,Kota Jakarta Barat,3500000
Samsung Galaxy A03 4/128GB 4/64GB Garansi Resmi Samsung Indonesia SEIN,,,Zabeela Store,Kota Bandung,1295000
Hp Samsung S24 Ultra Ram 12GB Internal 512GB Garansi Resmi,,,wwponsel_hangtuah,Kota Pekanbaru,21999000
Samsung Galaxy S23 Ultra 5G Qualcomm SM8550 Garansi Resmi,,,EVOGAD,Kota Jakarta Barat,16628000
"【Bisa COD】Asli resmi hp murah HOT 30 NFC & HOT 30S 5G 7.5"" Ponsel Baru asli HP Murah Cuci Gudang RAM 16GB+512GB HD Screen Handphone Android AMOLED 4G/5G Smartphone Android 12 Handphone Murah Garansi Resmi hp terbaru 2024",4.089285714285714,56,Top 1 smart phone,Kota Bekasi,746850
Samsung Galaxy A9 2018 128GB second Seken Bekas Preloved SEIN - Smarter,5.0,3,Smarter.id,Kota Jakarta Timur,1399000
Realme C67 8/128GB NFC android,5.0,1,HapeJOSS,Kota Semarang,2399000
[SECOND ORI] XIAOMI REDMI 10 4/64 FULL SET TERMURAH,,,Mentari Cell,Kab. Madiun,1349000
Infinix Note 12 2023 Ram 8 Rom 128GB,,,Tiga MutiaraOfficial,Kota Surabaya,1825000
Realme C67 8/128GB 8/256GB [Garansi Resmi Realme Indonesia],,,Planetgadget Store,Kota Jakarta Timur,2599000
Xiaomi Redmi 12 8/128GB & 8/256GB - Garansi Resmi 1 Tahun,4.91044776119403,201,Bintang Timur Selindo,Kota Jakarta Barat,1950000
Oppo A60 8/128 8/256 Snapdragon 680 Military-Grade Shock Resistance Splash Touch Garansi Resmi Bisa COD,4.851851851851852,27,DST HP,Kota Jakarta Utara,2573010
Xiaomi Pad 6s Pro 12.4 8/256GB Garansi Resmi Indonesia TAM,,,Honchi Celuller,Kota Tangerang,4999000
Infinix Note 40 8/256GB NFC,,,HapeJOSS,Kota Semarang,2899000
Infinix Smart 8 Pro 8/128Gb Garansi Resmi,5.0,22,initokobudi shop,Kota Jakarta Selatan,1395000
HP OPPO A17 RAM 4/64 GB NEW SMARTPHONE GARANSI SECOND GRADE A,,,BERKAT COMPUTER,Kota Jakarta Barat,1350000
Pocophone Poco M4 Pro 8 256 RAM 8GB ROM 256GB GARANSI RESMI,,,METRO GROSIR SELULLER,Kota Cilegon,3386000
XIAOMI Poco M6 pro 8/256 Garansi Resmi,,,NPDJY_NAPIDOJ,Kota Malang,2999000
Realme C30s 3/32GB Garansi Resmi,,,Alibabastore.id,Kota Malang,999000
virgie cell Samsung a12 4/128 like new Garansi mei 2022 taun depan,,,virgie cell,Kota Bandung,1950000
OPPO A54 [6/128 GB] GARANSI RESMI,,,Top Cellular Makassar,Kota Makassar,3099000
INFINIX NOTE 40 PRO 8/256 NEW GARANSI RESMI,,,KSTORE87,Kota Medan,3400000
Vivo Y30i Ram 4/64 GB (Second Bergaransi),4.666666666666667,3,HP SECOND JOSS,Kab. Serang,999000
"Tecno Spark Go 2023 4/64GB 6,6 Inch Garansi Resmi",,,ANDALAS CELLULAR,Kota Balikpapan,1199000
Vivo V30e 5G 8/256GB Garansi Resmi,,,OBONG CELL,Kota Surabaya,4999000
VIVO V23E 8/128 RAM 8GB INTERNAL 128GB SECOND 99% MULUS FULLSET,,,NMX STORE,Kota Bandung,3300000
Xiaomi Redmi 10 5G 4/128 6/128 RAM 4 6 ROM 128 GB 4GB 6GB 128GB HP Smartphone Android Original Garansi Resmi Handphone,5.0,1,SuperGadget,Kota Jakarta Pusat,1569000
Tecno Camon 20 pro 4G 8/256 Garansi Resmi,,,Galeri-Hp 040595,Kota Jakarta Pusat,2599000
vivo Y100 4G - Garansi resmi,,,Gundala store,Kota Jakarta Pusat,2835000
oppo A53 4/128,5.0,4,Trijaya Cellular ID,Kab. Garut,1500000
XIAOMI REDMI NOTE 10S [6/128 GB] GARANSI RESMI,,,Top Cellular Makassar,Kota Makassar,2599000
"OPPO RENO 6 RAM 8/128 ,NFC , VOOC , GARANSI RESMI , BARU , SEGEL",,,CELLULAR SURABAYA,Kota Surabaya,4298999
Samsung Galaxy S20 Ultra Ram 12/128 GB (Second Bergaransi),,,HP SECOND JOSS,Kab. Serang,4850000
REDMI 10 5G 4/128 & 6/128 GARANSI RESMI,,,SURYA HALIM PONSEL,Kota Medan,1699000
Oppo A78 4G ram 8/256gb Garansi Resmi,,,Cv.Garden Cell,Kota Kediri,3399000
OPPO A78 5G 8/128 GARANSI RESMI (RAM 8+8) 33W SUPERVOOC,,,mtcsuper 03,Kota Makassar,3499000
REDMI NOTE 13 Pro+ 5G RAM 12/512 GB GARANSI RESMI ORIGINAL BISA KREDIVO / PAYLATER,,,ardyzhn,Kota Surabaya,6199000
Infinix Note 40 Pro 5G Garansi Resmi,,,vinzflashsale,Kota Jakarta Utara,3747000
REALME 9 PRO 5G 6/128GB 8/128GB-GARANSI RESMI,,,Hapeworld,Kota Banjarmasin,3799000
Samsung Galaxy A54 5G 8/128GB - 8/256GB Garansi Resmi,,,Alibabastore.id,Kota Malang,5999000
Samsung Galaxy S21 FE 5G Ram 8/256 GB (Second Bergaransi),,,HP SECOND JOSS,Kab. Serang,4600000
REALME 12 PRO+ 5G 8/256,,,Naga Cell Sidareja,Kab. Cilacap,5999000
Oppo Reno 11 F 5G Cph2603  8gb/256gb,5.0,1,Dukomsel Handphone,Kota Bandung,4599000
ASUS ZENFONE 10 8GB/128GB Garansi Resmi,,,Maju hardware Online Shop,Kota Madiun,8761000
Asus Rog Phone 5s 8GB/128GB - Garansi Resmi,,,Ucell Cempaka,Kota Jakarta Timur,7855000
Infinix Note 30 8GB/256GB - Garansi Resmi,,,Ucell Cempaka,Kota Jakarta Timur,2049000
REALME 9 8/128- GARANSI RESMI,,,Hapeworld,Kota Banjarmasin,3599000
itel P55 5G RAM 6+128GB Android 13 | 5G - 50MP Dual Clear Camera,5.0,1,Ceria Ponsel,Kota Tangerang,1506000
Samsung Galaxy A14 4/128 Garansi Resmi,,,semarang gadget,Kota Semarang,2180000
Hp Vivo Murah Vivo Y28 8/256GB RAM 8GB ROM 256GB 44W FlashCharge NFC Terbaru 2024 Garansi Resmi,4.967213114754099,549,DST HP,Kota Jakarta Utara,2195000
hp samsung A03 core ram 2/32 garansi resmi  1 tahun,5.0,11,Gadgetstoreofc,Kab. Bojonegoro,1249000
Hp Murah oppo Reno11 F 5G 8/256 64MP AI Portrait Camera  MediaTek Dimensity 7050 Garansi Resmi,5.0,3,DST HP,Kota Jakarta Utara,4355010
Infinix Hot 40i NFC 8/256GB Garansi Resmi,4.909090909090909,22,Bandarhpmurah,Kota Jakarta Utara,1699000
Oppo A95 8/128GB NFC Bergaransi Resmi Oppo Indonesia,,,Rumah Gadget 0fficial,Kota Surabaya,3798000
"Xiaomi Poco X5 Pro 5G [6GB+128GB - 8GB+256GB] Extended RAM - Snapdragon 778G - 108MP Triple Camera - NFC - 6.67"" AMOLED - Garansi Resmi Xiaomi 15 Bulan",5.0,16,Penabur,Kab. Bekasi,3723000
Hp Oppo Murah Asli Oppo Reno 11F 5G 8+256GB RAM 8GB ROM 256GB 64MP Kamera Terbaru 2024 Garansi Resmi,4.967320261437909,76,XCI,Kota Jakarta Utara,4399000
ZTE Blade A54 4/128,,,SOLID CELLULAR MEDAN,Kota Medan,1190000
Vivo Y35 Ram 8/128 GB (Second Bergaransi),,,HP SECOND JOSS,Kab. Serang,1600000
Infinix Smart 8 4/128GB Garansi Resmi,,,Toko Lasvegas,Kota Surabaya,1270000
"INFINIX NOTE 30 , RAM 8/256GB , CAM 64MP, FAST CHARGING, GARANSI RESMI",,,ANDROID CENTRAL CELL,Kota Makassar,2299000
XIAOMI REDMI NOTE 13 5G RAM 8GB/256GB GARANSI RESMI NASIONAL,,,indahponseltamora,Kab. Deli Serdang,3146000
"Xiaomi Redmi Note 12 Pro [5G] 8/256GB - Garansi Resmi 1 Tahun [ Display Type AMOLED, Size 6.67 inches, Chipset Mediatek Dimensity 1080, Main Camera Triple 50MP+8MP+2MP, Selfie camera Single 16MP, Battery Type Li-Po 5000 mAh]",5.0,1,Bintang Timur Selindo,Kota Jakarta Barat,3887000
OPPO A5 2020 3/64GB 4/128GB GARANSI RESMI ORIGINAL FULL BONUS,5.0,2,Honchi Celuller,Kota Tangerang,1700000
OPPO RENO 8T 4G 8/256GB Garansi Resmi,,,hacom store surabaya,Kota Surabaya,3199000
Xiaomi Redmi 5 Plus - RAM 4GB / ROM 64GB - Garansi 1 Tahun,,,BroO_CeLL,Kab. Bogor,779890
realme C67 8/128 8/256  - Garansi resmi,,,Gundala store,Kota Jakarta Pusat,2125000
XIAOMI POCO M4 PRO [8/256 GB] GARANSI RESMI,,,Top Cellular Makassar,Kota Makassar,3499000
VIVO Y27S 8/256 NEW GARANSI RESMI,,,KSTORE87,Kota Medan,2400000
Samsung Galaxy A04s 4/128GB Garansi Resmi SEIN,,,Apollo Gadget Store,Kota Surabaya,1799000
"Infinix Smart 8 Pro 8/128GB- Up to 16GB Extended RAM - 6.6"" 90Hz Puch Hole Display - Helio G36 - 5000 mAh",,,MEDIKOM_88,Kab. Cirebon,1499000
itel S23 Plus + 8/256GB Garansi Resmi itel Indonesia Infinix,,,Honchi Celuller,Kota Tangerang,1499000
Infinix Hot 12 Play 4/64GB,,,Alibabastore.id,Kota Malang,1649000
vivo Y27 4G 6/128GB - 50MP Camera Garansi Resmi,,,Toko Lasvegas,Kota Surabaya,2000000
Realme C55 8/256 GB - Garansi Resmi 1 Tahun,,,Maju hardware Online Shop,Kota Madiun,2671000
Xiaomi Poco X6 Pro 5G 12/512 GB Garansi Resmi,,,ARSENTO 99,Kota Malang,5199000
Tecno Pova 5 Pro 5G 8/256 GB Garansi Resmi Tecno Indonesia,,,Zabeela Store,Kota Bandung,2599000
Realme C30S 4/64GB Garansi Resmi Indonesia,,,Apollo Gadget Store,Kota Surabaya,1599000
REDMI POCO X6 PRO 5G RAM 12/512 GB GARANSI RESMI ORIGINAL 1 TAHUN,,,ardyzhn,Kota Surabaya,5699000
samsung note 20ultra 12/256,,,Istoree,Kota Bandung,11750000
OPPO A78 4G NFC 8/256GB Garansi Resmi Indonesia,,,Apollo Gadget Store,Kota Surabaya,3399000
Xiaomi Mi 11 Lite 4G 8/128GB 6/128GB 6/64GB Garansi Resmi Xiaomi Indonesia TAM Original,,,Honchi Celuller,Kota Tangerang,4899000
Xiaomi Poco M5s 4gb/64gb NFC - AMOLED 6.43'' inc New Original Garansi Resmi - No Repack,,,TJSTORE Surabaya,Kota Surabaya,1549000
Samsung A14 6/128GB 5G Garansi Resmi,,,GorillaTech Store,Kota Jakarta Barat,2617515
Hp Samsung Galaxy Z Fold 5 Ram 12GB Internal 256GB,,,wwponsel_hangtuah,Kota Pekanbaru,24999000
"【Beli 1 Gratis 1】Baru Asli HP Smartphone A97 RPO 5G Android hp murah 16GB RAM + 512GB ROM Handphone Layar 7,5inci Kamera HD Google Player 5G Telepon Bluetooth 5G WiFi Smartphone Siswa Belajar Ponsel dual card dual standby gaming phone hp murah A57/A5",4.454545454545454,22,Top 1 smart phone,Kota Bekasi,746850
Redmi 9A ram 2/32 nominus masih mulus fullshet second rasa baru garansi resmi Indonesia,5.0,8,Rizky Hawers Cell,Kab. Bogor,750000
Samsungs 10 plus ram 8/128gb resmi sein dual sim,,,AGstore-agcelluler,Kota Tangerang,4500000
"Realme C53 6/128GB [Garansi Resmi Realme] - 6/128GB, Black",,,Planetgadget Store,Kota Jakarta Timur,1999000
OPPO F5 RAM 6/128 GB,4.846153846153846,39,berkah amanah shops,Kota Bandung,539000
Samsung A14 5G Ram 6 Rom 128GB,,,Tiga MutiaraOfficial,Kota Surabaya,2249000
oppo a95 8/128 [8gb 128gb] garansi resmi,,,Wahana Komunikasi,Kota Jakarta Timur,2850000
XIAOMI REDMI 12 8/256GB - GARANSI RESMI,,,Hapeworld,Kota Banjarmasin,2199000
TECNO CAMON 20 PRO - Ram 16GB / 256GB - Amoled 120Hz - Helio G99 - Garansi Resmi,5.0,1,NISFU GADGET,Kab. Sidoarjo,2899000
OPPO A78 NFC RAM 8GB/256GB Garansi Resmi - Grandivo,5.0,3,Grandivoo,Kab. Sidoarjo,3432990
vivo y17s Ram 6+128 GB helio G85 kamera 50 mp garansi resmi 1 tahun resmi (imei terdaftar),5.0,49,Gudang phoncell,Kab. Bogor,1445000
"Hp Vivo Y28 ( NFC ) RAM 8GB+256GB batrai 6000mah ,cam 50mp ,imei terdaftar ( etalase penganti A77s)",4.764705882352941,34,Riawan_shop88,Kab. Bogor,2390000
Smartphone tipe REDMI 13C ram 8/256GB FULLSET GARANSI 1 TAHUN,4.5,4,FX PhoneStore,Kota Jakarta Barat,1245000
XIAOMI REDMI 12 8/256 & 8/128 NEW GARANSI RESMI,5.0,31,J3 ID,Kota Medan,2029000
Itel S23 90Hz 5000mAh 8/256 & 8/128 +EXTENDED RAM 8GB TOTAL RAM 16GB  GARANSI RESMI ITEL,4.95,40,DiamondCell,Kota Jakarta Barat,1285000
Samsung Galaxy A32 8/128 GB (Second Bergaransi),4.4,10,HP SECOND JOSS,Kab. Serang,1750000
ITEL A70 3/4+128GB - 13MP Super HDR Cam 5000 mAh | Garansi Resmi,5.0,3,EVOGAD,Kota Jakarta Barat,1117000
Xiaomi Poco C65 NFC 6/128 | 8/256 GB Garansi Resmi,,,INDIGO CELLULER,Kota Jakarta Pusat,1425000
INFINIX NOTE 10 PRO,,,Syihab Group Store,Kota Banjarbaru,2699000
Realme C53 RAM 6+6GB ROM 128GB NFC 50Mp Camera 33W Supervooc Charge,,,Diari_Shop,Kota Bandung,2099000
"Tecno Spark 20 PRO 12/256GB, Mediatek Helio G99 | Garansi Resmi",5.0,1,EVOGAD,Kota Jakarta Barat,2400000
INFINIX HOT 11 [4/64 GB]  GARANSI RESMI,,,Top Cellular Makassar,Kota Makassar,1849000
Xiaomi Redmi Note 9 pro Ram 6 Rom 64Gb,,,Tiga MutiaraOfficial,Kota Surabaya,1899000
Oppo A78 5G 8/128GB NFC 33W FastCharge 5000mAh Baterai Gratis Ongkir Garansi Resmi Terbaru hp Oppo,,,CC  Shop,Kota Jakarta Utara,3599000
Realme Note 50 Ram 4/64GB l Baru l Segel l Garansi Resmi,,,ORLINSASHA,Kab. Jember,1399000
Tecno Camon 20 Pro Mediatek MT8781 Helio G99 Garansi Resmi,,,JS ESTORE,Kota Jakarta Barat,2776000
Realme 11 pro+ 5G 12/512GB [Garansi Resmi Realme Indonesia],,,Planetgadget Store,Kota Jakarta Timur,6599000
Poco F5 12/256 8/256 Garansi Resmi,5.0,2,Galeri-Hp 040595,Kota Jakarta Pusat,5799000
Samsung Galaxy A05 Ram 4/64 GB (Second Bergaransi),,,HP SECOND JOSS,Kab. Serang,1200000
SAMSUNG GALAXY ZFLIP4 256GB,,,Diamond Cell,Kota Bandung,9299000
Samsung Galaxy A04 4/64GB 3/32GB Garansi Resmi Samsung Indonesia SEIN,,,Honchi Celuller,Kota Tangerang,1450000
Samsung Galaxy Z Flip 3 5G 128GB 256GB Cream Black Green SEIN,,,METRO GROSIR SELULLER,Kota Cilegon,16000000
ITEL P55 5G RAM 6/128 & P55 4G NFC RAM 8/128GB 8/256GB GARANSI RESMI ITEL,5.0,1,Rajalaku Store.Id,Kab. Tangerang,1319000
Realme C65 Garansi Resmi Realme,5.0,1,Gudang HP Tangerang,Kab. Tangerang,2205000
virgie cell Asus rog 3 8/128 garansi resmi Indonesia,,,virgie cell,Kota Bandung,6795000
OPPO A9 2020 8/128GB GARANSI RESMI ORIGINAL FULL BONUS,,,Honchi Celuller,Kota Tangerang,2500000
Hp Samsung Galaxy Z Fold 5 Ram 12GB Internal 1TB,,,wwponsel_hangtuah,Kota Pekanbaru,29999000
Oppo Reno 8T 8/256GB Garansi Resmi Indonesia,,,Apollo Gadget Store,Kota Surabaya,4399000
Samsung Galaxy S24 8/512GB Garansi Resmi SEIN,,,Apollo Gadget Store,Kota Surabaya,15999000
【HP BARU】【BISA COD】Promo VIVO Y36 8/256 Dynamic Glass Design Camera 50MP,,,success9913,Kota Jakarta Barat,4499000
SMARTPHONE A54 RAM 6/128GB FULLSET GARANSI 1 TAHUN,4.576271186440678,59,Best Phone,Kota Jakarta Barat,817000
Xiaomi Redmi Note 12 Pro 4G 8GB/256GB - Garansi Resmi,,,Ucell Cempaka,Kota Jakarta Timur,4269000
Google Pixel 5A 5G 6/128GB DUAL SIM Super Mulus Like New Murah Bergaransi,5.0,3,Hapeku Semarang Shop,Kota Semarang,2795000
Vivo Y28 6/128 8/256 Helio G85 Processor 44W FlashCharge Dual Stereo Speaker Garansi Resmi Bisa COD,4.905,400,DST HP,Kota Jakarta Utara,2195000
Infinix GT 20 Pro 5G 8/256GB RAM 8 ROM 256 8GB 256GB GT20 Pro Gaming Phone Smartphone Android Garansi Resmi,,,Original Link,Kota Jakarta Utara,4209000
HUANGMI F6 GO ANDROID 4G 1/8GB  FACE UNLOCK,,,sarangponsel,Kota Jakarta Utara,425000
Xiaomi Redmi Note 12 Pro 8GB + 256GB Garansi Resmi Xiaomi Indonesia,,,MEGA GADGET ELECTRONICS,Kota Jakarta Utara,3389000
PROMOO RAMADAN SAMSUNG A12 BERGARANSI,4.0,4,BERKAT COMPUTER,Kota Jakarta Barat,1330000
"TECNO CAMON 20 Premier 5G – 108MP UltraWide+Macro Camera with Sensor shift OIS+EIS+RGBW Pro, 32MP AI Shining Selfie, MTK Dimensity 8050, 120Hz AMOLED, 8+8GB*+512GB, 5000mAh + 45watt, Android 13, Garansi 12+1",5.0,2,TECNO,Kota Jakarta Utara,5999000
Infinix Note 30 Pro 8/256 Garansi Resmi,,,antaboga phone,Kota Bandung,2678000
REALME C35 (4GB+128GB) - GARANSI RESMI,5.0,16,Duniagadgetku,Kota Jakarta Barat,1499000
realme C31 3/32GB Garansi Resmi,4.764705882352941,17,OBONG CELL,Kota Surabaya,1209000
ZTE BLADE A54 RAM 4/128GB BNIB - NEW GARANSI RESMI,5.0,1,KOTAK KATIK,Kab. Purwakarta,1115000
Samsung Galaxy A15 8/256GB NEW Garansi Resmi FREE ADAPTER ORI SAMSUNG,5.0,13,OBONG CELL,Kota Surabaya,3190720
Vivo V30 5G terbaru 2024 ori RAM 12GB+12GB ROM 512GB 80W FlashCharge Vivo Hp Murah Garansi Resmi,4.920792079207921,48,XCI,Kota Jakarta Utara,5309000
HP NOKIA 3310 Original Classic/Handphone Nokia 3310 Jadul,4.363636363636363,11,GD_ExStore,Kab. Sleman,499000
Redmi 13c,,,Marketa Solutions,Kab. Brebes,1769000
Realme C53 Ram 6/128 GB Garansi Resmi,,,Cv.Garden Cell,Kota Kediri,1780000
Xiaomi Poco C65 6/128 GB 8/256 GB,,,digitalselulargroup,Kota Medan,1735000
OPPO A38 RAM 4/128GB & 6/128GB (EXTENDED RAM) ROM 128GB GARANSI RESMI OPPO INDONESIA,5.0,1,Rajalaku Store.Id,Kab. Tangerang,1675000
Smartphone Tecno Pova Neo 2 4/128GB Uranolith Grey Garansi Resmi,,,cworld.id,Kota Denpasar,1899000
Xiaomi Redmi Note 13 8/256GB Garansi Resmi,,,hacom store surabaya,Kota Surabaya,2799000
"Oppo A18 [4GB/128GB] Expansion RAM 4GB - Helio G85 - IP54 - 6.56"" IPS LCD - Li-Po 5000mAh Garansi Resmi 1 Tahun",5.0,5,Penabur,Kab. Bekasi,1583000
VIVO V30e *garani resmi*,,,BANTEN PONSEL,Kota Serang,4099000
REALME C65 8/128 & 8/256 NEW GARANSI RESMI,,,J3 ID,Kota Medan,2219000
Infinix Smart 8 4/128GB 3/64GB Garansi Resmi Infinix Indonesia,,,Honchi Celuller,Kota Tangerang,1099000
XIAOMI REDMI NOTE 11 PRO 5G [8/128 GB] GARANSI RESMI,,,Top Cellular Makassar,Kota Makassar,4149000
Infinix Hot 40 Pro 8/256,5.0,1,SOLID CELLULAR MEDAN,Kota Medan,2115000
XIAOMI REDMI NOTE 10 PRO [6/128 GB] GARANSI RESMI,,,Top Cellular Makassar,Kota Makassar,3399000
"INFINIX SMART 7 , RAM 4/64GB, CAM 13MP, GARANSI RESMI",,,ANDROID CENTRAL CELL,Kota Makassar,1299000
OPPO A38 RAM 6/128GB GARANSI RESMI,,,hacom store surabaya,Kota Surabaya,2099000
Xiaomi Pad 6s Pro Ram 8/256gb Garansi Resmi,,,Cv.Garden Cell,Kota Kediri,7770000
Xiaomi Redmi Note 12 Pro 5G (8GB+5GB/256GB) - NFC - Garansi Resmi,5.0,1,MEDIKOM_88,Kab. Cirebon,3899000
Xiaomi Redmi Note 12 Pro 5G | 8/256GB | Mediatek MT6877V,5.0,2,EVOGAD,Kota Jakarta Barat,3868000
iQoo 12 5G Ram 16 Rom 512GB,,,Tiga MutiaraOfficial,Kota Surabaya,11299000
REALME C17 6/256GB GARANSI RESMI REALME INDONESIA ORIGINAL FULL BONUS,5.0,7,Honchi Celuller,Kota Tangerang,1499000
OPPO RENO 4 8/128GB GARANSI RESMI ORIGINAL FULL BONUS,,,Honchi Celuller,Kota Tangerang,4999000
promooo samsung a32 8/128gb second fullset bergaransi,,,BERKAT COMPUTER,Kota Jakarta Barat,2450000
Oppo A16K 4/64GB Garansi Resmi Indonesia,,,Apollo Gadget Store,Kota Surabaya,1999000
SAMSUNG GALAXY A15 5G 8/256 & A15 4G 8/128 & 8/256 NEW GARANSI RESMI,5.0,3,J3 ID,Kota Medan,2649000
OPPO RENO 4F - 8GB/128GB - FULLSET RESMI TERMURAH [BISA COD],5.0,7,Mentari Cell,Kab. Madiun,1934000
Itel S23 S23+ 4/128 8/128 8/256 GB RAM 4 8 ROM 128 256 4GB 8GB 128GB 256GB S23 Plus HP Smartphone Android Infinix Handphone,4.931034482758621,29,SuperGadget,Kota Jakarta Pusat,2149000
Realme Note 50 [Garansi Resmi Realme Indonesia],,,Planetgadget Store,Kota Jakarta Timur,1299000
"SAMSUNG A05 RAM 6+6 /128GB ,CAM 50MP ,BAT 5000MAH, HELIO G85 GARANSI RESMI ,DAN TERDAFTAR DIKEMENTRIAN",5.0,13,Riawan_shop88,Kab. Bogor,1385000
ZTE Nubia Neo 5G 8/256GB - Garansi Resmi 1 Tahun,5.0,2,Bintang Timur Selindo,Kota Jakarta Barat,2475000
Xiaomi Redmi 9 Ram 3 Rom 32GB,,,Tiga MutiaraOfficial,Kota Surabaya,999000
Infinix Hot 12 Play Ram 4 Rom 64GB,,,Tiga MutiaraOfficial,Kota Surabaya,1299000
Samsung Galaxy M33 5G 8/128GB Garansi Resmi Samsung,,,K M B Store,Kab. Ponorogo,2799000
"Xiaomi Redmi 13 8GB + 128GB/256GB | Redmi 13C 6GB/8GB + 128GB/256GB - Bisa Cicilan Tanpa Kartu Kredit - HP Murah - Garansi Resmi 1 Tahun ( Kredivo, Laz Pay Later, Bisa COD, Original )",4.917808219178082,73,velvet cellular,Kota Jakarta Pusat,1498000
realme Note 50 Garansi Resmi,5.0,2,BandarHpNusantara,Kota Jakarta Utara,1249000
"Hp infinix HOT 40i Terbaru RAM 16GB+256GB ,(NFC) ,CAM 50MP, 5000 MAH ,18W, GARANSI RESMI 1TAHUN ,IMEI TERDAFTAR KEMENTRIAN",5.0,19,Riawan_shop88,Kab. Bogor,1275000
"itel S23 - rear Camera 50MP, Battery 5000mAh - Garansi resmi",4.944852941176471,272,Gundala store,Kota Jakarta Pusat,1355000
realme C35 4/64GB Garansi Resmi,4.9868421052631575,76,OBONG CELL,Kota Surabaya,1709000
Infinix smart 8 Ram 3/64GB ram 4/128GB,,,BANTEN PONSEL,Kota Serang,1069000
SAMSUNG A03 CORE 2/32GB A03 3/32GB A03 4/64Gb,,,Makassar Accesoris,Kota Makassar,1249999
VIVO Y100 5G 8/128GB Garansi Resmi NEW,,,OBONG CELL,Kota Surabaya,3599000
XIAOMI POCO X5 5G 8/256 & 6/128 NEW GARANSI RESMI XIAOMI,3.5,1,J3 SHOP,Kota Medan,3049000
Vivo iQOO Z7x [8GB/128GB - 8GB/256GB] Snapdragon 695 - Liquid Cooling System - 6000mAh Garansi Resmi 1 Tahun,5.0,4,Penabur,Kab. Bekasi,3143000
Xiaomi Poco F4 Gt 13/256Gb Garansi Resmi,,,Dbest Cell,Kota Jambi,9000000
itel Pad 2 4/128GB Battery 6000mAh - Garansi resmi,,,Gundala store,Kota Jakarta Pusat,1595000
Xiaomi Redmi 12C 4/64 - Garansi Resmi,5.0,2,Maju hardware Online Shop,Kota Madiun,4200000
XIAOMI REDMI NOTE 13 PRO 4G RAM 8/256GB - NEW GARANSI RESMI,,,KOTAK KATIK,Kab. Purwakarta,3799000
Redmi Note 13 pro+,,,AGUNG CELL TASIKMALAYA,Kota Tasikmalaya,5999000
INFINIX HOT 11 Play [3/32 GB] GARANSI RESMI,,,Top Cellular Makassar,Kota Makassar,1549000
Realme C67 8/256GB Garansi Resmi Indonesia,,,Apollo Gadget Store,Kota Surabaya,2799000
vivo Y28 8/128GB - Garansi Resmi,,,Toko Lasvegas,Kota Surabaya,2599000
redmi not 11 6/128 like new,,,Trijaya Cellular ID,Kab. Garut,2500000
XIAOMI REDMI 12 RAM 8/128GB 50MP Camera Chipset Helio G88 5000mAh,5.0,1,Raja Ponsel Bandung,Kota Bandung,1999000
HP smartphone Vivo V23 [5G] Ram 8GB + 4GB Extended Ram Internal 128GB Android Garansi Resmi - Gold,5.0,1,Jagad Phone,Kota Surabaya,5999000
Vivo y27 5G Ram 6+128 GB helio G85 garansi resmi vivo 1 tahun,5.0,3,Gudang phoncell,Kab. Bogor,1795000
Xiaomi Redmi Note 12 Pro RAM 8/256GB 108MP Pro-grade Snapdragon 732G Garansi Resmi,,,Raja Ponsel Bandung,Kota Bandung,3699000
Vivo Y16 4/128 GB - Resmi,,,Mitra Aneka Store,Kab. Bekasi,1493000
"PROMO HP Xiaomy Poco M4 Pro 8/256GB Smartphone - BONUS TEMPER GLASS - Biru, RAM 6/128GB",3.5,4,BERKAT COMPUTER,Kota Jakarta Barat,2300000
[BEST SELLER] OPPO HP SMARTPHONE  A57  5G  / A77 5G / A78 5G  RAM 8/256GB  (Garansi 1 Tahun) COD,,,3SHOP6,Kota Jakarta Barat,2395000
SAMSUNG A02 3/32 garansi resmi - Abu-abu,,,HOKI_999,Kota Tangerang,1723850
Hp Itel A60s Ram 4GB Internal 64GB Garansi Resmi,,,wwponsel_hangtuah,Kota Pekanbaru,1099000
Samsung Galaxy S23 Ultra 12/256 12/512 GB 12/1TB RAM 12 ROM 256 512 1TB 12GB 256GB 512GB Smartphone SEIN Android HP Handphone,,,GalleryGadget Store,Kota Jakarta Pusat,19999000
Infinix Hot 12 Play NFC 4/128GB 4/64GB Garansi Resmi Infinix Indonesia Original,,,Honchi Celuller,Kota Tangerang,1399000
REALME C65 8/128GB/256GB GARANSI RESMI,,,indahponseltamora,Kab. Deli Serdang,2183000
"Xiaomi Smartphone 12T 8/256GB 6,67 Inch Garansi Resmi",,,ANDALAS CELLULAR,Kota Balikpapan,6470000
Advan Nasa Plus - 2/16GB - Garansi Resmi,,,Ucell Cempaka,Kota Jakarta Timur,819000
Xiaomi Poco M5 Ram 4 Rom 128GB,,,Tiga MutiaraOfficial,Kota Surabaya,1599000
Xiaomi Redmi Note 12 6/128 Garansi Resmi,5.0,2,semarang gadget,Kota Semarang,2649900
XIAOMII A3 RAM 4/128GB GARANSI RESMI,,,DANcell Resmi,Kab. Nganjuk,1199000
Vivo Y18 4/64GB NFC resmi,,,Yulia Mobilephone,Kota Semarang,1599000
Samsung A50s ram 6 / 128gb sein dual sim resmi,5.0,2,AGstore-agcelluler,Kota Tangerang,1890000
XIAOMI REDMI NOTE 11 PRO 5G - 8GB/128GB - Qualcomm SM6375 Snapdragon 695 5G (6 nm),4.9393939393939394,33,Mentari Cell,Kab. Madiun,2599000
INFINIX SMART 6 RAM 3/64 FULLSET MURAH ISTIMEWA,5.0,1,Media Com,Kota Jakarta Barat,975000
INFINIX NOTE 40 PRO 8/256 GB GARANSI RESMI INFINIX NOTE 40 PRO NFC 8/256 GB,,,Gadget Ind Store,Kota Tangerang,3725000
Hp Realme Not 50  ram 4/128 GB unisog T612 garansi resmi 1 tahun imei terdaftar,4.8768115942028984,138,JIU_PHONCELL,Kab. Bogor,1195000
Infinix Hot 40i 8/256– Up to 16 GB Extended RAM - 90Hz - Super Fluid Punch Hole Display - 5000mAh,4.757575757575758,33,Fan Fan Shop,Kota Bekasi,1698000
VIVO Y27S NFC 8+256 GB Snapdragon 680 batrai 5000 mah  Fast Charge,5.0,20,Leon_cell99,Kab. Bogor,1975000
REALME C51S 6/128 GARANSI RESMI,4.9655172413793105,29,Bintangempat Store,Kota Palembang,1689000
poco m5s ram 4/64GB *resmi*,,,BANTEN PONSEL,Kota Serang,1229000
XIAOMI NOTE 13 PRO 5G 4G 8/256 GARANSI RESMI [SNAPFRAGON 7S GEN2 6.67 INCH AMOLED 200MP CAMERA 5100MAH BATTERY],4.544973544973545,189,Bintangempat Store,Kota Palembang,3789000
Xiaomi Redmi 13c terlaris sepanjang 2024,5.0,8,AGUNG CELL TASIKMALAYA,Kota Tasikmalaya,1499000
"Samsung Galaxy S21 FE 256GB, 32MP Selfie kamera, HP android Snapdragon 888 5G chipset, 4500 mAh battery, Smartphone, Android, Garansi resmi, Samsung official store",4.950649350649351,385,Samsung,Kota Depok,7999000
Samsung Galaxy S23 FE 5G - S711 - 8/256GB - 8/128GB - GARANSI RESMI SEIN,,,Smile Mobile Phone Shop,Kota Bandung,7999000
Xiaomi Redmi Note 12 Pro 8/256GB 6/128GB New Bergaransi Resmi,,,Pusat HaPe Surabaya,Kota Surabaya,3147000
C253 GRAND 5.5 inch 512MB RAM 4GB ROM,,,iCherry Indonesia,Kab. Deli Serdang,344044
REDMI 13C NFC 8+256 GB kamera 50mp helio G85 GARANSI RESMI/TAM,5.0,9,Leon_cell99,Kab. Bogor,1575000
Samsung Galaxy M34 5G 8/128 GB Garansi Resmi SEIN,,,Gudang-HP com,Kota Jakarta Pusat,3342000
Realme C53 6/128 GB NFC Garansi Resmi,5.0,4,antaboga phone,Kota Bandung,2014000
SMARTPHONE XIAOMI REDMI NOTE 13 8/256 4G & 5G ORIGINAL GARANSI RESMI,,,JACOM CELL,Kota Metro,2599000
Xiaomi Note 12 Pro - 8/256GB - GARANSI RESMI PT. XIAOMI INDONESIA,,,Smile Mobile Phone Shop,Kota Bandung,3799000
VIVO V23 5G 8/128 GB | GARANSI RESMI,,,Top Cellular Makassar,Kota Makassar,5999000
OPPO A53 4/128GB | GARANSI RESMI,,,Top Cellular Makassar,Kota Makassar,2699000
OPPO Find N3 Flip 12GB/256GB 6.8 Inch Garansi Resmi,,,ANDALAS CELLULAR,Kota Balikpapan,15999000
Itel Pad 2 4/128GB - Garansi Resmi 1 Tahun,,,Bintang Timur Selindo,Kota Jakarta Barat,1609000
REDMI NOTE 12 RAM 8/128 GB garansi resmi 1 tahun original bisa kredivo / paylater,,,ardyzhn,Kota Surabaya,2575000
Infinix Zero 5G 2023 X6815D ( 8GB + 256GB ),,,Bejana,Kota Jakarta Pusat,2879000
Infinix Note 40 Pro 8/256GB Garansi Resmi Infinix Indonesia,,,Zabeela Store,Kota Bandung,3799000
Vivo V25 Pro 5G Ram 12/256 GB (Second Bergaransi),5.0,1,HP SECOND JOSS,Kab. Serang,3750000
VIVO X60 5G 8GB+3GB 128GB 8/128GB GARANSI RESMI VIVO INDONESIA,,,Honchi Celuller,Kota Tangerang,5799000
Samsung Galaxy Z Fold5 5G - F946 - 12/256GB - GARANSI RESMI SEIN,,,Smile Mobile Phone Shop,Kota Bandung,24999000
Samsung A21s mulus bergaransi,,,FR Store Solo,Kab. Sukoharjo,1373000
SAMSUNG S23 PLUS 5G [8/256 GB] | GARANSI RESMI,5.0,1,Top Cellular Makassar,Kota Makassar,13999000
Samsung Galaxy Note 10 Ram 8/256 GB (Second Bergaransi),,,HP SECOND JOSS,Kab. Serang,3999000
Oppo Reno 6 5G Ram 8/128 GB (Second Bergaransi),,,HP SECOND JOSS,Kab. Serang,2750000
Xiaomi Redmi Mi 11T Pro 12/256GB 8/256GB Garansi Resmi Xiaomi Indonesia TAM,,,Honchi Celuller,Kota Tangerang,4999000
NEW PRODUK !! SAMSUNG A32 RAM 6/128 & 8/128 GARANSI RESMI SAMSUNG INDONESIA,,,Borneocell88,Kota Bogor,3599000
Xiaomi Redmi 12 8/256 GB 8/128 GB Garansi Resmi Not 10C 10A 12C,4.91501976284585,506,Distributor Ponsel,Kota Jakarta Pusat,1838000
INFINIX HOT 40 PRO 8/256 GB GARANSI RESMI HOT 40 PRO NFC 8/256 GB 8 GB,,,Gadget Ind Store,Kota Tangerang,2175000
REALME 10 PRO 5G - 16GB / 256GB - GARANSI RESMI,,,NISFU GADGET,Kab. Sidoarjo,4589000
Samsung galaxy a13 ram 6/128 [ 6gb + 128gb] - garansi resmi,,,Wahana Komunikasi,Kota Jakarta Timur,2200000
Oppo A16 Ram 3/32 masih mulus garansi resmi ori Indonesia,4.857142857142857,14,CANTIKA AMANAH CELULLER,Kab. Bogor,1190000
Realme c21 Ram 3/32 nominus masih mulus fullshet second rasa baru garansi resmi Indonesia,,,Rizky Hawers Cell,Kab. Bogor,1000000
Realme C53 Ram 8 Rom 256GB,,,Tiga MutiaraOfficial,Kota Surabaya,2249000
[New] Tecno Spark 20 Ram 8+8GB Internal 256GB I NFC I Up To 16GB Extended Ram I 50MP I G85 Gaming Processor I 5000mAh 18W Fast Cahrge I IP53 I Garansi Resmi,5.0,24,ASK CELL,Kota Cimahi,1799000
VIVO Y33S RAM 8/256 GB Full Set Bayat di Tempat Garansi 12 Bulan,,,Moon Phonestore,Kota Jakarta Barat,929000
"INFINIX itel A70 Ram 12+256 GB layar 6,6 inci GARANSI RESMI 1 TAHUN (imei terdaftar)",4.891089108910891,101,Leon_cell99,Kab. Bogor,1145000
Vivo Y03 RAM 4 Original 13MP Kamera Layar Sunlight 90Hz Vivo terbaru 2024 Garansi Resmi Bisa COD,4.917464114832536,1672,XCI,Kota Jakarta Utara,1263670
TECNO SPARK 20 NFC (8GB+256GB) - GARANSI RESMI,5.0,60,Duniagadgetku,Kota Jakarta Barat,1699000
"XIAOMI REDMI 13C NFC ,RAM 8+256 GB KAMERA 50MP, 5000 MAH, Chipset Helio G88, Layar 6,7 inci garansi resmi 1 tahun (pengganti Redmi 10)  (imei terdaftar)",5.0,19,Riawan_shop88,Kab. Bogor,1565000
Samsung Galaxy A55 5G 8/256GB,4.927927927927928,111,Samsung,Kota Depok,5999000
Smartphone tipe VIVO V15 RAM 8/256GB fullset GARANSI TOKO 1 TAHUN,4.0,2,FX PhoneStore,Kota Jakarta Barat,869000
ICHERRY C207 FULL GAME PHONE,,,KSTORE87,Kota Medan,150000
OPPO A78 5G 8/128 & OPPO A78 4G 8/256 NEW GARANSI RESMI,5.0,3,J3 SHOP,Kota Medan,2919000
Xiaomi Redmi Note 13 Pro Plus  5g ram 12/512gb Garansi resmi,5.0,2,Cv.Garden Cell,Kota Kediri,5780000
"Realme Not 50 GB 4+128 GB layar 6,7 in android 13 garansi resmi 1 tahun baterai 5000 mah (pengganti Narzo)",4.7407407407407405,27,Gudang phoncell,Kab. Bogor,1225000
POCO X6 PRO 5G 12/512GB DIMENSITY 8300 ULTRA GARANSI RESMI,4.333333333333333,3,TND SHOP,Kab. Bogor,5125000
Vivo V27E 8/256 GB Garansi Resmi,,,MetaCore,Kota Bandung,3872000
Infinix Hot 11 Ram 4GB / 64GB Garansi Resmi,5.0,3,Jagad Phone,Kota Surabaya,1899000
Hp Vivo Y01A Ram 2GB Internal 32GB Garansi Resmi,5.0,1,wwponsel_hangtuah,Kota Pekanbaru,1399000
Tecno spark 20 pro plus 8/256 Garansi resmi,5.0,2,Galeri-Hp 040595,Kota Jakarta Pusat,2649000
Poco X6 pro 5G 12/512gb New Baru Garansi Resmi Black Grey Yellow,,,Marketa Solutions,Kab. Brebes,5350000
infinix note 40 pro plus 5G 12/256 garansi resmi,,,Galeri-Hp 040595,Kota Jakarta Pusat,4349900
REALME 7i [8/128 GB] GARANSI RESMI,,,Top Cellular Makassar,Kota Makassar,2700000
REALME HANDPHONE C67,,,UFO ELEKTRONIKA DAN FURNITURE,Kota Surabaya,2298000
SAMSUNG GALAXY S23 FE 5G 8/256GB - 8/128GB NEW!! GARANSI RESMI SEIN,5.0,1,1000 Gadget Store,Kota Medan,8000000
VIVO V30e RAM 8/256 GB GARANSI RESMI ORIGINAL BISA KREDIVO / PAYLATER,,,ardyzhn,Kota Surabaya,4499000
SAMSUNG M33  6/128 & 8/128 GB 5G GARANSI RESMI,,,SURYA HALIM PONSEL,Kota Medan,3399000
SAMSUNG GALAXY S20+ PLUS 8/128 SECOND 99% RAM 8GB ROM 128GB FULL SET,,,NMX STORE,Kota Bandung,6000000
Xiaomi Redmi 11T 8/256GB Garansi Resmi Xiaomi Indonesia TAM,,,Honchi Celuller,Kota Tangerang,4999000
HP BARU VIVO Y27 | Y27 5G | Y22 4GB/128GB | 6GB/128GB DIMENSITY 6020 GARANSI RESMI 100% ORIGINAL,,,INOVATIF STOCK,Kota Medan,2299000
Vivo iQOO Z7 5G Ram 12/256 GB (Second Bergaransi),,,HP SECOND JOSS,Kab. Serang,3250000
[PROMO] SAMSUNG A22 5G A22 4G 6/128GB FULLSET MURAH ISTIMEWA PROMO,,,GadgetXCom,Kota Jakarta Barat,1626570
HP OPPO A57 RAM 6/128 GB NEW SMARTPHONE SECOND GRADE A,,,BERKAT COMPUTER,Kota Jakarta Barat,1550000
Xiaomi Redmi Note 8 6/128GB 4/64GB 3/32GB Garansi Resmi Xiaomi Indonesia TAM,,,Honchi Celuller,Kota Tangerang,1499000
HP BARU SAMSUNG GALAXY A15 5G | A14 5G 6/128GB - 8/256GB FREE ADAPTOR GARANSI RESMI 100% ORIGINAL,,,INOVATIF STOCK,Kota Medan,2849000
TECNO POVA NEO 3 8/128GB - GARANSI RESMI,,,Hapeworld,Kota Banjarmasin,1699000
INFINIX HOT 10 PLAY - 4GB/64GB - 6.82 inches - [BISA COD],4.946428571428571,56,Mentari Cell,Kab. Madiun,999000
CHIC Mension Smartphones Y75 RAM 8/256GB 5G handphone Android FULLSET GARANSI Toko,4.333333333333333,6,CHIC Mension Electronics,Kota Jakarta Barat,1266000
VIVO Y36 8/256GB [Garansi Resmi Vivo Indonesia],,,Planetgadget Store,Kota Jakarta Timur,3199000
Realme C53 6/128 GB NFC Garansi Resmi,,,MetaCore,Kota Bandung,1871000
REALME C53 NFC 8/256 vs 6/128 - 50MP AI CAMERA - 33W CHAMPION CHARGE - BISA COD,4.421052631578948,19,Mentari Cell,Kab. Madiun,1699000
XIAOMI REDMI 12C - RAM 4/64 GB - Chipset	Mediatek MT6769Z Helio G85 (12nm),5.0,13,Mentari Cell,Kab. Madiun,1158000
Realme C35 Ram 4/64GB Nominus masih mulus,5.0,1,CANTIKA AMANAH CELULLER,Kab. Bogor,1680000
Realme 9 6/128 8/128 6GB 8GB 128GB RAM 6 8 ROM 128 GB HP Smartphone Android,,,Original Link,Kota Jakarta Utara,3453000
HTC 301E Desire 300 4GB - White,,,Dolphin Kuningan,Kota Jakarta Utara,1250000
Itel S23 Plus 8/256GB - Garansi Resmi 1 tahun,4.900943396226415,212,Bintang Timur Selindo,Kota Jakarta Barat,2065000
Redmi 9A Ram 3/32 GB (Second Bergaransi),4.6,5,HP SECOND JOSS,Kab. Serang,700000
ITEL P55 5G 4G 8/256 & 6/128 GARANSI RESMI GARANSI RESMI,5.0,57,Bintangempat Store,Kota Palembang,1625000
[PROMO] Infinix Note 30 Pro 8/256GB Infinix Note 30 8/256GB Fullset Like-NEW Istimewa,4.8,5,GadgetXCom,Kota Jakarta Barat,1997230
INFINIX NOTE 30 PRO 8/256GB GARANSI RESMI,,,GALERI NASIONAL,Kota Jakarta Pusat,3195000
Itel P55 (4G) ram 8/256gb Garansi Resmi,,,Cv.Garden Cell,Kota Kediri,1450000
VIVO Y27S 8/128GB & 8/256GB,,,BANTEN PONSEL,Kota Serang,2079000
Vivo V29e,1.0,1,AGUNG CELL TASIKMALAYA,Kota Tasikmalaya,4399000
REDMI NOTE 11 6/128 GB GARANSI RESMI,5.0,3,SURYA HALIM PONSEL,Kota Medan,2515000
xiaomi redmi note 13 pro 4g ram 8/256gb garansi resmi,,,Cv.Garden Cell,Kota Kediri,3645000
Xiaomi Redmi Note 13 5G 8/256GB Garansi Resmi,,,OBONG CELL,Kota Surabaya,3199000
infinix gt 20 pro 5G 12/256 Garansi resmi,,,Galeri-Hp 040595,Kota Jakarta Pusat,4599000
Vivo Y22 4/128GB Garansi Resmi Indonesia,,,Apollo Gadget Store,Kota Surabaya,1999000
OPPO RENO 8T 5G 8/128GB Garansi Resmi,,,OBONG CELL,Kota Surabaya,3799000
"INFINIX HOT 30 , RAM 8/128GB, CAM 50MP, NFC, FAST CHARGING, GARANSI RESMI",,,ANDROID CENTRAL CELL,Kota Makassar,1999000
Oppo A16K 4/64 Garansi Resmi,4.5,2,vinzflashsale,Kota Jakarta Utara,1597000
"OPPO A76 RAM 11/128 GB , GARANSI RESMI OPPO , SEGEL , DAN DIJAMIN BARU , IMEI TERDAFTAR RESMI",,,CELLULAR SURABAYA,Kota Surabaya,3339999
Samsung Galaxy A22 5G RAM 6/128 GB (Second Bergaransi),,,HP SECOND JOSS,Kab. Serang,1750000
Oppo A78 4G - 8GB/256GB - Bundling Oppo Enco Buds2,,,Komunika Sell,Kota Jakarta Selatan,3399000
REDMI NOTE 9 PRO 6/64 GB GARANSI RESMI,,,SURYA HALIM PONSEL,Kota Medan,2799000
Samsung Galaxy A34 5G 8/128 GB Garansi Resmi,,,MnM Phone,Kota Jakarta Pusat,4449000
Oppo A96 ram 8/256 garansi resmi,,,FC Cell Phone ,Kota Surakarta (Solo),3550000
iqoo Z9X 5G 12/256 Garansi resmi,,,Galeri-Hp 040595,Kota Jakarta Pusat,3699000
virgie cell xiaomi mi 11t pro 12/256 Garansi mei 2023 kondisi istimewa 99%,,,virgie cell,Kota Bandung,6750000
XIAOMI MI PAD 5 PRO 8/256GB GARANSI RESMI,,,Honchi Celuller,Kota Tangerang,5999000
Hp Asus ROG Phone 8 Ram 12GB Internal 256GB Garansi Resmi,,,wwponsel_hangtuah,Kota Pekanbaru,10999000
"BIG SALE!! ICHERRY C217 WORLD ANDROID, RAM 4/512MB, CAM 5MP",,,ANDROID CENTRAL CELL,Kota Makassar,499000
virgie cell Asus rog 3 8/128 plus bonus pendingin Garansi personal 1 bulan,,,virgie cell,Kota Bandung,6000000
Hp Samsung Z Flip 5 Ram 8GB Internal 512GB Garansi Resmi,,,wwponsel_hangtuah,Kota Pekanbaru,15999000
Hp Samsung Galaxy Z Fold 5 Ram 12GB Internal 512GB,,,wwponsel_hangtuah,Kota Pekanbaru,26990000
Advan Laptop AI Gen Ryzen 7 8845HS AMD Ryzen AI Garansi Resmi,,,Ceria Ponsel,Kota Tangerang,9937000
VIVO V9 / Y85 RAM 6/128 GB,4.617647058823529,68,berkah amanah shops,Kota Bandung,595000
VIVO Y17 RAM 8/256 GB,4.614503816793893,262,Pelapak Murah,Kota Bandung,749000
Tecno spark 20 pro 12/256 Garansi resmi,,,Galeri-Hp 040595,Kota Jakarta Pusat,2449900
HP VIVO Y30I 4/64 RAM 4GB ROM 64GB - VIVO Y30I 64GB - FIFO Y30I 64 GB - GARANSI RESMI,5.0,19,Wahana Komunikasi,Kota Jakarta Timur,1750000
ZTE Nubia Neo 5G 8/256GB - Gaming Edition Garansi Resmi,,,Complete.Selular,Kab. Cirebon,2749000
ITEL RS4 NFC 8/128 & 8/256 & 12/256 NEW GARANSI RESMI,5.0,2,J3 SHOP,Kota Medan,2219000
Samsung Galaxy S10 128GB Preloved Smartphone ex SEIN,,,Smarter.id,Kota Jakarta Timur,3799000
Itel P40 4/64 GB Garansi Resmi,,,antaboga phone,Kota Bandung,1031000
Samsung galaxy A70 ram 6Gb internal 128Gb sein dual sim,,,AGstore-agcelluler,Kota Tangerang,2250000
Xiaomi POCO C65 NFC 8/256GB 6/128GB Garansi Resmi Indonesia TAM,,,Honchi Celuller,Kota Tangerang,1315000
"Hp infinix smart 8 PRO RAM 16GB(8+8)/128GB ,5000MAH, CAM 50MP, ANDROID 13 ,TERDAFTAR KEMENTRIAN GARANSI RESMI",4.875,16,Riawan_shop88,Kab. Bogor,1435000
Itel S23 S23+ 4/128 8/128 8/256 GB RAM 4 8 ROM 128 256 4GB 8GB 128GB 256GB HP Smartphone Android Infinix,4.866666666666666,15,Original Link,Kota Jakarta Utara,2155000
INFINIX NOTE 30 PRO RAM 16GB ( 8GB +8GB )  / ROM 256G - Camera 108MP - GARANSI RESMI,4.86,50,NISFU GADGET,Kab. Sidoarjo,2199000
OPPO A58 NFC RAM 8+128 GB helio G85  kamera 50mp  layar 6.5 inci new series,4.791208791208791,91,Leon_cell99,Kab. Bogor,2095000
"INFINIX HOT 20i (4GB+128GB vs 4GB+64GB) - OS Android 12 or Android 12 (Go edition), XOS 10.6",4.714285714285714,14,Mentari Cell,Kab. Madiun,1124000
New Realme C53 NFC 6/128,,,17Phone Semarang,Kota Semarang,2099000
Xiaomi Redmi Note 12 Pro Smartphone 6GB/128GB Garansi Resmi,,,Okeshop Official,Kota Jakarta Pusat,3029000
Infinix hot 30i ram 8 128 Garansi resmi no repack,,,Stuunee celuler,Kab. Jepara,1499000
HANDPHONE VIVO Y22 4/128GB GARANSI RESMI 1 TAHUN,,,OBONG CELL,Kota Surabaya,1699000
Samsung Galaxy A35 5G 8/128 8/256 GB,,,Willsoon_Store,Kota Jakarta Barat,5999000
XIAOMI REDMI NOTE 12 PRO 4G 6/128 8/256 GB,,,digitalselulargroup,Kota Medan,3200000
infinix Smart 8 4/128 4/64 Garansi resmi,,,Galeri-Hp 040595,Kota Jakarta Pusat,1199000
XIAOMI REDMI NOTE 13 8/256 GB GARANSI RESMI REDMI NOTE 13 8/256 GB NFC,,,Gadget Ind Store,Kota Tangerang,2710000
Tecno Spark 20 Pro 12/256 Garansi Resmi,,,vinzflashsale,Kota Jakarta Utara,2397000
XIAOMI REDMI NOTE 12 SMARTPHONE - GARANSI RESMI ORIGINAL,,,Dunia Aneka,Kota Jakarta Utara,2059000
TERBARU!! XIAOMI POCO F3 RAM 6/128 & 8/256 GARANSI RESMI TAM XIAOMI INDONESIA,,,Borneocell88,Kota Bogor,4975000
HP VIVO Y33S 8/256GB GARANSI 1 TAHUN,,,wincelluler,Kota Jakarta Barat,1175000
SPARK 10 PRO 8/256 | 8/128 Mediatek Helio G88 Garansi Resmi,5.0,1,Ceria Ponsel,Kota Tangerang,1733000
samsung galaxy s22 ultra white 12/256gb garansi resmi sein,,,gagashop1,Kab. Majalengka,19700000
Vivo X70 pro 5G Ram 8gb Internal 128gb,,,Pelangipelangi Shop,Kab. Bekasi,11011000
Oppo A79 5G [8GB/256GB] Extended RAM 8GB - Dimensity 6020 - 50MP AI Camera - Stereo Speakers - 33W SuperVOOC Garansi Resmi 1 Tahun,,,Penabur,Kab. Bekasi,3573000
HP VIVO Y27 6/128 GARANSI RESMI VIVO EXTENDED RAM 6GB,,,Star Komsel Store,Kota Makassar,2199000
Realme 10 8/128GB - 8/256GB Garansi Resmi,5.0,1,Alibabastore.id,Kota Malang,3199000
REALME GT Master Edition 8/128,,,Hapeworld,Kota Banjarmasin,4999000
Hp Realme C53 NFC Ram 6GB Internal 128GB Garansi Resmi,,,wwponsel_hangtuah,Kota Pekanbaru,1999000
Infinix Note 11 NFC [6GB/ 128GB/Garansi Resmi 1 Tahun],5.0,2,gagashop1,Kab. Majalengka,2450000
"Tecno Pova 5 [8GB+256GB] Extended RAM 8GB - Helio G99 - 50MP Dual Camera - NFC - 6.78"" FHD - 6000mAh Garansi 12+1 Bulan",,,Penabur,Kab. Bekasi,2143000
HP BARU OPPO A58 NFC | A57 4GB+4GB/64GB - 6GB+6GB/128GB GARANSI RESMI 100% ORIGINAL,5.0,2,INOVATIF STOCK,Kota Medan,2399000
Xiaomi POCO F4 8/256GB 6/128GB Garansi Resmi POCO Indonesia Original,,,Honchi Celuller,Kota Tangerang,5049000
XIAOMI REDMI A3 4/128 GB RESMI XIAOMI INDONESIA REDMI A3 128 GB,,,Gadget Ind Store,Kota Tangerang,1175000
HP OPPO A15 RAM 3/32 GB ( OPPO A15 RAM 3GB ROM 32GB ) GARANSI RESMI OPPO,,,Wahana Komunikasi,Kota Jakarta Timur,1400000
XIAOMI REDMI 12 8/256 GB REDMI 12 8/128 GB GARANSI RESMI INDONESIA,,,Gadget Ind Store,Kota Tangerang,1969000
oppo a77s ram 8/128 [8gb 128gb] - a77 s extended ram 8gb - garansi resmi oppo Indonesia,,,Wahana Komunikasi,Kota Jakarta Timur,2199000
Realme C65,,,Gudang Cell Tasikmalaya,Kota Tasikmalaya,2399000
POCO X6 PRO 5G 12GB/512GB Garansi resmi BNIB - Grandivo,,,Grandivoo,Kab. Sidoarjo,5175000
Hp Samsung M14 5G Ram 4GB Internal 128GB Garansi Resmi,,,wwponsel_hangtuah,Kota Pekanbaru,2799000
Hp Oppo Cuci Gudang Promo Oppo A18 4/128GB Helio G85 5000mAh Baterai 100% Original Garansi Resmi,4.93953488372093,118,XCI,Kota Jakarta Utara,1477714
Xiaomi Redmi Note 12 Pro 4G 8/256GB 6/128GB Garansi Resmi Xiaomi Indonesia TAM,,,Honchi Celuller,Kota Tangerang,2999000
Smartphone 13C RAM 8/256 GB Full Set Bayar Di tempat,,,Moon Phonestore,Kota Jakarta Barat,1245000
SAMSUNG GALAXY A05 (6GB+128GB) - GARANSI RESMI,5.0,25,Duniagadgetku,Kota Jakarta Barat,1799000
infinix hot 20 5G NFC Ram 4+3/128 GB  dimensity 810 garansi 1 tahun resmi infinix (imei terdaftar),5.0,13,Gudang phoncell,Kab. Bogor,1775000
"Realme C55 NFC | 6GB+128GB - 8GB+256GB | Helio G88 | 64MP Dual Camera | 6.72"" IPS LCD | Li-Po 5000mAh | Garansi Resmi Realme 1 Tahun",5.0,12,Penabur,Kab. Bekasi,2593000
ITEL S23 8/128 GB Garansi Resmi S23 Not Itel A60s Tecno Spark,5.0,18,Distributor Ponsel,Kota Jakarta Pusat,1250000
Infinix Smart 8 Pro [4GB/256GB] Garansi Resmi 1 Tahun,,,Penabur,Kab. Bekasi,1443000
"ITEL A70 RAM 3/128GB, 4/128GB, 4/256GB - NEW GARANSI RESMI",,,KOTAK KATIK,Kab. Purwakarta,1199000
INFINIX SMART 6 2/32GB | GARANSI RESMI,,,Top Cellular Makassar,Kota Makassar,1299000
OPPO Reno8 T 5G OPPO Reno 8T 5G,5.0,2,jikalaku,Kota Jakarta Pusat,3172000
Samsung Galaxy A05 4/64 4/128 & 6/128 GB Garansi Resmi,5.0,1,MetaCore,Kota Bandung,1550000
VIVO V30E 5G RAM 8/256 GB | VIVO V30 E 5G RAM 8/128 GB GARANSI RESMI VIVO INDONESIA,,,189 CELL,Kota Jakarta Barat,2749900
Samsung Galaxy A15 5g,5.0,1,AGUNG CELL TASIKMALAYA,Kota Tasikmalaya,3399000
"Vivo Smartphone Vivo Y22 4/64GB 6/128GB 6,55 Inch Garansi Resmi",,,ANDALAS CELLULAR,Kota Balikpapan,1799000
vivo v30e 5G 8/128 8/256 Garansi resmi,,,Galeri-Hp 040595,Kota Jakarta Pusat,4899000
XIAOMI REDMI NOTE 12 PRO 5G RAM 8/256GB,,,UFO ELEKTRONIKA DAN FURNITURE,Kota Surabaya,4215000
REDMI NOTE 8 4/64 SECOND MULUS FULLSET RAM 4GB INTERNAL 64GB,,,NMX STORE,Kota Bandung,1500000
XIAOMI REDMI NOTE 11 PRO [8/128 GB] GARANSI RESMI,,,Top Cellular Makassar,Kota Makassar,3799000
Samsung Galaxy A03s 4/64 GB (Second Bergaransi),,,HP SECOND JOSS,Kab. Serang,950000
Infinix Note 30 & 30 Pro 8/256GB | MediaTek Helio G99 | 5000 mAh Garansi Resmi,,,Milano Cell ITC Kuningan,Kota Jakarta Selatan,2399000
Hp VIvo Y22 Ram 6GB Internal 128GB Garansi Resmi,,,wwponsel_hangtuah,Kota Pekanbaru,2799000
Xiaomi Redmi Note 13 Pro+ 5G 12/512GB Garansi Resmi Xiaomi Indonesia TAM,,,Honchi Celuller,Kota Tangerang,3799000
"Xiaomi Redmi Note 13 [8GB/128GB 8GB/256GB] Snapdragon 685 - 108MP Triple Camera - 6.67"" AMOLED - NFC - 5000mAh Garansi Resmi 15 Bulan",,,Penabur,Kab. Bekasi,2473000
HP ASUS ROG PHONE 2 ZS660KL,,,MEGASURYACOMPUTER,Kota Banjarmasin,9325000
SAMSUNG A15 5G RAM 8/256 GB GARANSI RESMI BISA KREDIVO / PAYLATER,,,ardyzhn,Kota Surabaya,3399000
virgie cell Huawei p40 8/128 Garansi november 2022 istimewa sangat,,,virgie cell,Kota Bandung,6000000
HP BARU SAMSUNG GALAXY A25 5G | A24 4G  8/128 - 8/256GB RAM Upto 16GB GARANSI RESMI 100% ORIGINAL,,,INOVATIF STOCK,Kota Medan,3949000
REDMI NOTE 30 PRO RAM 8/256 GB GARANSI RESMI ORIGINAL BISA KREDIVO / PAYLATER,,,ardyzhn,Kota Surabaya,3999000
Samsung Galaxy Z Flip 4 5G Foldable Dynamic AMOLED 2X Garansi Resmi,,,JS ESTORE,Kota Jakarta Barat,8543000
Vivo V30 Garansi Resmi 12 Bulan Vivo Indonesia,,,Gudang HP Tangerang,Kab. Tangerang,5235000
Samsung Galaxy S22 256GB - Garansi Resmi 1 Tahun,,,SES BEC,Kota Bandung,12999000
HP BARU REALME C63 | C53 NFC 6/128GB - 8/128GB Dynamic RAM Upto 16GB GARANSI RESMI 100% ORIGINAL,,,INOVATIF STOCK,Kota Medan,1949000
hp oppo a15s 4/64 gb garansi resmi,5.0,2,Wahana Komunikasi,Kota Jakarta Timur,1580000
Xiaomi Redmi Note 13 | Layar 120 Hz FHD+ AMOLED Tiga kamera 108 MP Prosesor Snapdragon® 685,,,NISFU GADGET,Kab. Sidoarjo,2799000
Infinix Smart 8 Pro Ram 8 Rom 128GB,,,Tiga MutiaraOfficial,Kota Surabaya,1499000
XIAOMI REDMI NOTE 13 8/128 GB GARANSI RESMI XIAOMI NOTE 13 NFC 8/128 GB REDMI NOTE 13,,,Gadget Ind Store,Kota Tangerang,2429000
Xiaomi Redmi Note 12 Pro 5G RAM 8GB/256GB Garansi Resmi - Grandivo,,,Grandivoo,Kab. Sidoarjo,4190490
"vivo Y36 (8/256) - Dynamic Glass Design, RAM 8GB+8GB Extended, 44W FlashCharge+5000mAh, NFC Multifunctions, 50MP Camera",4.9411764705882355,51,vivo,Kab. Tangerang,2449000
INFINIX NOTE 12 VIP,,,Diamond Cell,Kota Bandung,3300000
OPPO RENO 11F 5G RAM 8/256 GB GARANSI RESMI 1 TAHUN ORIGINAL,,,DANcell Resmi,Kab. Nganjuk,4599000
TECNO Spark GO 2023 - RAM 7GB ROM 64GB - Camera 13MP - Garansi Resmi,5.0,3,NISFU GADGET,Kab. Sidoarjo,1245000
Vivo V30 5G 8/256GB RAM 8GB+8GB ROM 256GB Hp Murah Vivo Terbaru 2024 100% Original Garansi Resmi,4.857142857142857,117,DST HP,Kota Jakarta Utara,5229000
Infinix Note 40 8/256 GB Wireless Charging New Garansi Resmi,4.931818181818182,88,GadgetXpert,Kab. Purwakarta,2899000
Infinix Smart 8 4/128Gb  Garansi Resmi,4.920398009950249,201,initokobudi shop,Kota Jakarta Selatan,1099000
VIVO V30E 5G NFC 8/128 & 8/256 NEW GARANSI RESMI,4.921875,64,J3 ID,Kota Medan,3999000
"HP VIVO Y17S RAM 6GB+6GB/128GB HELIO G85, CAM 50MP ,BAT 5000MAH,GARANSI RESMI 1TAHUN TERDAFTAR KEMENTRIAN",5.0,38,Riawan_shop88,Kab. Bogor,1445000
Xiaomi Redmi Note 12 Pro 5G 8/128 GB Garansi Resmi Xiaomi,5.0,2,Cutie Vibes,Kota Jakarta Utara,4500000
"Hp OPPO A38 RAM { 4+4 } 8GB+128GB , cam 50mp ,Fast charging 33W, 5000mah ,garansi resmi ,imei terdaftar",4.985294117647059,68,Riawan_shop88,Kab. Bogor,1545000
Oppo A18 Smartphone 4/128Gb Garansi Resmi,5.0,1,Toko Lasvegas,Kota Surabaya,1600000
"Big Promo !!! Poco X3 PRO Ram 8/256 - 6/128 - Garansi - Hitam, 6/128 Ex Dsplay",4.333333333333333,6,BERKAT COMPUTER,Kota Jakarta Barat,3000000
OPPO A57 4/64 4/128 GARANSI RESMI,5.0,2,Jagad Phone,Kota Surabaya,2300000
Samsung Galaxy A13 4/128GB Garansi Resmi SEIN,5.0,2,Diamond Phone,Kota Depok,2499000
INFINIX NOTE 11 PRO 8/128GB | GARANSI RESMI,,,Top Cellular Makassar,Kota Makassar,2899000
virgie cell Huawei mate 9 4/64 unit plus charger,,,virgie cell,Kota Bandung,2000000
Samsung Galaxy S23 FE Ram 8/256 GB (Second Bergaransi),,,HP SECOND JOSS,Kab. Serang,7350000
Infinix Note 40 Pro 5G 8/256GB Garansi Resmi,,,OBONG CELL,Kota Surabaya,3899000
Infinix Note 40 Pro 5G - 8GB/256GB,,,Komunika Sell,Kota Jakarta Selatan,3755000
INFINIX NOTE 11 PRO 8/128GB RAM 8GB INTERNAL 128GB GARANSI RESMI,,,NMX STORE,Kota Bandung,2900000
Tecno Pova 5 X Free Fire | Helio G99 6 nm | Garansi Resmi,,,JS ESTORE,Kota Jakarta Barat,2169000
VIVO V30 5G RAM 8GB/256GB & 12GB/512GB GARANSI RESMI NASIONAL,,,indahponseltamora,Kab. Deli Serdang,5271000
Xiaomi Mi 12 5G 8/256 Garansi Resmi TAM,,,Alibabastore.id,Kota Malang,7999000
Vivo X60 RAM 8/128 GB (Second Bergaransi),,,HP SECOND JOSS,Kab. Serang,3400000
Samsung Galaxy M54 5G 8/256 GB RAM 8 ROM 256 8GB 256GB Smartphone Android HP Handphone,,,SuperGadget,Kota Jakarta Pusat,6499000
Samsung Galaxy A15 RAM 8/128GB & 8/256,,,METRO GROSIR SELULLER,Kota Cilegon,2899000
SAMSUNG A24 RAM 8/128 GB GARANSI RESMI 1 TAHUN BISA KREDIVO / PAYLATER,,,ardyzhn,Kota Surabaya,3150000
Hp Xiaomi Redmi Note 12 Pro Ram 6GB Internal 128GB Garansi Resmi,,,wwponsel_hangtuah,Kota Pekanbaru,3199000
Realme 9 6/128 8/128 6GB 8GB 128GB RAM 6 8 ROM 128 GB HP Smartphone Android,5.0,2,SuperGadget,Kota Jakarta Pusat,3199000
Reno 8 Ram 12/256 nominus masih mulus fullshet second rasa baru garansi resmi Indonesia,,,Rizky Hawers Cell,Kab. Bogor,3500000
INFINIX NOTE 40 PRO 5G 8/256 GB GARANSI RESMI,,,Gadget Ind Store,Kota Tangerang,3615000
OPPO RENO 5F RAM 8/128GB  NOMINUS MASIH MULUS ORI RESMI RASA BARAU,5.0,3,CANTIKA AMANAH CELULLER,Kab. Bogor,2895000
Xiaomi Redmi Note 13 Pro 5G 8/256GB Garansi Resmi Xiaomi Indonesia TAM,,,Honchi Celuller,Kota Tangerang,3199000
Hp Itel Vision 1 Pro Ram 2GB Internal 32GB Garansi Resmi,,,wwponsel_hangtuah,Kota Pekanbaru,1150000
Samsung Galaxy S24 Ultra 12/1TB,,,HapeJOSS,Kota Semarang,25999000
SAMSUNG GALAXY S20 FE GARANSI RESMI,,,Hapeworld,Kota Banjarmasin,6699000
REALME C53 6/128 GB GARANSI RESMI REALME REALME C53 NFC 6/128 GB,,,Gadget Ind Store,Kota Tangerang,1730000
xiaomi redmi note 9 ram 4/64gb & 6/128gb (redmi note 9 4gb 64gb & 6gb 128gb) garansi resmi,5.0,12,Wahana Komunikasi,Kota Jakarta Timur,2300000
Realme note 50 Ram 4GB / 128GB (90Hz Vivid Display | Mini Capsule | Ultra SLim Body | 13 MP AI,,,NISFU GADGET,Kab. Sidoarjo,1350000
SAMSUNG GALAXY A15 RAM 8/128 - HELIO G99 - 6.5 FULL HD PLUS SAMOLED,5.0,2,Mentari Cell,Kab. Madiun,2299000
Samsung Galaxy M14  5G 4GB/64GB - Garansi Resmi,,,Ucell Cempaka,Kota Jakarta Timur,2229000
Infinix Zero 5G 2023 RAM 8GB/256GB Garansi Resmi - Grandivo,,,Grandivoo,Kab. Sidoarjo,3742000
realme C65 8+8/128 45w Fast Charge | Helio G85,,,Ceria Ponsel,Kota Tangerang,2339000
Handphone Realme c15 Ram 4/64gb second masih mulus gransi resmi indonesia,5.0,4,Cantika amanah grup,Kab. Bogor,1350000
SAMSUNG GALAXY A05 4/64 & 4/128 7 6/128 GARANSI RESMI SAMSUNG,4.818965517241379,116,J3 SHOP,Kota Medan,1419000
Redmi 9T Ram 6/128 GB (Second Bergaransi),5.0,4,HP SECOND JOSS,Kab. Serang,1200000
Infinix Hot 20i RAM 4/64 Garansi Resmi RAM Up To 7Gb Helio G25,5.0,1,Diari_Shop,Kota Bandung,1599000
INFINIX Hot 30i - RAM 16GB (8GB+8GB) / ROM 128GB - Garansi Resmi Produk Terbaru dan Terbatas,4.917525773195877,97,NISFU GADGET,Kab. Sidoarjo,1799000
XIAOMI REDMI A3 RAM 4/128 GB mediatek helio G36  GARANSI RESMI 1 TAHUN,4.666666666666667,15,Leon_cell99,Kab. Bogor,1225000
Oppo A76 6/128 dan Oppo A96 8/256 Free GIFT BISA COD GARANSI RESMI,4.705882352941177,34,JS ESTORE,Kota Jakarta Barat,3198000
Xiomi 5a ram 2/16 nominus masih mulus ori,,,CANTIKA AMANAH CELULLER,Kab. Bogor,650000
Tecno Spark 10 Pro 8/128GB+8/256GB NFC Extended RAM New Garansi Resmi,5.0,7,CA Shop,Kota Jakarta Utara,1750000
Oppo A79 5G NFC 8/256GB LANGSUNG KIRIM Garansi Resmi,,,Zabeela Store,Kota Bandung,3799000
"oppo reno 10 5G Ram 16/256GB Amoled display kamera 64mp,  67W Fast Charge, garansi resmi 1tahun",4.96969696969697,33,Leon_cell99,Kab. Bogor,4299000
Xiaomi Redmi Note 13 Pro [8GB/256GB] | Kamera 200 MP ultra-Ultra Layar 120 Hz FHD+ AMOLED -Garansi Resmi,,,MEDIKOM_88,Kab. Cirebon,3699000
OPPO A5 2020 RAM 8/128 GB,5.0,2,berkah amanah shops,Kota Bandung,1089000
Xiaomi Redmi Note 12 Pro 5G 8/256GB,,,ATLANTIC CELLULAR,Kota Cimahi,4099000
Hp Vivo Y53S Ram 8GB Up to 11GB Rom 128GB NFC Garansi Resmi,5.0,2,Jagad Phone,Kota Surabaya,3699000
Samsung Galaxy A12 Ram 6/128 GB (Second Bergaransi),,,HP SECOND JOSS,Kab. Serang,1300000
realme Note 50 4GB|64GB - Garansi Resmi,,,Toko Lasvegas,Kota Surabaya,1299000
Xiaomi 11T 5G Ram 8 Rom 256GB,,,Tiga MutiaraOfficial,Kota Surabaya,4599000
realme Note 50 4GB|128GB - Garansi Resmi,,,Toko Lasvegas,Kota Surabaya,1549000
Infinix Hot 40 Pro 8/256GB Garansi Resmi,,,Toko Lasvegas,Kota Surabaya,2195000
SAMSUNG A04E 3/64 GARANSI RESMI SAMSUNG INDONESIA EXTENDED 3GB,,,Star Komsel Store,Kota Makassar,1299000
Realme C53 NFC UNISOC Tiger T612 Garansi Resmi,1.0,2,JS ESTORE,Kota Jakarta Barat,1861000
Hp Realme 8 Pro RAM 8GB Internal 128GB NFC Garansi Resmi,,,wwponsel_hangtuah,Kota Pekanbaru,3400000
Oppo Reno 11 5G Cph2599  8gb/256gb,,,Dukomsel Handphone,Kota Bandung,5999000
Handphone Oppo a17K second masih mulus garansi resmi ORI Indonesia,,,Cantika amanah grup,Kab. Bogor,1350000
SAMSUNG A71 RAM 8GB ROM 128GB 8/128GB GARANSI RESMI SAMSUNG INDONESIA SEIN,,,Honchi Celuller,Kota Tangerang,3999000
OPPO Find N2 Flip 8/256GB,,,HapeJOSS,Kota Semarang,14999000
Samsung Galaxy S24 Ultra 5G - S928 - 12/256GB - GARANSI RESMI SEIN,,,Smile Mobile Phone Shop,Kota Bandung,21999000
Samsung Galaxy Z Fold5 BMW Edition - Garansi resmi,,,Gundala store,Kota Jakarta Pusat,28285000
Xiaomi POCO X3 Pro 8/256GB 6/128GB Garansi Resmi POCO Indonesia TAM,,,Honchi Celuller,Kota Tangerang,3299000
SAMSUNG GALAXY NOTE 10 Plus SNAPDRAGON - 512GB & 256GB - BNIB,5.0,1,RosanShop,Kota Pekanbaru,6990000
READY VIVO X50 [8/128] GARANSI RESMI 100% ORGINAL FREE SPECIAL GIFBOX,,,Hapeworld,Kota Banjarmasin,5499000
Google Pixel 3A Super Mulus Like New Istimewa Murah ALL PROVIDER INDONESIA,4.9411764705882355,17,Hapeku Semarang Shop,Kota Semarang,1650000
xiaomi redmi note 10 pro ram 6/64 | 6/128 | 8/128 [6gb 64gb & 8gb 128gb] garansi resmi,,,Wahana Komunikasi,Kota Jakarta Timur,3599000
Vivo Y21A 4/64 GB,4.846153846153846,13,Era Sellindo,Kota Jakarta Utara,2000000
Oppo A15 Ram 3/32 nominus masih mulus fullshet second rasa baru resmi Indonesia,5.0,1,Rizky Hawers Cell,Kab. Bogor,1050000
Infinix Hot 20i Ram 4 Rom 64GB,,,Tiga MutiaraOfficial,Kota Surabaya,1199000
Sony Xperia 1 Mark iii 12/256GB Istimewa Mulus Like New Seperti Baru Berkualitas,,,Hapeku Semarang Shop,Kota Semarang,5350000
realme C67 NFC 8/128GB New Garansi Resmi Bisa COD Bisa Cicilan Gratis Ongkir,5.0,2,BandarHpNusantara,Kota Jakarta Utara,2163000
INFINIX SMART 8 4/128 GB GARANSI RESMI INFINIX SMART 8 3/64 GB,,,Gadget Ind Store,Kota Tangerang,1079000
VIVO V29 5G 8/256 - GARANSI RESMI,,,Hapeworld,Kota Banjarmasin,5999000
VIVO V30e 5G 8/128 8/256 GB RAM 8 ROM 128 256 GB 8GB 128GB 256GB Smartphone Android HP Handphone,,,GalleryGadget Store,Kota Jakarta Pusat,3899000
Xiaomi Redmi Note 13 ram 8/128gb Garansi Resmi,5.0,1,Cv.Garden Cell,Kota Kediri,2315000
Xiaomi Redmi Note 13 Ram 8/256 Amoled Display,,,UFO ELEKTRONIKA DAN FURNITURE,Kota Surabaya,2515000
"[NEW] vivo V30e (8+8GB/256GB) - 120Hz 3D Curved Screen, All New Aura Light Portrait, 5500mAh Big Battery",5.0,1,vivo,Kab. Tangerang,4999000
Realme C53 6/128GB Garansi Resmi NEW Smartphone,,,OBONG CELL,Kota Surabaya,1999000
Vivo V23 5G Ram 8/128 GB (Second Bergaransi),4.75,4,HP SECOND JOSS,Kab. Serang,2699000
Xiaomi Redmi Note 13 NFC 8/256,,,SOLID CELLULAR MEDAN,Kota Medan,2350000
XIAOMI Redmi Note 9 Pro 6/64GB - Garansi Resmi,5.0,1,HPonline_id,Kab. Malang,3899000
INFINIX NOTE 40 8/256 GB GARANSI RESMI,,,digitalselulargroup,Kota Medan,2979000
virgie cell Huawei p30 lite 6/128 super istimewa,,,virgie cell,Kota Bandung,3000000
Oppo Reno 8T 5G Ram 8/256 GB (Second Bergaransi),,,HP SECOND JOSS,Kab. Serang,3200000
REALME 9 PRO+ 8/128GB FREE FIRE EDITION GARANSI RESMI,,,OBONG CELL,Kota Surabaya,3899000
Infinix Note 11 NFC 6/128GB Garansi Resmi,,,PD Kenari Mas,Kota Bandar Lampung,2435888
vivo y12 3/32,,,Trijaya Cellular ID,Kab. Garut,900000
xiaomi redmi 10 5G 6/128 4/128 Garansi resmi,5.0,1,Galeri-Hp 040595,Kota Jakarta Pusat,1699000
realme C65 [8GB/128GB - 8GB/256GB] Extended RAM 8GB - 50MP Dual - IP54 - Fast Charging 45W Garansi Resmi 1 Tahun,5.0,1,Penabur,Kab. Bekasi,2393000
POVA 5 PRO,,,Naga Cell Sidareja,Kab. Cilacap,2799000
Infinix Note 40 Pro 5G 8/256GB - Garansi Resmi 1 Tahun,,,Bintang Timur Selindo,Kota Jakarta Barat,3525000
realme 11 Pro+ 12GB+12GB* | 512GB ( 200MP OIS SuperZoom Camera | 120Hz Curved Vision Display | 100W SUPERVOOC Charge | Dimensity 7050 5G Chipset | 32MP Sony Selfie Camera | 5000mAh Massive Battery),4.888888888888889,9,realme,Kota Depok,6599000
Samsung Galaxy A23 5G garansi resmi,,,Istana 928 Ponsel,Kota Balikpapan,3799000
Samsung Galaxy A03 - Dual Camera 48MP - Battery 5000mAh,,,RXBIO Store,Kota Jakarta Pusat,1443000
SAMSUNG A04S 4/64 GARANSI RESMI,,,Hokky Cell Makassar,Kota Makassar,2099000
HP BARU XIAOMI REDMI NOTE 13 | NOTE13 5G 8/256GB Ram Upto 16GB GARANSI RESMI 100% ORIGINAL,,,INOVATIF STOCK,Kota Medan,2849000
Samsung Galaxy Note 20 Ram 8/256 GB (Second Bergaransi),5.0,1,HP SECOND JOSS,Kab. Serang,4850000
SAMSUNG GALAXY S23 5G - 512GB / 256GB / 128GB BNIB ORIGINAL RESMI SAMSUNG,,,RosanShop,Kota Pekanbaru,9590000
SAMSUNG A13 6/128 GARANSI RESMI,,,RJcell ,Kota Surabaya,2499000
Asus Zenfone 10 Qualcomm® Snapdragon® 8 Gen 2 - Garansi Resmi,,,JS ESTORE,Kota Jakarta Barat,8831000
[PROMO] SAMSUNG A52 RAM 8/128 FULLSET MURAH ISTIMEWA,,,GadgetXCom,Kota Jakarta Barat,3021477
Xiaomi POCO F4 GT 12/256GB Garansi Resmi POCO Indonesia TAM Original,5.0,2,Honchi Celuller,Kota Tangerang,5399000
Hp Tecno Pova 5 Pro Ram 8GB Internal 256GB Garansi Resmi,,,wwponsel_hangtuah,Kota Pekanbaru,3199000
Samsung Galaxy Z Flip 4 5G 8GB/128GB - Garansi Resmi,,,Ucell Cempaka,Kota Jakarta Timur,14280000
HP OPPO A31 4/128 RAM 4GB ROM 128GB - OPPO A31 128GB - GARANSI RESMI OPPO,5.0,1,Wahana Komunikasi,Kota Jakarta Timur,2100000
OPPO A18 4/128GB - GARANSI RESMI,,,Hapeworld,Kota Banjarmasin,1499000
Xiaomi Redmi Note 11 Certified Renewed Unit Only Grade A,,,EXMI STORE,Kota Jakarta Timur,1449000
Sony Xperia 1 Mark ii 8/128GB Super Mulus Like New Murah Bergaransi,5.0,2,Hapeku Semarang Shop,Kota Semarang,3750000
OPPO A17K | RAM 3/64 GB,5.0,1,DANcell Resmi,Kab. Nganjuk,1599000
VIVO V23E 8GB+4GB 128GB - GARANSI RESMI,,,Hapeworld,Kota Banjarmasin,3999000
Xiaomi Redmi Note 12 Pro 6GB + 128GB Garansi Resmi Xiaomi Indonesia,,,MEGA GADGET ELECTRONICS,Kota Jakarta Utara,2910000
"OPPO A17 4GB/64GB [50MP AI Camera, 5000mAh Long-lasting Battery, Premium Leather-feel Design]",4.666666666666667,3,ASK CELL,Kota Cimahi,1899000
HP MURAH HANDPHONE JADUL NOKIA 105 2017 BARU DUAL SIM,,,EFO Shop,Kota Medan,185000
OPPO F9 RAM 8/256 GB,4.585164835164835,364,Pelapak Murah,Kota Bandung,709000
REDMI 13C NFC 8+256 GB kamera 50mp helio G85 GARANSI RESMI,4.9655172413793105,29,Leon_cell99,Kab. Bogor,1575000
Realme C35 4GB/128GB - Garansi Resmi 1Tahun,5.0,9,DiamondCell,Kota Jakarta Barat,1589000
Oppo A18 4/128GB Garansi Resmi Oppo Indonesia,5.0,3,Zabeela Store,Kota Bandung,1499000
VIVO Y22 ram 4+4/128 Gb original garansi resmi bisa kredivo / akulaku,,,ardyzhn,Kota Surabaya,1999000
"Samsung Galaxy A05 4GB/64GB 6.7"" HD+ Infinity-U Display Prosesor Octa-core Garansi Resmi",5.0,4,Goeboek HP,Kota Bandung,1369000
OPPO A37 RAM 3/32 GB,,,Pejuang Amanah,Kota Bandung,379000
SAMSUNG A14 5G NFC Ram 6+128 GB &  4+128 GB (4G) kamera 50 mp GRATIS TRAVEL ADAPTOR GARANSI RESMI,5.0,32,Leon_cell99,Kab. Bogor,2255000
Infinix NOTE 40 PRO,,,jikalaku,Kota Jakarta Pusat,3182000
Oppo a79 5G 8/256GB NFC garansi resmi bisa COD,,,Bandarhpmurah,Kota Jakarta Utara,3799000
Samsung Galaxy A15 LTE  8/256gb Garansi Resmi,,,Cv.Garden Cell,Kota Kediri,2785000
Xiaomi Redmi A3 4/128GB - Garansi Resmi,,,Toko Lasvegas,Kota Surabaya,1199000
oppo a57 fullset garansi second,,,Lucky phonee,Kota Medan,1300000
SMARTPHONE INFINIX NOTE 40 PRO 5G 8/256 ORIGINAL GARANSI RESMI,,,JACOM CELL,Kota Metro,3799000
Tecno Spark 20 Pro Plus 8/256 GB New Garansi Resmi,5.0,1,KOTAK KATIK,Kab. Purwakarta,2615000
Infinix Hot 20S 8/128GB – Up to 13GB Extended RAM – Helio G96 - 6.78” 120Hz FHD+ Display – 5000 mAh Garansi Resmi,,,MnM Phone,Kota Jakarta Pusat,2085000
Infinix Note 30 Pro 8/256 GB Garansi Resmi INFINIX,,,Electrics Shop,Kota Palembang,2970000
Infinix Hot 20s (8/128) Garansi Resmi Infinix Indonesia,,,Mobile Plaza Indonesia,Kota Bandung,2499000
Samsung Galaxy A15 LTE 8/128GB 8/256GB Garansi Resmi SEIN 1 Tahun,5.0,4,Zabeela Store,Kota Bandung,2899000
VIVO Y27 4G RAM 6/128GB GARANSI RESMI,,,ANDROID CENTRAL CELL,Kota Makassar,2299000
XIAOMI REDMI 7A 2/16GB GARANSI RESMI TAM INDONESIA ORIGINAL FULL BONUS,,,Honchi Celuller,Kota Tangerang,1300000
OPPO RENO 8Z 5G 8/256 | OPPO RENO8 Z 5G 8 256 GARANSI RESMI OPPO INDONESIA,,,189 CELL,Kota Jakarta Barat,2979900
Infinix Zero 5G 2023 8/256GB Garansi Resmi,,,PD Kenari Mas,Kota Bandar Lampung,3498888
itel P55 5G RAM 6/128GB Garansi Resmi itel Indonesia,5.0,1,Zabeela Store,Kota Bandung,1599000
Oppo A16K [4GB+64GB] Helio G35 | Single 13MP | 6.52” IPS LCD | Li-Po 4230mAh | Garansi Resmi Oppo 1 Tahun,,,Penabur,Kab. Bekasi,1623000
Samsung A71 8/128GB Garansi Resmi SEIN,,,PD Kenari Mas,Kota Bandar Lampung,4449888
Oppo Smartphone Reno 8 5G 8/256GB 6.4 Inch Garansi Resmi,5.0,1,ANDALAS CELLULAR,Kota Balikpapan,10149000
Samsung Galaxy Z Flip 5 5G 8/256GB Android,,,Yulia Mobilephone,Kota Semarang,12999000
VIVO V30 5G RAM 8/256 GB GARANSI RESMI ORIGINAL BISA KREDIVO / PAYLATTER,,,ardyzhn,Kota Surabaya,5499000
Hp Vivo V30 Pro 5G ram 12GB Internal 512GB Garansi Resmi,,,wwponsel_hangtuah,Kota Pekanbaru,8999000
Poco C40 4/64 Garansi Resmi,,,semarang gadget,Kota Semarang,1500000
oppo NEO 5 matot...LCD MULUS,,,ITIPURI_DOA IBU,Kab. Sukabumi,100000
VIVO Y27s NFC Ram 16GB (8GB+8GB) / Rom 256GB - Snapdragon 680,4.0,1,NISFU GADGET,Kab. Sidoarjo,2399000
Tecno Spark 20 PRO 12/256GB Mediatek Helio G99 (6nm) Garansi Resmi,,,Ceria Ponsel,Kota Tangerang,2381000
TERLARIS!! POCO M3 RAM 4/64 & 6/128 GARANSI RESMI TAM☑️,,,Borneocell88,Kota Bogor,2388888
Realme 10 Pro Plus 5G Ram 12 Rom 256GB,,,Tiga MutiaraOfficial,Kota Surabaya,5199000
"Hp nokia C31 Ram 4GB /64GB , CAM -B 13MP, CAM - D 8MP  Batrai 5050mah ,GARANSI RESMI ,IMEI TERDAFTAR , (PENGANTI A3S)",4.96969696969697,33,Riawan_shop88,Kab. Bogor,1395000
Handphone 11 Inter 64GB 128GB 256GB Original Bergaransi,,,Miminstore officials,Kota Jakarta Barat,4450000
Samsung A14 4G Ram 6 Rom 128GB,,,Tiga MutiaraOfficial,Kota Surabaya,2050000
Tecno Spark 10C 4/64GB NFC Garansi Resmi,,,antaboga phone,Kota Bandung,1275000
"HP VIVO Y27 RAM ( 6+6 )12GB / 128GB CAM 50MP ,5000 MAH, 44W Fast Charger GARANSI RESMI",5.0,36,Riawan_shop88,Kab. Bogor,1995000
"OPPO A57 4/64GB Garansi Resmi Oppo 1 Tahun, Display Size 6.56 inches, DISPLAY TYPE IPS LCD, MediaTek MT6765G Helio G35, Main Camera 13MP, Selfie Camera 8MP, Battery Li-Po 5000 mAh,",5.0,51,I-Store,Kab. Tangerang,1899000
ZTE BLADE V50 DESIGN (8GB+128GB) - GARANSI RESMI,4.0,2,Fan Fan Shop,Kota Bekasi,1449000
Xiaomi Redmi Note 13 5G 8GB/256GB - Garansi Resmi,,,Toko Lasvegas,Kota Surabaya,3199000
Infinix Hot 12 Play 4/128Gb Garansi Resmi,,,Dbest Cell,Kota Jambi,1900000
Realme C67 8/128GB & 8/256GB - Garansi Resmi 1 Tahun,5.0,3,Bintang Timur Selindo,Kota Jakarta Barat,2199000
NOTE 40 Pro 5G 8/256GB 3D-Curved 120Hz AMOLED Display Corning Gorilla FastCharge2.0 + 20W Glass Bergaransi RESMI,,,BandarHpNusantara,Kota Jakarta Utara,3665000
Infinix Note 30 Mediatek MT8781 Helio G99 (6nm) Garansi Resmi,,,JS ESTORE,Kota Jakarta Barat,2078000
Xiaomi Redmi Note 10s 8/128GB 6/128GB 6/64GB Garansi Resmi Xiaomi Indonesia TAM Original,,,Honchi Celuller,Kota Tangerang,2675000
REDMI 10C 4/128 TERBARU Garansi Resmi Xiaomi Indonesia,5.0,5,Pragusta Store,Kota Surabaya,1899000
NEW!!! REDMI 10 5G 4/128GB ORI GARANSI RESMI,,,DANcell Resmi,Kab. Nganjuk,2199000
redmi a2,,,peemtestore,Kab. Rembang,1040000
Hp Infinix Hot 12 Play NFC Ram 4GB+ Extended RAM 3GB Internal 64GB - 6.82” 90Hz Rapid Refresh Rate Display – 6000 mAh Garansi Resmi,,,wwponsel_hangtuah,Kota Pekanbaru,1299000
INFINIX HOT 30i Ram 8/128 Gb garansi resmi 1 tahun original bisa kredivo / paylater,,,ardyzhn,Kota Surabaya,1525000
Samsung Galaxy A14 5G 6/128GB 6.6 inci Dimensity 700 Triple Camera 50MP Garansi Resmi,5.0,1,ASK CELL,Kota Cimahi,2799000
Hp Itel Pad 2 LTE Ram 4GB Internal 128GB Garansi Resmi,,,wwponsel_hangtuah,Kota Pekanbaru,1699000
Realme 12 5G 8/256GB,,,Bandarhpmurah,Kota Jakarta Utara,3309000
OPPO A78 5G 8/128GB Garansi Resmi NFC,,,OBONG CELL,Kota Surabaya,3999000
SAMSUNG GALAXY S22+ 5G / s22 Plus- 256GB / 128GB BNIB ORIGINAL SEIN RESMI,5.0,1,RosanShop,Kota Pekanbaru,8990000
Redmi Note 11 Pro Garansi Resmi,,,Uyee Phone Store,Kab. Malang,3639000
REALME C11 2021 4/64gb 5000mah Massive Battery - GREY,,,BERKAT COMPUTER,Kota Jakarta Barat,1250000
Realme C65,,,Dukomsel Handphone,Kota Bandung,2470970
Realme C30S 3/32GB Garansi Resmi Indonesia,,,Apollo Gadget Store,Kota Surabaya,1399000
Tecno Pova 5 Pro 5G - 8GB/256GB,,,Komunika Sell,Kota Jakarta Selatan,2560000
XIAOMI POCO F3 8/256GB 6/128GB GARANSI RESMI XIAOMI INDONESIA TAM ORIGINAL,5.0,3,Honchi Celuller,Kota Tangerang,4499000
PROMO.. HP murah infinix Note 30 PRO 8/256gb//Note 30 8/256gb//GT 10 PRO 5G 8/256gb//hot 30i 8/128//HOT 20 5G//HOT 11s NFC//11 PLAY//hot 12 i//hot 10s/ HOT 20s//hot 20i /S/MART 6 GARANSI,,,Media Com,Kota Jakarta Barat,2745000
xiaomi redmi A3 4/128 Garansi resmi,5.0,0,Galeri-Hp 040595,Kota Jakarta Pusat,1198000
OPPO RENO 11 5G NFC ram 8+256 GB layar Amoled dimensity 7050  (imei terdaftar)  garansi 1 tahun resmi,,,Leon_cell99,Kab. Bogor,4295000
Handphone Xiaomi Poco F4 GT 5G ( Ram 12GB / 256GB ) - Garansi Resmi,,,Channel B,Kota Jakarta Pusat,7999000
Hp Asus Zenfone 9 Ram 8GB Internal 256GB BLK AI2202-1A06ID Garansi Resmi,,,wwponsel_hangtuah,Kota Pekanbaru,9700000
Apple iPhone 13,4.96583850931677,644,Digimap,Kota Jakarta Barat,10249000
"Evercoss X Luna G9 4/32 GB 6.39"" Punch Hole Display Garansi Resmi",5.0,10,EVERCOSS,Kota Jakarta Utara,999000
samsung s9 plus 128gb sein dual sim fullset,,,AGstore-agcelluler,Kota Tangerang,3999999
SAMSUNG GALAXY M22 6/128 - GARANSI RESMI,,,Hapeworld,Kota Banjarmasin,2775000
VIVO Y36 4G 8/256 - SNAPDRAGON 680 - LAYAR FULL HD,,,Mentari Cell,Kab. Madiun,2099000
"Realme C65 NFC 8GB / 256GB New Garansi Resmi , Bonus Aksesoris / hydrogel.",,,Grandivoo,Kab. Sidoarjo,2425000
Handphone Oppo A55 Ram 4/64 second masih mulus garansi resmi ORI Indonesia,,,Cantika amanah grup,Kab. Bogor,1850000
Realme C51 4+4*/128GB | 4+4*/64GB - 33W Charge | 50 MP AI Camera | NFC,,,ASK CELL,Kota Cimahi,1499000
REALME C30s RAM 3 ROM 32 ANDROID 12,5.0,8,Mentari Cell,Kab. Madiun,949000
INFINIX NOTE 40 8/256 NEW GARANSI RESMI,4.865248226950355,987,J3 SHOP,Kota Medan,2749000
Realme Not 50 Ram 4/128 GB unisog T612 Garansi 1 Tahun (imei terdaftar) hp original dan segel pengganti tipe C31,4.972477064220183,109,JIU_PHONCELL,Kab. Bogor,1345000
GOOGLE PIXEL 5A 5G MULUS NO MINUS SINYAL PERMANEN,4.75,8,MINION GADGET,Kota Jakarta Barat,1850000
Redmi Note 8 Ram 6/128 GB (Second Bergaransi),4.7272727272727275,11,HP SECOND JOSS,Kab. Serang,1000000
Infinix Note 40 Pro 5G 8/256 New Garansi Resmi,,,GadgetXpert,Kab. Purwakarta,3999000
Redmi 7 Ram 3/32 GB (Second Bergaransi),5.0,2,HP SECOND JOSS,Kab. Serang,700000
Tecno Spark 10 pro 8/256 8/128 Garansi resmi,5.0,24,Galeri-Hp 040595,Kota Jakarta Pusat,1789000
VIVO V29 & V29E 5G NFC 8/256 & 12/512 GARANSI RESMI [SNAPDRAGON 778G 6.78 INCH AMOLED 50MP CAMERA 4600MAH],4.709677419354839,31,Bintangempat Store,Kota Palembang,5349000
Vivo Y17s RAM 6/128GB Garansi resmi,,,Raja Ponsel Bandung,Kota Bandung,1799000
Infinix Hot 40i 8/256GB Garansi Resmi,,,GLOBAL TELESHOP OFFICIAL,Kota Jakarta Pusat,1699000
OPPO A38 (4GB+128GB) (6GB+128GB) - GARANSI RESMI,,,Duniagadgetku,Kota Jakarta Barat,1665000
Tecno POVA Neo 2  MT6769Z Helio G85 Garansi Resmi,5.0,10,JS ESTORE,Kota Jakarta Barat,1645000
Samsung Galaxy Tab S9 FE Wifi ram 6/128gb Garansi Resmi,,,Cv.Garden Cell,Kota Kediri,6240000
Xiaomi Redmi Note 12 Pro 5G Smartphone 8GB/256GB Garansi Resmi,,,GLOBAL TELESHOP OFFICIAL,Kota Jakarta Pusat,3699000
Samsung Galaxy A25 5G Smartphone Ram 8/128 Garansi Resmi,5.0,9,OBONG CELL,Kota Surabaya,3867760
Samsung Galaxy A15 LTE 8/256GB Garansi Resmi,5.0,1,Toko Lasvegas,Kota Surabaya,2950000
Samsung Galaxy M52 5G Garansi Resmi,,,sinergicell,Kota Surakarta (Solo),4495000
Xiaomi Redmi A2 (3GB/32GB) | (3GB/64GB),,,Simoncell Technology,Kota Pekanbaru,949000
Vivo V29 5G Ram 12 Rom 512GB,,,Tiga MutiaraOfficial,Kota Surabaya,5199000
Xiaomi POCO M5 4/64 RAM Garansi Resmi TAM,,,OBONG CELL,Kota Surabaya,1699000
Realme C30 4/64GB - 2/32GB,5.0,1,Alibabastore.id,Kota Malang,1199000
SAMSUNG GALAXY A25 5G - GARANSI RESMI ORIGINAL SAMSUNG,,,Dunia Aneka,Kota Jakarta Utara,3999000
XIAOMI REDMI NOTE 12 PRO 5G 8/256 GB GARANSI RESMI,,,SURYA HALIM PONSEL,Kota Medan,3875000
vivo Y27 5G (6/128) - 50MP Camera Garansi Resmi,5.0,1,Toko Lasvegas,Kota Surabaya,2700000
vivo V30 5G [8GB/256GB - 12GB/256GB] Snapdragon 7 Gen 3 - 50MP Dual Camera - 6.78” AMOLED - Fast Charging 80W Garansi Resmi 1 Tahun,,,Penabur,Kab. Bekasi,5383000
Realme 10 Pro Plus Ram 8GB+8GB Internal 128GB Baru Garansi Resmi 1Tahun,,,Gadgetsurabaya,Kota Surabaya,5999000
SAMSUNG GALAXY A15 4G & 5G NFC RAM 8/128GB | 8/256GB GARANSI RESMI TAM,,,Rajalaku Store.Id,Kab. Tangerang,2869000
Poco M6 Pro [8GB/256GB] Mediatek Helio G99 Ultra - 64MP OIS Triple Camera - NFC - Flow AMOLED - 67W Super Fast Charging Garansi Resmi 15 Bulan,5.0,1,Penabur,Kab. Bekasi,2993000
OPPO Reno 10 5G 8/256GB Garansi Resmi - Reno10 5G 256 GB not Reno 8 - 8/256 Promo,5.0,2,BERKAT COMPUTER,Kota Jakarta Barat,5500000
Oppo A18 4/128 Garansi Resmi bnib no repack,,,Galeri-Hp 040595,Kota Jakarta Pusat,1499000
SAMSUNG M14 5G 4/64 & 6/128 GB GARANSI RESMI,5.0,1,SURYA HALIM PONSEL,Kota Medan,1999000
HP OPPO RENO 2F 8/128 RAM 8GB ROM 128GB - OPPO RENO 2F 128GB - GARANSI RESMI OPPO,,,Wahana Komunikasi,Kota Jakarta Timur,3200000
Hp Vivo Y28 6/128GB 8/256GB Mediatek Helio G85 6000mAh Baterai Garansi Resmi 100% Original Bisa COD,5.0,23,DST HP,Kota Jakarta Utara,2195000
Vivo V27E Ram 8 Rom 256GB,5.0,1,Tiga MutiaraOfficial,Kota Surabaya,3199000
OPPO RENO 11F 5G RAM 8/256 GB GARANSI RESMI ORIGINAL,,,Ceria Ponsel,Kota Tangerang,4099000
Xiaomi Redmi 13C 8/256GB android,,,Yulia Mobilephone,Kota Semarang,1799000
Vivo V30 5G 8/256GB 12/512GB [Garansi Resmi Vivo Indonesia],,,Planetgadget Store,Kota Jakarta Timur,5999000
EVERCOSS M6A RAM 3/16GB GARANSI RESMI,5.0,1,Cv.Garden Cell,Kota Kediri,545000
Realme Note 50 4GB-128GB Garansi resmi Realme Indonesia 1 tahun,,,Cantika amanah grup,Kab. Bogor,1525000
Vivo Y100 5G 8/256GB 80W FlashCharge Snapdragon 4 Gen 2 Garansi Resmi | Vivo Y100 4G 8/256 GB,,,Grandivoo,Kab. Sidoarjo,3125000
Oppo a57 baru garansi resmi 1th,,,Cantika amanah grup,Kab. Bogor,2100000
Infinix Note 40 8/256GB-Helio G99-FHD+ Amoled 120Hz-Camera 108MP-NFC,,,UFO ELEKTRONIKA DAN FURNITURE,Kota Surabaya,2898000
"Xiaomi Redmi Note 12 Pro 4G [6GB+128GB - 8GB+256GB] Snapdragon 732G | 108MP Quad Camera | 6.67"" AMOLED | NFC | Li-Po 5000mAh | Garansi Xiaomi 15 Bulan",4.666666666666667,3,Penabur,Kab. Bekasi,3043000
Xiaomi Poco X6 Pro 5G 12/512GB Garansi Resmi,,,Cv.Garden Cell,Kota Kediri,5170000
Samsung Galaxy A35 5G 8/128GB 8/256GB Garansi Resmi,,,GLOBAL TELESHOP OFFICIAL,Kota Jakarta Pusat,4999000
ITEL A70 (4GB+128GB) - GARANSI RESMI,4.571428571428571,7,Duniagadgetku,Kota Jakarta Barat,1149000
REDMI 12C RAM 4/64 GB GARANSI RESMI BISA KREDIVO / PAYLATER,,,ardyzhn,Kota Surabaya,1350000
INFINIX GT20 PRO,,,Naga Cell Sidareja,Kab. Cilacap,4599000
Infinix Hot 40i 8/256 GB,5.0,2,Alibabastore.id,Kota Malang,1699000
"HP Tecno Pop 5 3/32 GB 8 MP Main Camera Battery 5000 mAh Layar 6.52 inc Android 11, HIOS 7.6 Garansi Resmi 1 Tahun - Bisa Cicil Tanpa Kartu Kredit",,,SelularMas,Kota Bogor,1295000
Xiaomi Redmi Note 13 8/256 GB Garansi Resmi,,,Willsoon_Store,Kota Jakarta Barat,3499000
HP ITEL 2173/HP JADUL MEREK ITEL/ HP GSM,,,DANcell Resmi,Kab. Nganjuk,199000
VIVO Y100 5G RAM 8/256 GB GARANSI RESMI ORIGINAL BISA KREDIVO / PAYLATER,,,ardyzhn,Kota Surabaya,3799000
Infinix Hot 40 Pro 8/256GB - Garansi Resmi 1 Tahun,,,DiamondCell,Kota Jakarta Barat,2114000
INFINIX HOT 20i 4/64Gb mulus bergaransi,,,FR Store Solo,Kab. Sukoharjo,1224000
VIVO V29 8/256GB GARANSI RESMI,,,hacom store surabaya,Kota Surabaya,5999000
OPPO A98 5G RAM 8/256GB GARANSI RESMI OPPO,5.0,1,OBONG CELL,Kota Surabaya,4299000
Tecno 20 Camon Premier 5G 8/512 GB Garansi Resmi,,,MetaCore,Kota Bandung,5200000
VIVO V29E 5G 8/256GB,,,Diamond Cell,Kota Bandung,3961000
SALE!!! Hp Android Maxtron V16 1/8GB Garansi Resmi,5.0,1,PD Kenari Mas,Kota Bandar Lampung,499888
Hp Samsung Galaxy M54 8/256GB Garansi Resmi Samsung,5.0,4,OBONG CELL,Kota Surabaya,6285760
Vivo V17 Pro Ram 8/128 GB (Second bergaransi),4.6,5,HP SECOND JOSS,Kab. Serang,1950000
TECNO POVA 4 NFC 8/128 RAM 8GB ROM 128GB GARANSI RESMI,,,Mobile Plaza Indonesia,Kota Bandung,2399000
Samsung Galaxy A14 LTE Garansi Resmi,5.0,1,Istana 928 Ponsel,Kota Balikpapan,2199000
Poco X3 GT 5G Ram 8/256 GB (Second Bergaransi),5.0,1,HP SECOND JOSS,Kab. Serang,2750000
realme 12 plus 5G 12/512GB - Garansi Resmi,,,Toko Lasvegas,Kota Surabaya,4999000
SAMSUNG GALAXY Z FLIP 3 FLIP3 5G [8/256 GB] GARANSI RESMI,,,Top Cellular Makassar,Kota Makassar,15999000
Samsung Galaxy A73 5G Garansi Resmi SEIN,,,PD Kenari Mas,Kota Bandar Lampung,7395888
Sony Xperia 5 Mark ii 8/128GB Super Mulus Like New Murah Bergaransi,,,Hapeku Semarang Shop,Kota Semarang,3750000
NEW! Infinix Note 12 8GB/256GB Helio G96 Ultra Gaming Processor Garansi Resmi (Gratis Ongkir - COD - Cicilan),5.0,1,Goeboek Mart,Kota Bandung,1999000
INFINIX ZERO 8 8/128,,,Naga Cell Sidareja,Kab. Cilacap,2499000
Xiaomi Poco M5 4GB/128GB  4GB/64GB Garansi Resmi - Grandivo,5.0,2,Grandivoo,Kab. Sidoarjo,1719000
Samsung Galaxy A24 4G RAM 8GB/128GB Garansi Resmi SEIN - Grandivo,,,Grandivoo,Kab. Sidoarjo,3003740
Samsung Galaxy M14  5G 6GB/128GB - Garansi Resmi,,,Ucell Cempaka,Kota Jakarta Timur,3249000
Aldo s11 2/16GB 4G lte garansi resmi,,,sarangponsel,Kota Jakarta Utara,599000
Vivo Y100 8/256GB 80W FlashCharge Snapdragon 685 100% Original Vivo Terbaru 2024 ori Garansi Resmi,4.944444444444445,18,DST HP,Kota Jakarta Utara,2943270
Infinix smart 8 pro Ram 8/128,,,Cantika amanah grup,Kab. Bogor,1800000
Handphone Samsung A10s second masih mulus garansi resmi ORI Indonesia,,,Cantika amanah grup,Kab. Bogor,975000
Handphone vivo y30/y30i Ram 4/64 masih mulus gransi resmi ori indonesia,,,CANTIKA AMANAH CELULLER,Kab. Bogor,1670000
NOTE 40 Pro 5G 8/256GB FastCharge2.0 + 20W 3D-Curved 120Hz AMOLED Display | Corning Gorilla Glass Bergaransi RESMI,5.0,1,Bandarhpmurah,Kota Jakarta Utara,3699000
Handphone Samsung a03 Ram 4/64 second masih mulus garansi resmi ORI Indonesia,,,Cantika amanah grup,Kab. Bogor,1280000
HP / HANDPHONE NOKIA 106 GRADE A 2018 BARU / NEW,,,kvstore899,Kota Jakarta Pusat,140000
itel S23 8+8/256 8+8/128 Garansi Resmi,4.956521739130435,23,Galeri-Hp 040595,Kota Jakarta Pusat,1248000
OPPO A5S RAM 8/256 GB,,,penjual laku aja,Kota Bandung,639000
Maxtron S9 X2 RAM 2GB ROM 8GB Waterdrop Garansi Resmi,4.454545454545454,22,antaboga phone,Kota Bandung,821000
Vivo Y03 4/64GB 4/128GB Terbaru Garansi Resmi Vivo Indonesia,5.0,5,Zabeela Store,Kota Bandung,1289000
Infinix Hot 40i,5.0,1,AGUNG CELL TASIKMALAYA,Kota Tasikmalaya,1799000
Realme C63,5.0,5,AGUNG CELL TASIKMALAYA,Kota Tasikmalaya,1999000
OPPO A5 2020 RAM 8/128 GB,4.391304347826087,23,penjual laku aja,Kota Bandung,1089000
INFINIX Hot 30i 8/128 Garansi Resmi,5.0,2,NPDJY_NAPIDOJ,Kota Malang,1549000
XIAOMI REDMI NOTE 13 PRO 5G RAM 8/256GB l BARU l GARANSI RESMI,,,ORLINSASHA,Kab. Jember,4399000
Xiaomi POCO X6 Pro 5G 12/512GB Garansi Resmi Dimensity 8300-Ultra 120Hz FIow AMOLED 67W Turbo Charge,5.0,1,Adiwerna DevStore,Kab. Tegal,5899000
XiaomiRedmi A3 4/128 Garansi Resmi,,,SOLID CELLULAR MEDAN,Kota Medan,1190000
Samsung Galaxy A54 [5G] 8/128GB & 8/256GB - Garansi Resmi 1 Tahun,4.826086956521739,23,Bintang Timur Selindo,Kota Jakarta Barat,4945000
"VIVO Y02T 4/64GB, Helio P35 Funtouch OS 13, 5000mAh - Garansi Resmi",,,EVOGAD,Kota Jakarta Barat,1219000
oppo A53 4/64 second,5.0,2,Trijaya Cellular ID,Kab. Garut,1400000
Samsung Galaxy A32 5G (8+128 GB) original bergaransi resmi seluruh indonesia,,,Rumah Gadget 0fficial,Kota Surabaya,3999000
INFINIX SMART 8,,,Naga Cell Sidareja,Kab. Cilacap,1149000
XIAOMI REDMI NOTE 8 TAM 4/64GB 3/32GB 6/128GB 4 64 3 32 6 128 GARANSI RESMI XIAOMI INDONESIA TAM ORIGINAL,,,Honchi Celuller,Kota Tangerang,1999000
"Oppo A58 LTE 6/128GB & 8/128GB | Helio G85, Android 13 | Garansi Resmi Oppo Indonesia",,,Cantika amanah grup,Kab. Bogor,2700000
ITEL P55 NFC,,,Naga Cell Sidareja,Kab. Cilacap,1499000
Samsung Galaxy A05s - 6GB/128GB,,,Komunika Sell,Kota Jakarta Selatan,2180000
OPPO A55 4/64 New Segel Garansi Resmi 1 Tahun,,,Pragusta Store,Kota Surabaya,1999000
SAMSUNG GALAXY  A12 [4/128GB] GARANSI RESMI,5.0,1,Top Cellular Makassar,Kota Makassar,2299000
Realme 12 5G 8/256GB Garansi Resmi,,,BandarHpNusantara,Kota Jakarta Utara,3309000
Samsung Galaxy S23 Ultra Ram 12/1TB (Second Bergaransi),,,HP SECOND JOSS,Kab. Serang,14990000
iQOO 11 5G 16/256 SNAPDRAGON GEN 2 GARANSI RESMI,,,Galeri-Hp 040595,Kota Jakarta Pusat,9498000
XIAOMI MI 10 RAM 8GB ROM 256GB 8/256GB GARANSI RESMI XIAOMI INDONESIA,,,Honchi Celuller,Kota Tangerang,9999000
OPPO Reno 11 Pro 5G 12/512GB Garansi Resmi Oppo Indonesia,,,Honchi Celuller,Kota Tangerang,9099000
VIVO X70 PRO 5G Ram 12/256GB Garansi Resmi Vivo Indonesia,,,GadgetOn Cell,Kota Bandar Lampung,11499000
Oppo Reno 10 5G Ram 8/256 GB (Second Bergaransi),5.0,1,HP SECOND JOSS,Kab. Serang,3899000
XIAOMI REDMI 10 RAM 4GB ROM 64GB / FULLSET TERMURAH,4.9,80,Mentari Cell,Kab. Madiun,1363000
[LIKE NEW] INFINIX ZERO 30 8/256 4G - 3D CURVED AMOLED SCREEN - 50MP FRONT VLOG CAMERA,5.0,2,Mentari Cell,Kab. Madiun,2599000
Handphone Vivo y16 second garansi resmi ori,5.0,9,Cantika amanah grup,Kab. Bogor,1300000
Handphone Samsung a13 Ram 6/128 second masih mulus garansi resmi ORI Indonesia,5.0,5,Cantika amanah grup,Kab. Bogor,1600000
Samsung Galaxy A15 4G 8/256GB | 8/128 Garansi Resmi Samsung,,,Ceria Ponsel,Kota Tangerang,2495000
Xiaomi Redmi Note 13 8/256GB - Garansi resmi,,,Cantika amanah grup,Kab. Bogor,2928000
VIVO Y22 RAM 4/64GB - 6/128GB NEW BNIB,,,Cantika amanah grup,Kab. Bogor,1399900
Handphone Oppo Reno 5 Ram 8/128Gb second masih mulus garansi resmi ORI Indonesia,,,Cantika amanah grup,Kab. Bogor,2850000
VIVO Y01 - RAM 2GB/ROM 32GB - FULLSET ORIGINAL RESMI |BISA COD|,5.0,38,Mentari Cell,Kab. Madiun,899000
VIVO HP vivo Y16 RAM 8GB/ROM 256GB - 5000mAh Ultra Fast Side Fingerprint (Garansi 1 Tahun) COD LTE,4.699029126213592,103,3SHOP6,Kota Jakarta Barat,1978000
"HP SAMSUNG A05 RAM 6GB+6GB / 128GB ,HELIO G85 ,CAM 50MP ,BATRAI 5000MAH, GARANSI RESMI 1TAHUN",5.0,14,Riawan_shop88,Kab. Bogor,1385000
"samsung A05 Ram 6+128 GB kamera 50 mp, helio G85 (imei terdaftar) garansi resmi 1 tahun",5.0,26,JIU_PHONCELL,Kab. Bogor,1385000
TECNO Spark 10 - Ram 16GB (8+8GB) / 128GB  - NFC - Garansi Resmi,4.875,8,NISFU GADGET,Kab. Sidoarjo,1399000
Xiaomi POCO X6 5G RAM 12/256GB Garansi Resmi,,,PutraMandiri Store,Kota Tegal,3879000
SAMSUNG GALAXY A23 6/128 GB NEW GARANSI RESMI,,,Ansori Cell,Kota Medan,2990000
Xiaomi Redmi Note 12 Pro 5G (8GB+5GB/256GB) Kamera 50MP SONY IMX766 OIS Dimensity 1080 120Hz P-OLED,,,ASK CELL,Kota Cimahi,4599000
TECNO Spark 20 Pro+ 8/256GB Garansi Resmi,,,hacom store surabaya,Kota Surabaya,2699000
Infinix Hot 30i 8/128GB – Up to 16GB Extended RAM – Helio G37 - 6.6” HD+ IPS – 50MP AI Camera - 5000 mAh,5.0,2,ASK CELL,Kota Cimahi,1499000
OPPO A16e [ 3/32GB ]SECOND - Blue,,,BERKAT COMPUTER,Kota Jakarta Barat,1200000
Samsung Galaxy A52s 5G Ram 8/256 GB (Second Bergaransi),,,HP SECOND JOSS,Kab. Serang,3300000
"Infinix Note 30 Pro 8/256GB NEW Langsung Dikirim, Garansi Resmi",3.0,2,Zabeela Store,Kota Bandung,2799000
VIVO V29 8/256GB GARANSI RESMI,,,OBONG CELL,Kota Surabaya,5999000
Tecno Spark 20c Nfc  8gb/128gb,,,Dukomsel Handphone,Kota Bandung,1549000
Vivo Y27S 8/128GB 6.64 Inch Garansi Resmi,,,ANDALAS CELLULAR,Kota Balikpapan,2399000
Realme C51 4GB+4GB | 128GB - NFC Garansi resmi,,,MEDIKOM_88,Kab. Cirebon,1749000
SAMSUNG A01 CORE RAM 1GB 2GB ROM 32GB 1/16GB 2/32GB GARANSI RESMI SEIN,,,Honchi Celuller,Kota Tangerang,999000
OPPO A58 6/128GB Garansi Resmi Indonesia,5.0,2,Apollo Gadget Store,Kota Surabaya,2399000
Oppo A98 5G 8/256Gb Garansi Resmi,,,GLOBAL TELESHOP OFFICIAL,Kota Jakarta Pusat,4499000
Vivo X50 Ram 8/128 - Garansi Resmi,,,Maju hardware Online Shop,Kota Madiun,5850000
XIAOMI POCO M4 PRO [6/128 GB] GARANSI RESMI,,,Top Cellular Makassar,Kota Makassar,2999000
virgie cell Huawei p40 pro ganti mei 2022 taun depan,,,virgie cell,Kota Bandung,8700000
Xiaomi Redmi Note 12 Pro 5G 8/256GB NO REPACK Garansi Resmi,,,Zabeela Store,Kota Bandung,3899000
INFINIX HOT 40 PRO RAM 8/256 GB GARANSI RESMI ORIGINAL BISA KREDIVO / PAYLATER,,,ardyzhn,Kota Surabaya,2175000
Xiaomi Redmi Note 12 4G 4/128GB,,,BandarHpNusantara,Kota Jakarta Utara,2599000
Poco X6 Pro 5G 12/512GB Garansi resmi xiaomi,,,lucky-drichdrew,Kota Medan,5508888
Samsung a12 Ram 6/128 mulus masih ori gransi resmi Indonesia,,,CANTIKA AMANAH CELULLER,Kab. Bogor,1725000
SAMSUNG M10 2/16GB GARANSI RESMI SEIN ORIGINAL FULL BONUS,,,Honchi Celuller,Kota Tangerang,1575000
Xiaomi redmi note 13 pro 5G 8/256 garansi resmi,,,Galeri-Hp 040595,Kota Jakarta Pusat,4398000
samsung s21 ultra 256gb,,,Istoree,Kota Bandung,15650000
Oppo Find N2 Flip 8/256GB Garansi Resmi Indonesia,,,Apollo Gadget Store,Kota Surabaya,14999000
